{
    "questions" : {
        "1" : {
            "question" : "I am able to complete the tasks that I set for a day",
            "type" : "text",
            "answers" : [
              {"text" : "Always", "score" : 0},
              {"text" : "Mostly", "score" : 1},
              {"text" : "Sometimes/Rarely", "score" : 2},
              {"text" :"Never", "score" :3}
            ]
        },
        "2" : {
            "question" : "I feel I’m living a well-balanced life (academic, relationships, personal growth, interests/hobbies)",
            "type" : "text",
            "answers" : [
              {"text" : "Always", "score" : 0},
              {"text" : "Mostly", "score" : 1},
              {"text" : "Sometimes/Rarely", "score" : 2},
              {"text" :"Never", "score" :3}
            ]
        },
        "3" : {
            "question" : "Most of my submissions get delayed, due to one reason or the other",
            "type" : "text",
            "answers" : [
              {"text" : "Always", "score" : 3},
              {"text" : "Mostly", "score" : 2},
              {"text" : "Sometimes/Rarely", "score" : 1},
              {"text" :"Never", "score" :0}
            ]
        },
        "4" : {
            "question" : "When I get into an argument or a fight with my friends or family members, I....",
            "type" : "text",
            "answers" : [
              {"text" : "Try to understand why we fought, then think of a possible solution to resolve the fight", "score" : 0},
              {"text" : "Share it with someone i trust because it calms me down.", "score" : 1},
              {"text" : "Do nothing much as things will settle down automatically", "score" : 2},
              {"text" :"Become very agitated or totally numb", "score" :3}
            ]
        },
        "5" : {
            "question" : "I would love to take a break from everything...",
            "type" : "text",
            "answers" : [
              {"text" : "For a day", "score" : 0},
              {"text" : "For a week", "score" : 1},
              {"text" :"For a month", "score" :2},
              {"text" :"For a year", "score" :3}
            ]
        },
        "6" : {
            "question" : "I feel that my talents are not recognized well enough in my college/class",
            "type" : "text",
            "answers" : [
              {"text" : "Always", "score" : 3},
              {"text" : "Mostly", "score" : 2},
              {"text" : "Sometimes/Rarely", "score" : 1},
              {"text" :"Never", "score" :0}
            ]
        },
        "7" : {
            "question" : "I don’t run out of pocket money as I manage my expenses well. My life is going good in that way",
            "type" : "text",
            "answers" : [
              {"text" : "Always", "score" : 0},
              {"text" : "Mostly", "score" : 1},
              {"text" : "Sometimes/Rarely", "score" : 2},
              {"text" :"Never", "score" :3}
            ]
        },
        "8" : {
            "question" : "I feel I am dealing well with my emotions",
            "type" : "text",
            "answers" : [
              {"text" : "Always", "score" : 0},
              {"text" : "Mostly", "score" : 1},
              {"text" : "Sometimes/Rarely", "score" : 2},
              {"text" :"Never", "score" :3}
            ]
        },
        "9" : {
            "question" : "I am able to manage my schedule well",
            "type" : "text",
            "answers" : [
              {"text" : "Always", "score" : 0},
              {"text" : "Mostly", "score" : 1},
              {"text" : "Sometimes/Rarely", "score" : 2},
              {"text" :"Never", "score" :3}
            ]
        },
        "10" : {
            "question" : "I can speak my mind assertively. I don’t need to be blunt",
            "type" : "text",
            "answers" : [
              {"text" : "Always", "score" : 0},
              {"text" : "Mostly", "score" : 1},
              {"text" : "Sometimes/Rarely", "score" : 2},
              {"text" :"Never", "score" :3}
            ]
        },
        "11" : {
            "question" : "I feel life is not fair",
            "type" : "text",
            "answers" : [
              {"text" : "Always", "score" : 3},
              {"text" : "Mostly", "score" : 2},
              {"text" : "Sometimes/Rarely", "score" : 1},
              {"text" :"Never", "score" :0}
            ]
        },
        "12" : {
            "question" : "I lose my calm with my peers or my family...",
            "type" : "text",
            "answers" : [
              {"text" : "At least once a day", "score" : 3},
              {"text" : "At least once a fortnight", "score" : 2},
              {"text" : "Once in a month or two", "score" : 1},
              {"text" :"Once in a blue moon", "score" :0}
            ]
        },
        "13" : {
            "question" : "I am able to handle difficult situations",
            "type" : "text",
            "answers" : [
              {"text" : "Always", "score" : 0},
              {"text" : "Mostly", "score" : 1},
              {"text" : "Sometimes/Rarely", "score" : 2},
              {"text" :"Never", "score" :3}
            ]
        },
        "14" : {
            "question" : "I bounce back from problems and failures",
            "type" : "text",
            "answers" : [
              {"text" : "Very fast", "score" : 0},
              {"text" : "Fast enough", "score" : 1},
              {"text" : "A little slowly, but I do", "score" : 2},
              {"text" :"It takes a long time", "score" :3}
            ]
        },
        "15" : {
            "question" : "I can find humor and laugh at myself even during tough times",
            "type" : "text",
            "answers" : [
              {"text" : "Always", "score" : 0},
              {"text" : "Mostly", "score" : 1},
              {"text" : "Sometimes/Rarely", "score" : 2},
              {"text" :"Never", "score" :3}
            ]
        },
        "16" : {
            "question" : "I work on correcting my mistakes",
            "type" : "text",
            "answers" : [
              {"text" : "Always", "score" : 0},
              {"text" : "Mostly", "score" : 1},
              {"text" : "Sometimes/Rarely", "score" : 2},
              {"text" :"Never", "score" :3}
            ]
        },
        "17" : {
            "question" : "I feel judged",
            "type" : "text",
            "answers" : [
              {"text" : "Always", "score" : 3},
              {"text" : "Mostly", "score" : 2},
              {"text" : "Sometimes/Rarely", "score" : 1},
              {"text" :"Never", "score" :0}
            ]
        },
        "18" : {
            "question" : "How I view myself in comparison to how others view me...",
            "type" : "text",
            "answers" : [
              {"text" : "I view myself like others view me, I am content", "score" : 0},
              {"text" : "I am slightly affected", "score" : 1},
              {"text" : "I constantly feel the pressure to improve myself", "score" : 2},
              {"text" :"I avoid situation where I will be judged", "score" :3}
            ]
        },
        "19" : {
            "question" : "I am confident",
            "type" : "text",
            "answers" : [
              {"text" : "Always", "score" : 0},
              {"text" : "Mostly", "score" : 1},
              {"text" : "Sometimes/Rarely", "score" : 2},
              {"text" :"Never", "score" :3}
            ]
        },
        "20" : {
            "question" : "I am comfortable with my friends",
            "type" : "text",
            "answers" : [
              {"text" : "Always", "score" : 0},
              {"text" : "Mostly", "score" : 1},
              {"text" : "Sometimes/Rarely", "score" : 2},
              {"text" :"Never", "score" :3}
            ]
        },
        "21" : {
            "question" : "Making and maintaining relationships is easy for me",
            "type" : "text",
            "answers" : [
              {"text" : "Always", "score" : 0},
              {"text" : "Mostly", "score" : 1},
              {"text" : "Sometimes/Rarely", "score" : 2},
              {"text" :"Never", "score" :3}
            ]
        },
        "22" : {
            "question" : "I usually find myself worried about my future and career choices",
            "type" : "text",
            "answers" : [
              {"text" : "Always", "score" : 3},
              {"text" : "Mostly", "score" : 2},
              {"text" : "Sometimes/Rarely", "score" : 1},
              {"text" :"Never", "score" :0}
            ]
        },
        "23" : {
            "question" : "I spend time thinking about sexual content (porn, masturbation, LGBT, sexual issues etc.)",
            "type" : "text",
            "answers" : [
              {"text" : "Always", "score" : 3},
              {"text" : "Mostly", "score" : 2},
              {"text" : "Sometimes/Rarely", "score" : 1},
              {"text" :"Never", "score" :0}
            ]
        },
        "24" : {
            "question" : "When I sit down to study, I end up spending maximum time on social media like FB, WhatsApp, Instagram, etc...",
            "type" : "text",
            "answers" : [
              {"text" : "Always", "score" : 3},
              {"text" : "Mostly", "score" : 2},
              {"text" : "Sometimes/Rarely", "score" : 1},
              {"text" :"Never", "score" :0}
            ]
        },
        "25" : {
            "question" : "I am confused about some or all of these - my career/relationship/academics/friends",
            "type" : "text",
            "answers" : [
              {"text" : "Always", "score" : 3},
              {"text" : "Mostly", "score" : 2},
              {"text" : "Sometimes/Rarely", "score" : 1},
              {"text" :"Never", "score" :0}
            ]
        },
        "26" : {
            "question" : "How do you handle excessive workload?",
            "type" : "input",
            "answers" : [{"text" : "Everyday", "score" : 1}]
        },
        "27" : {
            "question" : "What activity do you do when you need to de-stress?",
            "type" : "input",
            "answers" : [{"text" : "Everyday", "score" : 1}]
        },
        "28" : {
            "question" : "Describe a situation where you are stressed?",
            "type" : "input",
            "answers" : [{"text" : "Everyday", "score" : 1}]
        }
    }
}
