{
	"Square and Circle" :{
			"1":["> Become better at managing time and taking decisions"],
			"2":["> Become confident and assertive in social interactions"],
			"3":["> Handle stress better"]
	},
	"Square and Squiggle" :{
			"1":["> Become better at managing time and taking decisions"],
			"2":["> Become confident in social interactions"],
			"3":["> Become mindful of my thoughts and accept differences positively"]
	},
	"Square and Rectangle" :{
			"1":["> Become better at managing time and taking decisions"],
			"2":["> Become more confident in social interactions"],
			"3":["> Become mindful of my thoughts and handle difficult situations better"]
	},
	"Square and Triangle" :{
			"1":["> Become better at managing time and taking decisions"],
			"2":["> Become confident in social interactions"],
			"3":["> Should stop rushing and start enjoying the journey"]
	},
	"Square and Square" :{
			"1":["> Become better at managing time and taking decisions"],
			"2":["> Become confident in social interactions"],
			"3":["> Should start dealing with my mistakes constructively"]
	},
	"Circle and Circle" :{
			"1":["> Become more assertive "],
			"2":["> Become better at taking decisions"],
			"3":["> Become more confident and trust my own decisions"]
	},
	"Circle and Squiggle" :{
			"1":["> Become better at managing time and taking decisions"],
			"2":["> Become confident and assertive in social interactions"],
			"3":["> Become more focused and attentive"]
	},
	"Circle and Rectangle" :{
			"1":["> Become better at managing time and taking decisions"],
			"2":["> Become more confident and trust my own decisions"],
			"3":["> Become more mindful of my behaviour and deal with difficult situations effectively"]
	},
	"Circle and Triangle" :{
			"1":["> Become confident and assertive in social interactions"],
			"2":["> Should stop rushing and start enjoying the journey"],
			"3":["> Become more mindful of my behaviour and deal with difficult situations effectively"]
	},
	"Circle and Square" :{
			"1":["> Become confident and assertive in social interactions"],
			"2":["> Should start dealing with my mistakes constructively"],
			"3":["> Become more mindful of my behaviour and deal with difficult situations effectively"]
	},
	"Squiggle and Circle" :{
			"1":["> Become confident and assertive in social interactions"],
			"2":["> Become more organised and a better time manager"],
			"3":["> Become more mindful of my behaviour and deal with difficult situations effectively"]
	},
	"Squiggle and Squiggle" :{
			"1":["> Become more focused and attentive"],
			"2":["> Become more organised and a better time manager"],
			"3":["> Become more mindful about my thoughts and behaviour"]
	},
	"Squiggle and Rectangle" :{
			"1":["> Become more focused and attentive"],
			"2":["> Become more organised and a better time manager"],
			"3":["> Become more mindful of my behaviour and deal with difficult situations effectively"]
	},
	"Squiggle and Triangle" :{
			"1":["> Become more focused and attentive and be more organised"],
			"2":["> Become more mindful of my behaviour and deal with difficult situations effectively"],
			"3":[">Should stop rushing and start enjoying the journey"]
	},

	"Squiggle and Square" :{
			"1":["> Become more focused and attentive and be more organised"],
			"2":["> Become more mindful of my behaviour and deal with difficult situations effectively"],
			"3":["> Should start dealing with my mistakes constructively"]
	},
	"Rectangle and Circle" :{
			"1":["> Become confident and assertive in social interactions"],
			"2":["> Become more organised and a better time manager"],
			"3":["> Become more mindful of my behaviour and deal with difficult situations effectively"]
	},
	"Rectangle and Squiggle" :{
			"1":["> Become more focused and attentive"],
			"2":["> Become more organised and a better time manager"],
			"3":["> Become more mindful of my behaviour and deal with difficult situations effectively"]
	},
	"Rectangle and Rectangle" :{
			"1":["> Become confident and assertive in social interactions"],
			"2":["> Become more organised and a better time manager"],
			"3":["> Become more mindful of my behaviour and deal with difficult situations effectively"]
	},
	"Rectangle and Triangle" :{
			"1":["> Become confident and assertive in social interactions"],
			"2":[">Should stop rushing and start enjoying the journey"],
			"3":["> Become more mindful of my behaviour and deal with difficult situations effectively"]
	},
	"Rectangle and Square" :{
			"1":["> Become confident and assertive in social interactions"],
			"2":["> Should start dealing with my mistakes constructively"],
			"3":["> Become more mindful of my behaviour and deal with difficult situations effectively"]
	},
	"Triangle and Circle" :{
			"1":["> Become confident and assertive in social interactions"],
			"2":["> Become more confident and trust my own decisions"],
			"3":["> Become more mindful of my behaviour and deal with difficult situations effectively"]
	},
	"Triangle and Squiggle" :{
			"1":["> Become confident and assertive in social interactions"],
			"2":["> Become more organised and a better time manager"],
			"3":["> Become more mindful of my behaviour and deal with difficult situations effectively"]
	},
	"Triangle and Rectangle" :{
			"1":["> Become confident and assertive in social interactions"],
			"2":["> Should start dealing with my mistakes constructively."],
			"3":["> Become more mindful of my behaviour and deal with difficult situations effectively"]
	},
	"Triangle and Triangle" :{
			"1":["> Become more mindful about my thoughts and behaviour"],
			"2":["> Should start dealing with my mistakes constructively "],
			"3":["> Should stop rushing and start enjoying the journey "]
	},
	"Triangle and Square" :{
			"1":["> Become confident and assertive in social interactions"],
			"2":["> Become more organised and a better time manager"],
			"3":["> Become more mindful of my behaviour and deal with difficult situations effectively"]
	}
}