{
    "falseShape"    :   {   
                        "header": "Result Will be seen on signup",
                        "header2": "Result Will be seen on signup", 
                        "first" :   [
                                    "Hi there! The detailed results are exclusively offered to YourDOST users, and therefore, it will really be great if you could log in – you’ll be able to see the results as soon as you do. Meanwhile, it's obvious that you know code well enough to reach here, and we like that! Would you like to come work with us and take YourDOST to further heights? If so, send in your resume to hack@yourdost.com."
                                ],
                        "second" :   [
                                    "Result Will be seen on signup"
                                ],
                        "riddleAnswer": "Result Will be seen on signup"
                    }
}