{
    "Circle"    :   {   
                        "header": "What it means - in a line: \"I'll do it - somebody has to!\"",
                        "header2": "Things you can do to be more effective:", 
                        "first" :   [
                                    "Circles can easily \"read\" people, identifying in a minute the pretender or cheater",
                                    "They do not always make the best managers because they think about people, and not business. They try to please everyone, trying to keep peace and sometimes tend not to take a firm position or undertake unpopular measures",
                                    "Circles are often dominated by stronger personalities (like Triangles). If there's a conflict, the Circle is usually the first to give in.",
                                    "They like to get multiple opinions before making a decision.",
                                    "Their greatest fear is poor performance., which would mean a loss of identity to them. Under stress they lock down.",
                                    "They are accommodating and nurturing. Circles often serve as the \"glue\" hat unites a working team or family together, and sabilizes it.",
                                    "They are \"too nice\" and can't say no. They are better at caring for others, than caring for themselves"
                                ],
                        "second" :   [
                                    "Learn how to say NO where needed...and mean it! Otherwise, people might take advantage of your goodness",
                                    "Worry less about what other people do and think about you.",
                                    "Learn to hold others accountable, don't take it all on yourself.",
                                    "Learn how to make unpopular decisions when necessary.. you don't always have to do what others will like.",
                                    "Give yourself permission to do something for yourself.. be yourself!"
                                ],
                        "imageUrl": "https://d1hny4jmju3rds.cloudfront.net/shape_test/smileyShapes/circle.png"
                    },

    "Triangle"  :   {
                        "header": "What it means - in a line: \"So, what's your point??!\"",
                        "header2": "Things you can do to be more effective:", 
                        "first" :   [
                                    "A Triangle is constantly competing with other people. A dominating result in any type of event is a success and victory. A Triangle likes recognition and may put stock in status symbols",
                                    "Triangles don't like to not be right; it is hard for them to say they made a mistake. Even if somebody objected to a Triangle’s decision, they would do it their own way. They tend to be very outspoken and love to debate and argue",
                                    "Triangles have confidence in themselves and don't hesitate to tell everyone else the way the world is.",
                                    "They want everything and everybody centered around themselves. Without it, their life will lose its sense.",
                                    "They have powerful voices; love to tell jokes and play as hard as they work."
                                
                                ],
                        "second" :   [
                                    "Slow down, and don't be in a hurry to move ahead all the time. enjoy the journey more.",
                                    "Develop more interest in the opinions of others, hear others out. May be you will get different perspective on a task or problem.",
                                    "Give people a little more room to come on board, include others in your life and workroom.",
                                    "Learn to have more fun. Competition is good, but, have some good time too.",
                                    "Be more aware of your impact on others because the competitive nature might hurt others at times."
                                ],
                        "imageUrl": "https://d1hny4jmju3rds.cloudfront.net/shape_test/smileyShapes/triangle.png"
                    }, 

    "Square"    :   {
                        "header": "What it means - in a line: \"Give me a job and a deadline and I’ll get it done!\"",
                        "header2": "These are the things you can do to become more effective:",
                        "first" :   [
                                    "Squares are very hardworking people.",
                                    "Characterized by the habit to do everything up to the end, and they are committed enough to finish what they start. There is a strong Intolerance for sloppy work.",
                                    "Endurance and patience shall make you a highly qualified specialist in your field of activities.",
                                    "There is a the desire to get more and more information.",
                                    "Can be good learners and give any information one asks for, in no time.",
                                    "Very good with analysis and logical reasoning."

                                ],
                        "second" :   [
                                    "Be a little less picky with people",
                                    "Create your own routines",
                                    "Allow yourself to make a few mistakes so you don’t limit your opportunities. It is okay to not want to be wrong, but, try to work without extreme perfection too.",
                                    "Learn to make decisions with less data also. Avoid temptation to keep collecting more and more information as it might not be feasible in certain situations where quicker decisions are to be made.",
                                    "Try taking more risks and acting spontaneously"
                                ],
                        "imageUrl": "https://d1hny4jmju3rds.cloudfront.net/shape_test/smileyShapes/box.png"
                    },

    "Rectangle" :   {
                        "header": "What it means - in a line: \"Am figuring things out always.\"",
                        "header2": "Things you can do to be more effective:",
                        "first" :   [
                                    "Yours is the only shape that is not frozen. You cause confusion in the people in your life because you change from day to day. All people go through rectangular periods when they are in a state of change.",
                                    "You are a seeker and an explorer and the most receptive of the shapes to new learning. You are always searching for ways in which you want to grow and change. You ask \"Who am I? What is the world about?\"",
                                    "The Rectangle is often in a transitory phase before"
                                ],
                        "second" :   [
                                    "Recognize that you are in a period of transition and thus are extremely vulnerable and prone to manipulation. Try to avoid making any hasty or drastic decisions",
                                    "Think about contracting or working from home, to give yourself the flexibility and variety that you need during this period of transition.",
                                    "Make a conscious effort to become more organized and dependable.",
                                    "Pay attention to your impact on others and try to channelize it to make it positive."
                                ],
                        "imageUrl": "https://d1hny4jmju3rds.cloudfront.net/shape_test/smileyShapes/rectangle.png"
                    },

    "Squiggle"  :   {
                        "header": "What it means - in a line: \"I just got the greatest idea!!\"",
                        "header2": "These are things you can do to become more effective:",
                        "first" :   [
                                    "Your shape symbolizes creativeness and is the most unique out of the five, being the only shape that is not closed.",
                                    "Squiggles are likely to be multi-task oriented. Usually have high energy and are likely to do many things at once….actually getting them done, however, is another issue!",
                                    "There is no compulsion to stick to norms and boundaries. Like a child who often colors trees purple, leaves yellow and the sky green!",
                                    "Like to try new and different things and are easily bored with the same-old routine and tasks.",
                                    "They are visionaries who are always thinking of new ways to do something. They enjoy breaking the rules.",
                                    "They are flamboyant, dramatic and extremely creative. Most performers and writers are Squiggles."
                                ],
                        "second" :   [
                                    "Slow down and pay better attention to the details",
                                    "Focus on the task at hand. Work on completing projects that are left half-finished.",
                                    "Think before you speak and act so the decisions are not regretted later.",
                                    "Pay attention to your impact on others since not everyone is a squiggle and might not have the same energy you have."
                                ],
                        "imageUrl": "https://d1hny4jmju3rds.cloudfront.net/shape_test/smileyShapes/squiggle.png"
                    },

    "RiddleAnswer": {
                        "firstSentence" :   "Wondering about the riddle? That was asked to give a 'break' to your mind",
                        "secondSentence" :   "The answer is: ",
                        "answer": "\"Billy\"" 
                    },

    "TalkToCounselor":  {
                            "firstSentence" :   "Hope you had fun knowing more about your personality",
                            "secondSentence" :   "If you need more help around personaltiy development or any other topic" 
                        }

}