{
    "fired2firedup" : {
        "initLoad" : {
            "exists" : true,
            "urls" : [
                    {
                        "name" : "packages",
                        "url" : "/packages"
                    },
                    {
                        "name" : "articles",
                        "url" :"http://yourdost.com/blog/api/get_recent_posts"
                    }
                ]
        },
        "banner" :{
            "visibility" : true,
            "content" : {
                "follow": true,
                "bgClr" : "#FFF",
                "bgImg" : "https://d1hny4jmju3rds.cloudfront.net/fired2firedup_banner.jpg",
                "hashTag": "#Fired2FiredUp",
                "partners" : {
                    "visibility" : true,
                    "icons" : ["https://d1hny4jmju3rds.cloudfront.net/f2f/exotel_final_logo.gif", "https://d1hny4jmju3rds.cloudfront.net/f2f/Kelly_356.jpg"]
                },
                "header" : "You too can make <strong>your big comeback </strong> with little help.",
                "subHeader" : "Getting fired hurts. But getting fired up and building a career you'll be proud of will liberate you. Our top career coaches & expert counselors will help you achieve that and more. So quit worrying, start talking and help us help you.",
                "cta" : {
                    "bgClr" : "#524498",
                    "text" : "talk to a career expert <i class='mdi mdi-chevron-right'></i>",
                    "hyperlink" : false,
                    "action" : {
                        "url" : "",
                        "type" : "chat"
                    }
                },
                "fImg" : ""
            }
        },
        "notify" : {
            "visibility" : true,
            "content" : {
                "bgClr" : "#524498",
                "imgUrl" : "https://d1hny4jmju3rds.cloudfront.net/fired2firedup_phone.png",
                "header" : "Our free career helpline is now up & running*. Call <span style='color:#fbd346;'>18001201322</span> to start talking to career experts right now.",
                "subHeader" : "*Available till July 1st from 9 A.M to 8 P.M",
                "cta" : {
                    "bgClr" : "#F9DD78",
                    "text" : "notify me",
                    "hyperlink" : false,
                    "action" : {
                        "url" : "/subscribe",
                        "type" : "api"
                    }
                },
                "input":{
                    "visibility" : true,
                    "subHeader" : ""
                }
            }
        },
        "stories":{
            "visibility" : true,
            "content" : {
                "bgClr" : "#FFF",
                "header":"Real People, Real Stories",
                "category" : "",
                "fileName" : "stories",
                "cta" : {
                    "bgClr" : "#F6F6F6",
                    "text" : "Go To Stories Page",
                    "hyperlink" : true,
                    "action" : {
                        "url" : "/blog/tag/laidoffstories",
                        "type" : "link"
                    }
                }
            }
        },
        "submitStory" : {
            "visibility" : true,
            "content" : {
                "bgClr" : "#EEE",
                "imgUrl" : "https://s3-ap-southeast-1.amazonaws.com/yourdost-images/who_depression_day/depression-lp-strip1-icon-163x163.png",
                "header" : "Got laid off, but got back on your feet?",
                "subHeader" : "Share your story. it'll bring hope to others who are out of a job.",
                "input" : {
                    "visibility" : false,
                    "subHeader" : ""
                },
                "cta" : {
                    "bgClr" : "#524498",
                    "text" : "SUBMIT YOUR STORY",
                    "hyperlink" : true,
                    "action" : {
                        "url" : "/career/fired2firedup/share-your-story",
                        "type" : "link"
                    }
                }
            }
        },
        "packages" : {
            "visibility" : true,
            "content" : {
                "bgClr" : "#FFF",
                "category" : false,
                "ids" :[13,14,15],
                "header" : "Programs",
                "url" : "/packages"
            }
        },
        "chat" : {
            "visibility" : true,
            "content" : {
                "bgClr" : "#F9DD78",
                "imgUrl" : "https://d1hny4jmju3rds.cloudfront.net/who_depression_day/lp/depression-lp-strip2-icon-163x163-2.png",
                "header" : "With the right help, you can overcome your career challenges.",
                "subHeader" : "Talk to our top Career Experts and work your way to a fulfilling professional life.",
                "cta" : {
                    "bgClr" : "#302664",
                    "text" : "talk now",
                    "hyperlink" : false,
                    "action" : {
                        "url" : "",
                        "type" : "chat"
                    }
                },
                "input":{
                    "visibility" :false
                }

            }
        },
        "articles" : {
            "visibility" : true,
            "content" : {
                "bgClr" : "#FFF",
                "header" : "Articles & Videos",
                "category" : "",
                "redirectUrl" : "http://yourdost.com/blog/tag/laidoffcontent",
                "url" :"http://yourdost.com/blog/api/get_recent_posts"
            }
        },
        "referals" : {
            "visibility" : true,
            "content" : {
                "bgClr" : "#EEE",
                "imgUrl" : "https://d1hny4jmju3rds.cloudfront.net/who_depression_day/lp/depression-lp-strip3-icon-163x163.png",
                "header" : "Help a friend regain their confidence.",
                "subHeader" : "Know a friend who lost their job? You can help us help them.",
                "cta" : {
                    "bgClr" : "#524498",
                    "text" : "REFER YOUR FRIEND NOW",
                    "hyperlink" : true,
                    "action" : {
                        "url" : "/help-a-friend",
                        "type" : "link"
                    }
                },
                "input":{
                    "visibility" :false
                }
            }
        },
        "stats" : {
            "visibility" : true,
            "content" : {
                "bgClr" : "#FFF",
                "header" : "Getting Fired Didn't Stop Them",
                "fileName" : "gallery"
            }
        },
        "getInTouch" : {
            "visibility" : true,
            "content" : {
                "bgClr" : "#EEE",
                "imgUrl" : "https://d1hny4jmju3rds.cloudfront.net/fired2firedup_notify.png",
                "header" : "",
                "subHeader" : "Are you an <strong> employer </strong> looking to make layoffs less stressful?",
                "cta" : {
                    "bgClr" : "#524498",
                    "text" : "get in touch with us",
                    "hyperlink" : true,
                    "action" : {
                        "url" : "https://www.surveymonkey.com/r/ZMTSSXF",
                        "type" : "link"
                    }
                },
                "input":{
                    "visibility" :false
                }
            }
        },
        "metaData" : {
            "title" : "Fired to Fired Up - A YourDOST Initiative.",
            "description" : "YourDOST's top career coaches & expert counselors are here to help you overcome your career challenges. Call our free helpline: <Number>.",
            "imgUrl" : "https://d1hny4jmju3rds.cloudfront.net/fired2firedup_banner.jpg"
        },
        "mixpanel" : {
            "eventName" : "Fired2FiredUp"
        },
        "shareYourStory":{
            "visibility" :true,
            "content" : {
                "header" : "#Fired2FiredUp - Share Your Story",
                "subHeader" : "YourDOST invites you to share your experience during the recent layoffs, and help others going through the same, feel less stressed about it.",
                "qDesc" : "Tell us a little about the events that lead to you being asked to leave your company. (100- 600 words)",
                "qDescPlaceholder" : "",
                "qDeal" : "How did you cope with it?",
                "qDealPlaceholder" : "",
                "storiesUrl" : "http://yourdost.com/blog/tag/laidoffstories",
                "cta" : "share your story",
                "metaData" : {
                    "title" : "#Fired2FiredUp - Share Your Story | YourDOST",
                    "description" : "YourDOST invites you to share your experience during the layoffs and make yourself heard while getting professional help from career coaches and expert counselors.",
                    "imageUrl" : "https://d1hny4jmju3rds.cloudfront.net/fired2firedup_banner.jpg"
                }
            }
        },
        "footer" : {
            "visibility" : true
        }
    }
}
