{

	"posts" : [
		{
			"id" : 1,
            "imageUrl" : "https://d1hny4jmju3rds.cloudfront.net/f2f/f2fu-articles-psychologistsurvivinglayoffs-640x350.jpg",
            "mobImageUrl" : "https://d1hny4jmju3rds.cloudfront.net/f2f/f2fu-articles-psychologistsurvivinglayoffs-450x450.jpg",
            "url" : "http://yourdost.com/blog/2017/06/psychological-effects-of-losing-a-job.html",
			"descriptor" : "",
			"name" : "",
			"excerpt" :"",
			"title" :"5 Psychological Stages Of A Layoff – D.A.B.D.A",
			"type": "post"
		},
		{
			"id" : 2,
			"imageUrl" : "https://d1hny4jmju3rds.cloudfront.net/f2f/f2fu-articles-handyrecruitertips-640x350.jpg",
            "mobImageUrl" : "https://d1hny4jmju3rds.cloudfront.net/f2f/f2fu-articles-handyrecruitertips-450x450.jpg",
			"url" : "http://yourdost.com/blog/2017/06/recruiter-tips-on-how-to-ace-your-job-hunt-post-layoff.html",
			"descriptor" : "",
			"name" : "",
			"excerpt" :"",
			"title" :"9 Tips From a Top Recruiter On How To Ace Your Job Hunt Post-Layoff",
			"type": "post"
		},
		{
			"id" : 3,
			"imageUrl" : "https://d1hny4jmju3rds.cloudfront.net/f2f/f2fu-articles-openletter-640x350.jpg",
            "mobImageUrl" : "https://d1hny4jmju3rds.cloudfront.net/f2f/f2fu-articles-openletter-450x450.jpg",
			"url" : "http://yourdost.com/blog/2017/06/the-stigma-of-layoffs.html",
			"descriptor" : "",
			"name" : "",
			"excerpt" :"",
			"title" :"The Stigma of Layoffs and How to Fight It",
			"type": "post"
		},
		{
			"id" : 4,
			"imageUrl" : "https://d1hny4jmju3rds.cloudfront.net/f2f/f2fu-articles-survivalguidelayoffs-640x350.jpg",
            "mobImageUrl" : "https://d1hny4jmju3rds.cloudfront.net/f2f/f2fu-articles-survivalguidelayoffs-450x450.jpg",
			"url" : "http://yourdost.com/blog/2017/06/being-prepared-for-a-layoff.html",
			"descriptor" : "",
			"name" : "",
			"excerpt" :"",
			"title" :"Shall We Be Prepared For A Future Layoff/ Firing? – A Psychologist Explains",
			"type": "post"
		},
		{
			"id" : 5,
			"imageUrl" : "https://d1hny4jmju3rds.cloudfront.net/f2f/f2fu-articles-howtobounceback-640x350.jpg",
            "mobImageUrl" : "https://d1hny4jmju3rds.cloudfront.net/f2f/f2fu-articles-howtobounceback-450x450.jpg",
			"url" : "http://yourdost.com/blog/2017/06/steps-to-bounce-back-from-a-layoff.html",
			"descriptor" : "",
			"name" : "",
			"excerpt" :"",
			"title" :"12 Simple Steps from a Career Expert To Bounce Back from a Layoff",
			"type": "post"
		},
		{
			"id" : 6,
			"imageUrl" : "https://d1hny4jmju3rds.cloudfront.net/f2f/1080.jpg",
            "mobImageUrl" : "https://d1hny4jmju3rds.cloudfront.net/f2f/stevejobs.jpg",
			"url" : "http://yourdost.com/blog/2017/06/getting-fired-didnt-stop-steve-jobs.html",
			"descriptor" : "",
            "videoUrl" : "https://www.youtube.com/embed/Bkgn8N5hm1Y",
			"name" : "",
			"excerpt" :"",
			"title" :"The Story of Steve Jobs – The Comeback King",
			"type": "video"
		}
	]
}
