{

	"images" : [
		{
			"id" : 1,
			"imageUrl" : "https://d1hny4jmju3rds.cloudfront.net/f2f/f2fu1.jpg",
			"url" : "https://www.youtube.com/embed/-IXkKz8RDtk",
			"descriptor" : "",
			"name" : "Shailaja",
			"excerpt" :"It shouldn't stop you either. Talk to career coaches on YourDOST and build a career you'll be proud of.",
			"title" :"Getting fired didn't stop Steve Jobs.",
			"mins_read": "12 mins read"
		},
		{
			"id" : 2,
			"imageUrl" : "https://d1hny4jmju3rds.cloudfront.net/f2f/f2fu2.jpg",
			"url" : "https://www.youtube.com/embed/Xxl9ZyoVOhc",
			"descriptor" : "",
			"name" : "Ajinkya Kohle",
			"excerpt" :"It shouldn't stop you either. Talk to career coaches on YourDOST and build a career you'll be proud of.",
			"title" :"Getting fired didn't stop Walt Disney.",
			"mins_read": "9 mins read"
		},
		{
			"id" : 3,
			"imageUrl" : "https://d1hny4jmju3rds.cloudfront.net/f2f/f2fu3.jpg",
			"url" : "https://www.youtube.com/embed/M4HvR6qgqzE",
			"descriptor" : "",
			"name" : "Anonymous",
			"excerpt" :"It shouldn't stop you either. Talk to career coaches on YourDOST and build a career you'll be proud of. ",
			"title" :"Getting fired didn't stop Mark Cuban.",
			"mins_read": "5 mins read"
		},{
			"id" : 4,
			"imageUrl" : "https://d1hny4jmju3rds.cloudfront.net/f2f/f2fu4.jpg",
			"url" : "https://www.youtube.com/embed/7AsGX5yD0zI",
			"descriptor" : "",
			"name" : "Shailaja",
			"excerpt" :"It shouldn't stop you either. Talk to career coaches on YourDOST and build a career you'll be proud of.",
			"title" :"Getting fired didn't stop J.K. Rowling.",
			"mins_read": "3 mins read"
		},
		{
			"id" : 5,
			"imageUrl" : "https://d1hny4jmju3rds.cloudfront.net/f2f/f2fu5.jpg",
			"url" : "https://www.youtube.com/embed/vb_uFWBy16k",
			"descriptor" : "",
			"name" : "Ajinkya Kohle",
			"excerpt" :"It shouldn't stop you either. Talk to career coaches on YourDOST and build a career you'll be proud of. ",
			"title" :"Getting fired didn't stop Edison.",
			"mins_read": "12 mins read"
		},
		{
			"id" : 6,
			"imageUrl" : "https://d1hny4jmju3rds.cloudfront.net/f2f/f2fu6.jpg",
			"url" : "this-is-what-google-did-when-she-searched-how-to-commit-suicide",
			"descriptor" : "",
			"name" : "Anonymous",
			"excerpt" :"It shouldn't stop you either. Talk to career coaches on YourDOST and build a career you'll be proud of.",
			"title" :"Getting fired didn't stop Madonna.",
			"mins_read": "12 mins read"
		},
		{
			"id" : 7,
			"imageUrl" : "https://d1hny4jmju3rds.cloudfront.net/f2f/f2fu7.jpg",
			"url" : "https://www.youtube.com/embed/-IXkKz8RDtk",
			"descriptor" : "",
			"name" : "Shailaja",
			"excerpt" :"It shouldn't stop you either. Talk to career coaches on YourDOST and build a career you'll be proud of.",
			"title" :"Getting fired didn't stop Lee Iacocca.",
			"mins_read": "12 mins read"
		},
		{
			"id" : 8,
			"imageUrl" : "https://d1hny4jmju3rds.cloudfront.net/f2f/f2fu8.jpg",
			"url" : "https://www.youtube.com/embed/Xxl9ZyoVOhc",
			"descriptor" : "",
			"name" : "Ajinkya Kohle",
			"excerpt" :"It shouldn't stop you either. Talk to career coaches on YourDOST and build a career you'll be proud of. ",
			"title" :"Getting fired didn't stop Lady Gaga.",
			"mins_read": "9 mins read"
		},
		{
			"id" : 9,
			"imageUrl" : "https://d1hny4jmju3rds.cloudfront.net/f2f/f2fu9.jpg",
			"url" : "https://www.youtube.com/embed/M4HvR6qgqzE",
			"descriptor" : "",
			"name" : "Anonymous",
			"excerpt" :"It shouldn't stop you either. Talk to career coaches on YourDOST and build a career you'll be proud of.",
			"title" :"Getting fired didn't stop Jerry Seinfeld.",
			"mins_read": "5 mins read"
		},{
			"id" : 10,
			"imageUrl" : "https://d1hny4jmju3rds.cloudfront.net/f2f/f2fu10.jpg",
			"url" : "https://www.youtube.com/embed/7AsGX5yD0zI",
			"descriptor" : "",
			"name" : "Shailaja",
			"excerpt" :"It shouldn't stop you either. Talk to career coaches on YourDOST and build a career you'll be proud of.",
			"title" :"Getting fired didn't stop Oprah Winfrey.",
			"mins_read": "3 mins read"
		}
	]
}
