{

	"stories" : [
		{
			"id" : 1,
			"imageUrl" : "http://yourdost-blog-images.s3-ap-southeast-1.amazonaws.com/wp-content/uploads/2017/06/20103238/f2fu-story-laidoffforyear-cover-1250x654.jpg",
			"mobileImageUrl" : "http://yourdost-blog-images.s3-ap-southeast-1.amazonaws.com/wp-content/uploads/2017/06/20103238/f2fu-story-laidoffforyear-cover-1250x654.jpg",
			"url" : "http://yourdost.com/blog/2017/06/things-i-learnt-from-my-layoff.html",
			"descriptor" : "",
			"name" : "",
			"excerpt" :"",
			"title" :"I Was Unemployed For An Year After Getting Laid Off – This Is What I Learnt",
			"mins_read": "7 min read"
		},
		{
			"id" : 2,
			"imageUrl" : "http://yourdost-blog-images.s3-ap-southeast-1.amazonaws.com/wp-content/uploads/2017/06/20104544/f2fu-story-firedunfairlylegalhelp-cover-1250x654.jpg",
			"mobileImageUrl" : "http://yourdost-blog-images.s3-ap-southeast-1.amazonaws.com/wp-content/uploads/2017/06/20104544/f2fu-story-firedunfairlylegalhelp-cover-1250x654.jpg",
			"url" : "http://yourdost.com/blog/2017/06/legal-help-after-getting-fired.html",
			"descriptor" : "",
			"name" : "",
			"excerpt" :"I Fought My Unfair Layoff Legally & I Won – Here Are Things You All Should Know",
			"title" :"I Fought My Unfair Layoff Legally & I Won – Here Are Things You All Should Know",
			"mins_read": "10 mins read"
		},
		{
			"id" : 3,
			"imageUrl" : "http://yourdost-blog-images.s3-ap-southeast-1.amazonaws.com/wp-content/uploads/2017/06/20102251/f2fu-story-firedfromdreamjob-cover-1250x654.jpg",
			"mobileImageUrl" : "http://yourdost-blog-images.s3-ap-southeast-1.amazonaws.com/wp-content/uploads/2017/06/20102251/f2fu-story-firedfromdreamjob-cover-1250x654.jpg",
			"url" : "http://yourdost.com/blog/2017/06/fired-because-of-office-politics.html",
			"descriptor" : "",
			"name" : "",
			"excerpt" :"Zafrin’s Tough Time With Family & Boyfriends",
			"title" :"I Was Falsely Labelled As A Non-Performer And Fired Because Of Office Politics",
			"mins_read": "5 mins read"
		},
		{
			"id" : 4,
			"imageUrl" : "http://yourdost-blog-images.s3-ap-southeast-1.amazonaws.com/wp-content/uploads/2017/06/20130632/f2fu-story-laidofffromfirstjob-cover-1250x6541.jpg",
			"mobileImageUrl" : "http://yourdost-blog-images.s3-ap-southeast-1.amazonaws.com/wp-content/uploads/2017/06/20130632/f2fu-story-laidofffromfirstjob-cover-1250x6541.jpg",
			"url" : "http://yourdost.com/blog/2017/06/love-your-work-not-workplace.html",
			"descriptor" : "",
			"name" : "",
			"excerpt" :"Don’t Leave Depression to Destiny. Rather Seek Help, Says Hari",
			"title" :"My First Layoff Taught Me To Love My Work And Not My Workplace",
			"mins_read": "6 mins read"
		}
	]
}
