{
	"low" : {

		"header" : "low",
		"sub-header" : "Your compatibility score is less than <span class='lc-w-no'>40%</span>",
		"cta" : "CHAT WITH EXPERTS FOR FREE",
		"footer" : "The best part is that all of this is absolutely FREE! Sounds Interesting?",
		"imageUrl" : "https://s3-ap-southeast-1.amazonaws.com/yourdost-images/loveQuiz/3.jpg",
		"min-height" :"250px",
		"position" : "-90px",
		"content" : {

			"p1" : "Looks like you need to work on your relationship. Your relationship needs more communication, trust and mutual respect. Right now, your relationship is not in the best state but it can definitely be improved.",
			"p2" : "As Valentine’s day is around the corner, it would be a great idea to renew your bond..",
			"p3" : "Wondering what you should really do to improve your love-life? Talk to our relationship experts and get the best advice."
		}
	},
	"moderate" : {

		"header" : "moderate",
		"sub-header" : "<span class='lc-w-txt'>Woohoo! <br/></span> Your compatibility score is greater than <span class='lc-w-no'>50%</span>",
		"cta" : "CHAT WITH EXPERTS FOR FREE",
		"footer" : "The best part is that all of this is absolutely FREE! Sounds Interesting?",
		"imageUrl" : "https://s3-ap-southeast-1.amazonaws.com/yourdost-images/loveQuiz/Couple+Enjoying.jpg",
		"min-height" : "250px",
		"position" : "-90px",
		"content" : {

			"p1" : "Your relationship is going in the right direction, but there are still some things that need ironing out between you two. You both should work towards more communication, trust and mutual respect. You could also find more ways to make you and your partner happy.",
			"p2" : "As Valentine’s day is around the corner, it is a great idea to renew your romance.",
			"p3" : "Wondering what you should exactly do to make your love-life better? Talk to our relationship experts and get the best advice."
		}
	},
	"high" : {

		"header" : "high!",
		"sub-header" : "<span class='lc-w-txt'>Woohoo! <br/></span> Your compatibility score is greater than <span class='lc-w-no'>80%</span>",
		"cta" : "CHAT WITH EXPERTS FOR FREE",
		"footer" : "",
		"min-height" : "220px",
		"position" : "-20x",
		"imageUrl" : "https://s3-ap-southeast-1.amazonaws.com/yourdost-images/loveQuiz/1.jpg",
		"content" : {
			"p1" : "Your relationship has a great blend of good communication, trust and mutual respect. You fight fair and solve them amicably. You enjoy spending time together.. In a true sense, you complete each other and  make efforts to keep each other happy. ",
			"p2" : "As Valentine’s day is around the corner, it would be a great idea to express your affection again.",
			"p3" : "Wondering what you should do to make sure that they feel special and loved? Talk to our relationship experts and get the best advice."
		}
	}
}