{
    "questions" : {
        "1" : {
            "question" : "How often do you fight?",
            "type" : "text",
            "answers" : [{"text" : "Everyday", "score" : 1},{"text" : "Never", "score" : 2}, {"text" :"Sometimes", "score" :3}]
        },
        "2" : {
            "question" : "Which picture defines you two most closely?",
            "type" : "image",
            "answers" : [
                { 
                    "image" : "https://s3-ap-southeast-1.amazonaws.com/yourdost-images/loveQuiz/Q2a.png",
                    "text" : "We fight a lot",
                    "score" : 1
                }, 
                {
                   "image": "https://s3-ap-southeast-1.amazonaws.com/yourdost-images/loveQuiz/Q2b.png",
                   "text" : "We lead distinct lives",
                   "score" : 2
                },
                {
                    "image": "https://s3-ap-southeast-1.amazonaws.com/yourdost-images/loveQuiz/Q2c.png",
                    "text" : "We enjoy being with each other",
                    "score" : 3
                }
            ]
        },
        "3" : {
            "question" : "How much do you trust each other?",
            "type" : "image",
            "answers" : [
                { 
                    "image" : "https://s3-ap-southeast-1.amazonaws.com/yourdost-images/loveQuiz/Q3a.png",
                    "text" : "You can’t trust anyone completely!",
                    "score" : 1
                }, 
                {
                   "image": "https://s3-ap-southeast-1.amazonaws.com/yourdost-images/loveQuiz/Q3b.png",
                   "text" : "I trust my partner totally",
                   "score" : 3
                },
                {
                    "image": "https://s3-ap-southeast-1.amazonaws.com/yourdost-images/loveQuiz/Q3c.png",
                    "text" : "May be he is hiding something?",
                    "score" : 2
                }
            ]
        },
        "4" : {
            "question" : "How do you both take decisions?",
            "type" : "image",
            "answers" : [
                { 
                    "image" : "https://s3-ap-southeast-1.amazonaws.com/yourdost-images/loveQuiz/Q4a.png",
                    "text" : "Both of us don’t like taking a decision",
                    "score" : 2
                }, 
                {
                   "image": "https://s3-ap-southeast-1.amazonaws.com/yourdost-images/loveQuiz/Q4b.png",
                   "text" : "One of us takes all decisions, completely",
                   "score" : 1
                },
                {
                    "image": "https://s3-ap-southeast-1.amazonaws.com/yourdost-images/loveQuiz/Q4c.png",
                    "text" : "We do it together",
                    "score" : 3
                }
            ]
        },
        "5" : {
            "question" : "What is your communication pattern like?",
            "type" : "image",
            "answers" : [
                { 
                    "image" : "https://s3-ap-southeast-1.amazonaws.com/yourdost-images/loveQuiz/Q5a.png",
                    "text" : "Actually, we don’t talk much",
                    "score" : 2
                }, 
                {
                   "image": "https://s3-ap-southeast-1.amazonaws.com/yourdost-images/loveQuiz/Q5b.png",
                   "text" : "We talk less, argue more",
                   "score" : 1
                },
                {
                    "image": "https://s3-ap-southeast-1.amazonaws.com/yourdost-images/loveQuiz/Q5c.png",
                    "text" : "We talk and discuss happily",
                    "score" : 3
                }
            ]
        },
        "6" : {
            "question" : "In your relationship, you are most similar to-",
            "type" : "image",
            "answers" : [
                { 
                    "image" : "https://s3-ap-southeast-1.amazonaws.com/yourdost-images/loveQuiz/Q6a.png",
                    "text" : "Totally in love" ,
                    "score" : 3
                }, 
                {
                   "image": "https://s3-ap-southeast-1.amazonaws.com/yourdost-images/loveQuiz/Q6b.png",
                   "text" : "Fight, get back, fight again",
                   "score" : 2
                },
                {
                    "image": "https://s3-ap-southeast-1.amazonaws.com/yourdost-images/loveQuiz/Q6c.png",
                    "text" : "No commitments please",
                    "score" : 1
                }
            ]
        }
    }
}