{
  "questions": {
    "1": {
      "question": "According to the Govt. of India, how many people need counselling either psychological or psychiatric?",
      "type": "text",
      "answers": [
        {
          "text": "1 in 5",
          "score": 1
        },
        {
          "text": "1 in 10",
          "score": 0
        },
        {
          "text": "1 in 2",
          "score": 0
        },
        {
          "text": "1 in 1200",
          "score": 0
        }
      ]
    },
    "2": {
      "question": "Which of these is a common symptom of schizophrenia?",
      "type": "text",
      "answers": [
        {
          "text": "Violent behaviour",
          "score": 0
        },
        {
          "text": "Split personality",
          "score": 0
        },
        {
          "text": "Hallucinations & delusions",
          "score": 1
        },
        {
          "text": "Kleptomania",
          "score": 0
        }
      ]
    },
    "3": {
      "question": "Which Indian celebrity famously revealed their battle with Clinical Depression publicly in 2015?",
      "type": "text",
      "answers": [
        {
          "text": "Amitabh Bachchan ",
          "score": 0
        },
        {
          "text": "Deepika Padukone",
          "score": 1
        },
        {
          "text": "Kangana Ranaut",
          "score": 0
        },
        {
          "text": "Ranbir Kapoor",
          "score": 0
        }
      ]
    },
    "4": {
      "question": "Which historical figure suffered from Depression and called it his 'Black Dog'?",
      "type": "text",
      "answers": [
        {
          "text": "Mahatma Gandhi ",
          "score": 0
        },
        {
          "text": "Winston Churchill",
          "score": 1
        },
        {
          "text": "Adolf Hitler",
          "score": 0
        },
        {
          "text": "John F Kennedy",
          "score": 0
        }
      ]
    },
    "5": {
      "question": "According to the WHO, how many people in India suffer from Clinical Depression?",
      "type": "text",
      "answers": [
        {
          "text": "Less than 10,000 ",
          "score": 0
        },
        {
          "text": "Around 25 lacs",
          "score": 0
        },
        {
          "text": "Just over 5.6 crore",
          "score": 1
        },
        {
          "text": "Exactly 1.3 crore",
          "score": 0
        }
      ]
    },
    "6": {
      "question": "Which of these statements is the most accurate about people suffering from OCD?",
      "type": "text",
      "answers": [
        {
          "text": "People with OCD just like things to be clean and tidy",
          "score": 0
        },
        {
          "text": "Everyone is a little bit OCD",
          "score": 0
        },
        {
          "text": "People with OCD experience frequent obsessional thoughts, often followed by repetitive compulsions or impulses.",
          "score": 1
        },
        {
          "text": "People with OCD are perfectionists",
          "score": 0
        }
      ]
    },
    "7": {
      "question": "How many incidences of suicide occur in India on average, according to the latest figures by the National Crimes Record Bureau?",
      "type": "text",
      "answers": [
        {
          "text": "371 per day",
          "score": 1
        },
        {
          "text": "2 per day",
          "score": 0
        },
        {
          "text": "401 per month",
          "score": 0
        },
        {
          "text": "9 per week",
          "score": 0
        }
      ]
    },
    "8": {
      "question": "Who're most likely to get a mental illness?",
      "type": "text",
      "answers": [
        {
          "text": "Poor, uneducated people",
          "score": 0
        },
        {
          "text": "Anyone",
          "score": 1
        },
        {
          "text": "People with stressful jobs",
          "score": 0
        },
        {
          "text": "Young adults (<25 years old)",
          "score": 0
        }
      ]
    },
    "9": {
      "question": "Post-traumatic stress disorder (PTSD) is:",
      "type": "text",
      "answers": [
        {
          "text": "A one-time reaction to a very difficult experience.",
          "score": 0
        },
        {
          "text": "A panic disorder.",
          "score": 0
        },
        {
          "text": "A disorder experienced mostly by armed forces personnel after serving in a warzone",
          "score": 0
        },
        {
          "text": "A recurring anxiety disorder resulting from the trauma of an unexpected, shattering event.",
          "score": 1
        }
      ]
    },
    "10": {
      "question": "According to a study conducted by Assocham, what proportion of corporate employees suffer from Depression and/or Anxiety?",
      "type": "text",
      "answers": [
        {
          "text": "92.70%",
          "score": 0
        },
        {
          "text": "42.50%",
          "score": 1
        },
        {
          "text": "17.20%",
          "score": 0
        },
        {
          "text": "2.60%",
          "score": 0
        }
      ]
    },
    "11": {
      "question": "According to the WHO, how many people in India suffer from Anxiety Disorders?",
      "type": "text",
      "answers": [
        {
          "text": "Less than 10,000",
          "score": 0
        },
        {
          "text": "Around 3.8 crore",
          "score": 1
        },
        {
          "text": "Just over 5.6 crore",
          "score": 0
        },
        {
          "text": "Exactly 1.3 crore",
          "score": 0
        }
      ]
    },
    "12": {
      "question": "How are mental disorders best treated?",
      "type": "text",
      "answers": [
        {
          "text": "Medical intervention and psychotherapy/counselling",
          "score": 1
        },
        {
          "text": "Shock therapy",
          "score": 0
        },
        {
          "text": "Psychotherapy/counselling alone",
          "score": 0
        },
        {
          "text": "They're untreatable",
          "score": 0
        }
      ]
    },
    "13": {
      "question": "What does a person with bipolar disorder experience?",
      "type": "text",
      "answers": [
        {
          "text": "Extreme shifts in body temperature from hot to cold",
          "score": 0
        },
        {
          "text": "Mood swings from one extreme to another",
          "score": 1
        },
        {
          "text": "Sexual attraction to both men and women",
          "score": 0
        },
        {
          "text": "None of these",
          "score": 0
        }
      ]
    },
    "14": {
      "question": "Agoraphobia is the fear of ____________",
      "type": "text",
      "answers": [
        {
          "text": "Spiders",
          "score": 0
        },
        {
          "text": "Open Spaces",
          "score": 1
        },
        {
          "text": "Heights",
          "score": 0
        },
        {
          "text": "Snakes",
          "score": 0
        }
      ]
    },
    "15": {
      "question": " Which of these is NOT a symptom of attention deficit hyperactivity disorder (ADHD)?",
      "type": "text",
      "answers": [
        {
          "text": "Lack of focus",
          "score": 0
        },
        {
          "text": "Impulsive behaviour",
          "score": 0
        },
        {
          "text": "Fidgety behaviour",
          "score": 0
        },
        {
          "text": "Sleepiness",
          "score": 1
        }
      ]
    },
    "16": {
      "question": "Fidget spinners have been shown to help in the treatment of attention deficit hyperactivity disorder (ADHD)",
      "type": "text",
      "answers": [
        {
          "text": "Yes, and there is scientific proof for that",
          "score": 0
        },
        {
          "text": "There is no scientific proof for that",
          "score": 1
        },
        {
          "text": "No",
          "score": 0
        },
        {
          "text": "It helps when combined with medical intervention",
          "score": 0
        }
      ]
    },
    "17": {
      "question": "What mental illness do many criminals suffer from?",
      "type": "text",
      "answers": [
        {
          "text": "Schizophrenia",
          "score": 0
        },
        {
          "text": "Bipolar disorder",
          "score": 0
        },
        {
          "text": "Antisocial personality disorder",
          "score": 1
        },
        {
          "text": "Split personality disorder",
          "score": 0
        }
      ]
    },
    "18": {
      "question": "Which phobia is the fear of heights?",
      "type": "text",
      "answers": [
        {
          "text": "Acrophobia",
          "score": 1
        },
        {
          "text": "Altophobia",
          "score": 0
        },
        {
          "text": "Agoraphobia",
          "score": 0
        },
        {
          "text": "Hemophobia",
          "score": 0
        }
      ]
    },
    "19": {
      "question": "Mental disorders in most cases, are a consequence of ______________",
      "type": "text",
      "answers": [
        {
          "text": "Bad parenting",
          "score": 0
        },
        {
          "text": "Genetics",
          "score": 1
        },
        {
          "text": "Personal weakness",
          "score": 0
        },
        {
          "text": "Lack of wealth",
          "score": 0
        }
      ]
    },
    "20": {
      "question": "Which of these, when experienced for a prolonged period, might be a symptom of having a mental health problem?",
      "type": "text",
      "answers": [
        {
          "text": "Low self-esteem",
          "score": 1
        },
        {
          "text": "Frequently falling sick",
          "score": 0
        },
        {
          "text": "Frequent headaches",
          "score": 0
        },
        {
          "text": "Laughing too much",
          "score": 0
        }
      ]
    },
    "21": {
      "question": "Which of these is the irrational fear of being without your mobile phone or being unable to use your phone for some reason?",
      "type": "text",
      "answers": [
        {
          "text": "Mobilophobia",
          "score": 0
        },
        {
          "text": "Cellphobia",
          "score": 0
        },
        {
          "text": "Nomophobia",
          "score": 1
        },
        {
          "text": "Fomophobia",
          "score": 0
        }
      ]
    },
    "22": {
      "question": "Which of the following are symptoms of an anxiety disorder known as panic disorder?",
      "type": "text",
      "answers": [
        {
          "text": "Chest pains",
          "score": 0
        },
        {
          "text": "Dizziness",
          "score": 0
        },
        {
          "text": "Stomach problems",
          "score": 0
        },
        {
          "text": "All of the above",
          "score": 1
        }
      ]
    },
    "23": {
      "question": "Which of the following are not associated with Depression?",
      "type": "text",
      "answers": [
        {
          "text": "Back pain",
          "score": 0
        },
        {
          "text": "Kidney stones",
          "score": 1
        },
        {
          "text": "Stomach upset",
          "score": 0
        },
        {
          "text": "Headache",
          "score": 0
        }
      ]
    },
    "24": {
      "question": "Mental health is defined as:",
      "type": "text",
      "answers": [
        {
          "text": "A constant feeling of contentment",
          "score": 0
        },
        {
          "text": "Achieving a period of 12-18 months without a psychotic episode",
          "score": 0
        },
        {
          "text": "Striking a balance in all aspects of your life - social, physical, spiritual, economic, mental",
          "score": 1
        },
        {
          "text": "Constantly feeling happy",
          "score": 0
        }
      ]
    },
    "25": {
      "question": "Social phobia is:",
      "type": "text",
      "answers": [
        {
          "text": "An excessive fear of social or performance situations",
          "score": 1
        },
        {
          "text": "A resistance to gatherings of more than 5 people",
          "score": 0
        },
        {
          "text": "A dislike of hosting social get-togethers",
          "score": 0
        },
        {
          "text": "Excessive introversion",
          "score": 0
        }
      ]
    },
    "26": {
      "question": "'Manic' depression is :",
      "type": "text",
      "answers": [
        {
          "text": "Another name for Bipolar Disorder",
          "score": 1
        },
        {
          "text": "Another name for Schizophrenia",
          "score": 0
        },
        {
          "text": "Another name for Clinical Depression",
          "score": 0
        },
        {
          "text": "Another name for suffering from Anxiety disorder & Depression",
          "score": 0
        }
      ]
    },
    "27": {
      "question": "Which famous singer has publicly spoken about their struggle with Bipolar disorder?",
      "type": "text",
      "answers": [
        {
          "text": "Shaan",
          "score": 0
        },
        {
          "text": "Udit Narayan",
          "score": 0
        },
        {
          "text": "Arijit Singh",
          "score": 0
        },
        {
          "text": "Yo Yo Honey Singh",
          "score": 1
        }
      ]
    },
    "28": {
      "question": "A phobia is a form of ______",
      "type": "text",
      "answers": [
        {
          "text": "Anxiety disorder",
          "score": 1
        },
        {
          "text": "Psychotic disorder",
          "score": 0
        },
        {
          "text": "Personality disorder",
          "score": 0
        },
        {
          "text": "It's not a type of mental disorder",
          "score": 0
        }
      ]
    },
    "29": {
      "question": "Which of these comedians have publicly spoken about their battle with Depression?",
      "type": "text",
      "answers": [
        {
          "text": "Robin Williams",
          "score": 0
        },
        {
          "text": "Jim Carrey",
          "score": 0
        },
        {
          "text": "Louis CK",
          "score": 0
        },
        {
          "text": "All of these",
          "score": 1
        }
      ]
    },
    "30": {
      "question": "Which famous mathematician suffered from Schizophrenia and was the subject of the Hollywood movie \"A Beautiful Mind\"?",
      "type": "text",
      "answers": [
        {
          "text": "Srinivasa Ramanujan ",
          "score": 0
        },
        {
          "text": "John Nash",
          "score": 1
        },
        {
          "text": "Alan Turing",
          "score": 0
        },
        {
          "text": "Joseph Fourier",
          "score": 0
        }
      ]
    },
    "31": {
      "question": "Which movie had Bradley Cooper playing the role of a person suffering from Bipolar Disorder?",
      "type": "text",
      "answers": [
        {
          "text": "Limitless",
          "score": 0
        },
        {
          "text": "The Hangover",
          "score": 0
        },
        {
          "text": "Silver Linings Playbook",
          "score": 1
        },
        {
          "text": "Aloha",
          "score": 0
        }
      ]
    },
    "32": {
      "question": "A psychologist is trained to :",
      "type": "text",
      "answers": [
        {
          "text": "Provide counselling/therapy",
          "score": 1
        },
        {
          "text": "Prescribe medication",
          "score": 0
        },
        {
          "text": "Prescribe medication & provide counselling/therapy",
          "score": 0
        },
        {
          "text": "None of these",
          "score": 0
        }
      ]
    },
    "33": {
      "question": "Postpartum depression can affect:",
      "type": "text",
      "answers": [
        {
          "text": "New fathers",
          "score": 0
        },
        {
          "text": "New mothers",
          "score": 0
        },
        {
          "text": "New fathers & new mothers",
          "score": 1
        },
        {
          "text": "Newborn children",
          "score": 0
        }
      ]
    },
    "34": {
      "question": "What is mindfulness?",
      "type": "text",
      "answers": [
        {
          "text": "Process of filling ones mind full of thoughts",
          "score": 0
        },
        {
          "text": "Process of bringing one's attention to experiences that have occured in the past",
          "score": 0
        },
        {
          "text": "Process of bringing one's attention to plans for the future",
          "score": 0
        },
        {
          "text": "Process of bringing one's attention to experiences occurring in the present moment",
          "score": 1
        }
      ]
    },
    "35": {
      "question": "CBT is a very effective form of therapy that focuses on the development of personal coping strategies that target solving current problems and changing unhelpful patterns in cognitions, behaviors, and emotional regulation. What does CBT stand for?",
      "type": "text",
      "answers": [
        {
          "text": "Cognitive Behavioural Therapy",
          "score": 1
        },
        {
          "text": "Clinical Behavioural Training",
          "score": 0
        },
        {
          "text": "Calculative Balance Therapy",
          "score": 0
        },
        {
          "text": "Capacity Boosting Therapy",
          "score": 0
        }
      ]
    },
    "36": {
      "question": "PMR is a method of deep muscle relaxation that is used as an effective technique to relax the mind and cope with anxiety. What does PMR stand for",
      "type": "text",
      "answers": [
        {
          "text": "Psychological Muscle Rendition",
          "score": 0
        },
        {
          "text": "Psychotherapeutic Muscle Reaction",
          "score": 0
        },
        {
          "text": "Physical Muscle Relaxation",
          "score": 0
        },
        {
          "text": "Progressive Muscle Relaxation",
          "score": 1
        }
      ]
    },
    "37": {
      "question": "When one feels overwhelmed with thoughts, an effective method to cope is Grounding. What does Grounding refer to?",
      "type": "text",
      "answers": [
        {
          "text": "Standing barefeet on the ground below you",
          "score": 0
        },
        {
          "text": "Working to connect yourself with the present moment",
          "score": 1
        },
        {
          "text": "Focusing on the ground below you",
          "score": 0
        },
        {
          "text": "None of these",
          "score": 0
        }
      ]
    },
    "38": {
      "question": "A technique that is used to for short term relief from anxiety is diaphragmatic breathing. What does it mean?",
      "type": "text",
      "answers": [
        {
          "text": "Deep breathing which is a natural and relaxed form of breathing in all mammals",
          "score": 1
        },
        {
          "text": "Shallow breathing focussing on the expansion and contraction of the diaphragm",
          "score": 0
        },
        {
          "text": "Shallow breathing which is a natural and relaxed form of breathing in all mammals",
          "score": 0
        },
        {
          "text": "A technique where you focus on your breathing without actually changing it in any way",
          "score": 0
        }
      ]
    },
    "39": {
      "question": "What is talk therapy?",
      "type": "text",
      "answers": [
        {
          "text": "Talking to a friend or family member when in need of support",
          "score": 0
        },
        {
          "text": "Just another word for psychotherapy",
          "score": 1
        },
        {
          "text": "Therapy involving talking to yourself to identify the cause of your issue",
          "score": 0
        },
        {
          "text": "None of these",
          "score": 0
        }
      ]
    },
    "40": {
      "question": "Who is considered as the father of modern psychology?",
      "type": "text",
      "answers": [
        {
          "text": "Sigmund Freud",
          "score": 1
        },
        {
          "text": "Ivan Pavlov",
          "score": 0
        },
        {
          "text": "Carl Jung",
          "score": 0
        },
        {
          "text": "Erich Fromm",
          "score": 0
        }
      ]
    },
    "phone": {
      "question": "Please enter your phone number. We'll contact you here, if you are the lucky winner of the YourDOST Happiness Box.",
      "type": "input",
      "answers": [
        {
          "text": "Enter Phone Number",
          "score": 0
        }
      ]
    }
  }
}
