[
	{
		"imageUrl" : "https://d1hny4jmju3rds.cloudfront.net/emotionalWellness/thumb.png",
		"title":"Emotional Wellness Test For Students",
		"url" : "https://www.playbuzz.com/gregs/what-is-your-subconscious-obsessed-with?feed=true&src=http://www.playbuzz.com/gregs/what-is-your-subconscious-obsessed-with&comments=undefined&divId=div0&articleCanonicalUrl=http%3A%2F%2Fyourdost.com%2Fblog%2F2016%2F02%2Fa-simple-test-that-reveals-your-subconscious-biggest-obsession.html&width=640&height=auto&recommend=false&game=gregs/what-is-your-subconscious-obsessed-with&key=yourdost.com&useShares=false&useComments=false&gameInfo=false&provider=WordPress 4.4.2-3&links=&social=true&socialReferrer=false&pageLoadTrackerId=60771384136751300&shouldTrackLoading=false&parentHost=yourdost.com&parentUrl=http%3A%2F%2Fyourdost.com%2Fblog%2F2016%2F02%2Fa-simple-test-that-reveals-your-subconscious-biggest-obsession.html&referral=http%3A%2F%2Fyourdost.com%2Fblog%2F",
		"content" : "As a student, you would agree that tests are a major stress-inducers. But all tests don't have to be that way. Here's a test that won't stress you but will tell you just how stressed you are.",
		"page"	  : "/emotional-wellness-test",
		"mixpanel-itemName": "Emotional Wellness Test"
	},
	{
		"imageUrl" : "https://s3-ap-southeast-1.amazonaws.com/yourdost-images/loveQuiz/valentines-quiz-thumbnail.png",
		"title":"Are You & Your Partner Compatible?",
		"url" : "https://www.playbuzz.com/gregs/what-is-your-subconscious-obsessed-with?feed=true&src=http://www.playbuzz.com/gregs/what-is-your-subconscious-obsessed-with&comments=undefined&divId=div0&articleCanonicalUrl=http%3A%2F%2Fyourdost.com%2Fblog%2F2016%2F02%2Fa-simple-test-that-reveals-your-subconscious-biggest-obsession.html&width=640&height=auto&recommend=false&game=gregs/what-is-your-subconscious-obsessed-with&key=yourdost.com&useShares=false&useComments=false&gameInfo=false&provider=WordPress 4.4.2-3&links=&social=true&socialReferrer=false&pageLoadTrackerId=60771384136751300&shouldTrackLoading=false&parentHost=yourdost.com&parentUrl=http%3A%2F%2Fyourdost.com%2Fblog%2F2016%2F02%2Fa-simple-test-that-reveals-your-subconscious-biggest-obsession.html&referral=http%3A%2F%2Fyourdost.com%2Fblog%2F",
		"content" : "Compatibility is important to be happy in a relationship. Take this quiz and find out how compatible you and your partner are.",
		"page"	  : "/love-compatibility-quiz",
		"mixpanel-itemName": "Love Compatibility Quiz"
	},
	{
		"imageUrl" : "https://d1hny4jmju3rds.cloudfront.net/habitometer/habitometerCard/habit-o.png",
		"title":"YOUR INTERNET HABIT-O-METER",
		"url" : "https://www.playbuzz.com/gregs/what-is-your-subconscious-obsessed-with?feed=true&src=http://www.playbuzz.com/gregs/what-is-your-subconscious-obsessed-with&comments=undefined&divId=div0&articleCanonicalUrl=http%3A%2F%2Fyourdost.com%2Fblog%2F2016%2F02%2Fa-simple-test-that-reveals-your-subconscious-biggest-obsession.html&width=640&height=auto&recommend=false&game=gregs/what-is-your-subconscious-obsessed-with&key=yourdost.com&useShares=false&useComments=false&gameInfo=false&provider=WordPress 4.4.2-3&links=&social=true&socialReferrer=false&pageLoadTrackerId=60771384136751300&shouldTrackLoading=false&parentHost=yourdost.com&parentUrl=http%3A%2F%2Fyourdost.com%2Fblog%2F2016%2F02%2Fa-simple-test-that-reveals-your-subconscious-biggest-obsession.html&referral=http%3A%2F%2Fyourdost.com%2Fblog%2F",
		"content" : "Worried that you're becoming too addicted to the internet? Answer these questions to see what the Habit-o-Meter tells you!",
		"page"	  : "/habitometer",
		"mixpanel-itemName": "Habit O Meter"
	},
	{

		"imageUrl" : "https://d1hny4jmju3rds.cloudfront.net/selfHelpHolderPage/innate_nature/innate-2.png",
		"title":"DISCOVER YOUR INNATE NATURE",
		"url" : "https://www.playbuzz.com/gregs/what-is-your-subconscious-obsessed-with?feed=true&src=http://www.playbuzz.com/gregs/what-is-your-subconscious-obsessed-with&comments=undefined&divId=div0&articleCanonicalUrl=http%3A%2F%2Fyourdost.com%2Fblog%2F2016%2F02%2Fa-simple-test-that-reveals-your-subconscious-biggest-obsession.html&width=640&height=auto&recommend=false&game=gregs/what-is-your-subconscious-obsessed-with&key=yourdost.com&useShares=false&useComments=false&gameInfo=false&provider=WordPress 4.4.2-3&links=&social=true&socialReferrer=false&pageLoadTrackerId=60771384136751300&shouldTrackLoading=false&parentHost=yourdost.com&parentUrl=http%3A%2F%2Fyourdost.com%2Fblog%2F2016%2F02%2Fa-simple-test-that-reveals-your-subconscious-biggest-obsession.html&referral=http%3A%2F%2Fyourdost.com%2Fblog%2F",
		"content" : "Get a little playful peek into your psyche with this test. You may find something you want to change about yourself!",
		"page"	  : "/discoverYourself",
		"mixpanel-itemName": "Discover Yourself"
	},
	{
		"imageUrl" : "https://d1hny4jmju3rds.cloudfront.net/shape_test/shape-test.png",
		"title":"WHAT'S YOUR SHAPE?",
		"url" : "https://www.playbuzz.com/gregs/what-is-your-subconscious-obsessed-with?feed=true&src=http://www.playbuzz.com/gregs/what-is-your-subconscious-obsessed-with&comments=undefined&divId=div0&articleCanonicalUrl=http%3A%2F%2Fyourdost.com%2Fblog%2F2016%2F02%2Fa-simple-test-that-reveals-your-subconscious-biggest-obsession.html&width=640&height=auto&recommend=false&game=gregs/what-is-your-subconscious-obsessed-with&key=yourdost.com&useShares=false&useComments=false&gameInfo=false&provider=WordPress 4.4.2-3&links=&social=true&socialReferrer=false&pageLoadTrackerId=60771384136751300&shouldTrackLoading=false&parentHost=yourdost.com&parentUrl=http%3A%2F%2Fyourdost.com%2Fblog%2F2016%2F02%2Fa-simple-test-that-reveals-your-subconscious-biggest-obsession.html&referral=http%3A%2F%2Fyourdost.com%2Fblog%2F",
		"content" : "Your personality can make you favourable to certain shapes. In return, your chosen shapes can tell you about your personality. So, what’s your shape?",
		"page"	  : "/whats-your-shape",
		"mixpanel-itemName": "Shape Test"

	},
	{
		"imageUrl" : "http://yourdost-blog-images.s3-ap-southeast-1.amazonaws.com/wp-content/uploads/2016/02/09160758/What-are-you-obsessed-about.jpg",
		"title":"DEEPEST SECRETS",
		"url" : "https://www.playbuzz.com/gregs/what-is-your-subconscious-obsessed-with?feed=true&src=http://www.playbuzz.com/gregs/what-is-your-subconscious-obsessed-with&comments=undefined&divId=div0&articleCanonicalUrl=http%3A%2F%2Fyourdost.com%2Fblog%2F2016%2F02%2Fa-simple-test-that-reveals-your-subconscious-biggest-obsession.html&width=640&height=auto&recommend=false&game=gregs/what-is-your-subconscious-obsessed-with&key=yourdost.com&useShares=false&useComments=false&gameInfo=false&provider=WordPress 4.4.2-3&links=&social=true&socialReferrer=false&pageLoadTrackerId=60771384136751300&shouldTrackLoading=false&parentHost=yourdost.com&parentUrl=http%3A%2F%2Fyourdost.com%2Fblog%2F2016%2F02%2Fa-simple-test-that-reveals-your-subconscious-biggest-obsession.html&referral=http%3A%2F%2Fyourdost.com%2Fblog%2F",
		"content" : "What's hidden in your subconscious mind? Get amazed as this test will reveal those secrets to you!",
		"page"    : "/playbuzztest?fromPage=selfhelp&id=1",
		"mixpanel-itemName": "Deepest Secrets"
	},
	{
		"imageUrl" : "https://s3-ap-southeast-1.amazonaws.com/yourdost-images/true_color/personality_index_1.png",
		"title":"WHAT'S YOUR COLOUR?",
		"url" : "https://www.playbuzz.com/gregs/what-is-your-subconscious-obsessed-with?feed=true&src=http://www.playbuzz.com/gregs/what-is-your-subconscious-obsessed-with&comments=undefined&divId=div0&articleCanonicalUrl=http%3A%2F%2Fyourdost.com%2Fblog%2F2016%2F02%2Fa-simple-test-that-reveals-your-subconscious-biggest-obsession.html&width=640&height=auto&recommend=false&game=gregs/what-is-your-subconscious-obsessed-with&key=yourdost.com&useShares=false&useComments=false&gameInfo=false&provider=WordPress 4.4.2-3&links=&social=true&socialReferrer=false&pageLoadTrackerId=60771384136751300&shouldTrackLoading=false&parentHost=yourdost.com&parentUrl=http%3A%2F%2Fyourdost.com%2Fblog%2F2016%2F02%2Fa-simple-test-that-reveals-your-subconscious-biggest-obsession.html&referral=http%3A%2F%2Fyourdost.com%2Fblog%2F",
		"content" : "Answer questions that most fit your personality to get your true color. You can be blue, orange, gold or green. All four are completely different, so which one are you?",
		"page"	  : "/truecolour",
		"mixpanel-itemName": "True Colour"

	},
	{

		"imageUrl" : "http://cdn.playbuzz.com/cdn/2105dd14-5c23-43f0-b45d-ede4413c7534/0b347012-abd4-4abb-9c77-64159de19462_560_420.jpg",
		"title" : "KNOW YOUR TRUE PERSONALITY",
		"url" : "https://www.playbuzz.com/shayc/what-is-your-true-personality?feed=true&src=http://www.playbuzz.com/shayc/what-is-your-true-personality&comments=undefined&divId=div0&articleCanonicalUrl=http%3A%2F%2Fyourdost.com%2Fblog%2F2016%2F02%2Fshhhh-this-test-will-reveal-your-true-personality.html&width=640&height=auto&recommend=false&game=shayc/what-is-your-true-personality&key=yourdost.com&useShares=false&useComments=false&gameInfo=false&provider=WordPress 4.4.2-3&links=&social=true&socialReferrer=false&pageLoadTrackerId=42788022942841060&shouldTrackLoading=false&parentHost=yourdost.com&parentUrl=http%3A%2F%2Fyourdost.com%2Fblog%2F2016%2F02%2Fshhhh-this-test-will-reveal-your-true-personality.html&referral=http%3A%2F%2Fyourdost.com%2Fblog%2F",
		"content" : "Here is an awesome test that can reveal your real personality. Do give it a shot – Its fun.",
		"page"	  : "/playbuzztest?fromPage=selfhelp&id=2",
		"mixpanel-itemName": "Know Your True Personality"
	}
]
