{
    "h1": {
        "title": "Career Counseling",
        "metaTitle": "What is Career Counselling | Benefits",
        "metaDescription": "Know more about career counselling & how a career counsellor can help people choosing a career, tips for interviews, job stress & other career help",
        "h2": [
            {
                "title": "What is Career Counseling?",
                "content": "<p>Career Counseling is about knowing the world of work sector, the problems, and information related to that environment. For e.g. challenges related to a particular job, having the quality of working in a team, managing deadlines, clashes in views with the other employees. These scenarios are a part of career and a person should be aware of all this before stepping into a&nbsp;career path. Thus, guiding a person to make&nbsp;career, educational, and life decisions correctly.</p><p>The counsellor here not just give advice to the client as what career to choose, but also helps to evaluate strengths, abilities, and interests of a person seeking help. For e.g. if a person is good in researches, analytics, or language, then according to their strengths they will be guided to <a href=\"https://yourdost.com/blog/2015/11/career-how-do-you-know-what-you-want.html?yd_source=HubSpoke&amp;yd_medium=InternalLinking&amp;yd_content=CareerCounselling&amp;yd_campaign=\">choose the career</a>. They also help the client to recognise and understand which profession are best suited for their personality and temperament. It gives information regarding possible paths a client can consider to grow professionally. Career is what decides the future, the bread and butter of a person, so he should be aware what path he is choosing and where it will lead him to. Career counselling is really important if a person is not sure about his career goals.</p>",
                "imgUrl": "https://d1hny4jmju3rds.cloudfront.net/hubs_and_spokes_images/counseling/rsz_career_counseling.jpg",
                "altImage": "Career Counseling"
            },
            {
                "title": "How does career counseling help?",
                "content": "<p>Many a times a person may be confused as what career suits best for him. Some may be stressed because family members put pressure on them to choose a particular field. They will be confused as to listen to them, or find a career which actually interest them. In such a case, they need a trained career counsellor to aid them with their career choice. The trainer will guide them according to their abilities, strengths and knowledge. It helps them to vision their goal. Whether the person is new to the working world, or simply desires a change of profession, the career counsellor will be able to guide them in the best possible direction.</p><p>A career counsellor should be aware of client&rsquo;s education, skills, strengths, weaknesses, interests, personality, and other such important factors to ensure the best possible result. A career counsellor goes through the thorough interviewing process of the clients to know all such factors and then apply that information for the job search using all available technology and resources. Thus, helping the clients in the best possible way.</p><p>Career counsellors are responsible for having knowledge of all the job requirement and skills needed for the various fields. It could be medical, engineering, creativity, fashion designing, architecture or many more. Every field requires some specific qualification and skills, so the counsellor should be aware of all such factors to guide the client better. After they have assessed a client they will then match them up with a field suitable for their skills and personality, creating the most profitable match possible in terms of job satisfaction and monetary earnings.</p><p>The client with the help of career counsellor finds the right job by knowing their skills and strengthening them for the bright future. It guides them to locate their resources in the best possible way. Once they know their goal, they are more confident to walk into the corporate world and accept the challenge of work life.</p>"
            }
        ]
    },
    "faqs" :[

        {
            "id" : 1,
            "question" : "I don’t think I learn anything in college. What if I don’t get a job?",
            "url":"career-counselling",
            "category" : "career-counselling",
            "hub":"counselling"
        },
        {
            "id" : 2,
            "question" : "I'm working for an organisation. There are times of joy and happiness but to a major extent I feel low. I'm not able to complete my tasks at work. I have a huge pile up of tasks which is pending since a long time back. I don’t know how to prioritise work. I don’t know how to manage tasks properly and this is leading to stress. I feel helpless.",
            "url":"career-counselling",
            "category" : "career-counselling",
            "hub":"counselling"
        },
        {
            "id" : 3,
            "question" : "I have a job at hand according to my qualification but I want to study further in CS and at the same time want to start my own work. I am very confused. What do I do?",
            "url":"career-counselling",
            "category" : "career-counselling",
            "hub":"counselling"
        }
    ]
}