{
    "h1": {
        "title": "Educational Counseling",
        "metaTitle": "Educational Counselling | Benefits",
        "metaDescription": "Learn what is education counselling & how educational counsellors can help students with choosing best courses, study skills, deal with peer pressure & so on",
        "h2": [
            {
                "title": "What is Educational Counseling?",
                "content": "<p>Owing to intense competition and peer pressure students often face a dilemna to make the right career choice for them. This leads to a lot of confusion, doubts in them and make students succumb to stress, anxiety and depression. This is where education counselling comes into picture. Here students are advised not just on ways to build the right career path for them but are provided support to help them grow as individuals and professionals.</p>",
                "imgUrl": "https://d1hny4jmju3rds.cloudfront.net/hubs_and_spokes_images/counseling/rsz_educational_or_academic_counseling.jpg",
                "altImage": "Education Counseling"
            },
            {
                "title": "Educational Counsellor",
                "content": "<p>An educational counsellor is a counsellor who works with school students in a school environment. Schools now hire educational counsellors to assist special needs children with their studies, provide career counseling, based on the options available to students and also help students with their personal issues. The most important duty of an educational counsellor is to understand the hopes, aspirations and dreams of a student. They should know the strengths and weaknesses of the student, and handle them very carefully. They also interact with parents, guardians, and other administrators regarding a student&rsquo;s behavioural, academic, and other problems.</p><p>Some students may be suffering from domestic abuse, like fighting or divorced parents or some learning disabilities, then in such cases educational counsellor needs to take a charge to make the child overcome of all this. These factors too affect a child&rsquo;s growth. Thus, an educational counsellor makes a child overcome from any personal, social or behavioural problems.</p><p>Education counsellors plays a vital role in the career planning process of students. In the clutter of hundreds of desired career options, these counsellors assist students in making sensible career decisions. They evaluate a student&#39;s abilities, interests and skills through interviews, personality and aptitude assessments, etc. They match if the mutually chosen career path is best suited to the candidate&#39;s profile, interests and limitations.</p><p>An educational counsellor is trained and has good amount of knowledge on educational opportunities. For e.g. If the student wants to study abroad, wants scholarship, or needs any information on college training programmes then these counsellors help them out with the required information. They help young futures to develop good personality and embrace life skills so that they can face the challenging world better. They <a href=\"https://yourdost.com/blog/2016/03/how-to-answer-the-interview-question-what-is-your-biggest-weakness.html?yd_source=HubSpoke&amp;yd_medium=InternalLinking&amp;yd_content=EducationalCounselling&amp;yd_campaign=\">guide them for job interviews</a>, resume preparation, job searching strategies, and other factors that are important for career exploration.</p><p>They guide students to develop organisation, <a href=\"https://yourdost.com/blog/2015/06/time-management-everyday-hacks.html?yd_source=HubSpoke&amp;yd_medium=InternalLinking&amp;yd_content=EducationCounselling&amp;yd_campaign=\">time management</a>, stress management, effective study habits and other such vital skills. Education counsellors focus their energies on identifying and dealing with personal, behavioural, social and scholastic problems that affect student performance, achievement and even relationships. They provide individual/group counselling on varied issues like bullying, peer pressure, pressure to perform, low self-esteem and so on. This helps them to come out more confident, mentally strong and mature to handle situations affecting their educational and vocational life.</p><p>In today&#39;s world, counsellors also have to be involved in helping students deal with learning disabilities, substance abuse, death, suicide, divorce and other crisis situations. Educational counsellors also collaborate with parents, teachers and other school staff in a bid to monitor and evaluate educational progress, update them about individual growth so that the student has the best chance of success. They also carry out workshops and seminars in schools and colleges to provide a wide range of educational and occupational information. They are also responsible for conducting peer counselling program in school setting where students are trained to help the troubled students and sometimes trained to help themselves. Thus, educational counsellors are important part of schools and colleges now.</p>"
            }
        ]
    }
}