{
    "h1": {
        "title": "Relationship & Marriage Counseling",
        "metaTitle": "Relationship & Marriage Counselling | Couple's therapy",
        "metaDescription": "Know what is relationship & marriage counselling, pre & post marital counselling, couple's therapy & how their importance",
        "h2": [
            {
                "title": "What is Relationship Counseling?",
                "content": "<p>Relationship counseling &nbsp; is the process of&nbsp;counseling&nbsp;the parties having troublesome differences and stress upon the relationship. Once the problem is known, an effort is made to recognize, and harmonize the situation so that it can be managed better. The relationship involved may be between members of a family or a couple, employees or employers in a workplace, or between a professional and a client.</p>",
                "imgUrl": "https://d1hny4jmju3rds.cloudfront.net/hubs_and_spokes_images/counseling/rsz_relationship_counseling.jpg",
                "altImage": "Relationship Counseling"
            },
            {
                "title": "Couple's Therapy or Relationship Therapy",
                "content": "<p>Couple's therapy (or relationship therapy) is a subset of relationship therapy. The duration of this type of counseling may differ according to the problem faced by the client in the relation. Short term counselling may be between 1 to 3 sessions whereas long term couples&nbsp;<a href=\"https://en.wikipedia.org/wiki/Emotionally_focused_therapy\" title=\"Emotionally focused therapy\">therapy</a>&nbsp;may be between 12 and 24 sessions. The therapist works on understanding the problem faced by the Couples, by knowing their relationship history by targeting their emotions and working on the changes needed for the healthier and happier life between the couple. For e.g. If the client is <a href=\"https://yourdost.com/blog/2016/05/saving-marriage-divorce.html?yd_source=HubSpoke&amp;yd_medium=InternalLinking&amp;yd_content=RelationshipCounselling&amp;yd_campaign=\">facing issues in marriage</a>, then the reason is said to be analysed. It could be because of communication gap between husband and wife, too much expectations from each other, involvement of in laws to a great extent, sexual issues, lack of trust and understanding. The couple after expressing their concern, the therapist tries to find the solution so as to make their married life happier.</p>"
            },
            {
                "title": "Marriage Counseling",
                "content": "<p>Marriage counseling&nbsp;or&nbsp;marital therapy&nbsp;involves pre-marital and post-marital counseling. Pre-marital counseling is good investment for couples who are serious about preparing for a lifelong marriage. It helps young adults develop healthy attitudes and skills, to interact with their prospective partners respectfully and in appropriate ways; so that they can develop and maintain meaningful and fulfilling relationship. It makes them realise the importance of marriage and the responsibility to be taken after marriage. Marriage is all about acceptance and unconditional love and trust. It is to understand each other and know the worth of relationship. Thus, pre-marital counseling is important to make a person mature enough to take up this responsibility.</p>"
            },
            {
                "title": "Post-marital counseling",
                "content": "<p>Marriage can be the most rewarding relationship, however it also brings with it many problems and issues that need to be handled. The spouses should support each other in both bad and good times. It is always good to share the problems with your life partner to have a greater bonding and understanding. It is how well a person can take up this responsibility and carry out with maturity. The better a person balances his married life along with other problems, the happier and stronger the bonding will be.</p>"
            },
            {
                "title": "How does relationship counseling help?",
                "content": "<p>It really depends what a client want to get out of it, but it's rare that they will leave Relate without feeling a positive change. For some people, it is the transformation of their relationships and their lives; for others it is to solve a specific problem and move forward with more confidence and less anxiety.</p><p>Each session usually lasts 45 minutes to an hour, and the counsellor will ask them questions so that they can talk about what&rsquo;s going on and how they feel. They may offer some advices or ideas to try at home. If a client doesn&rsquo;t like to talk a lot, then they might try different things like drawing or mapping out your thoughts. It all depends on what&rsquo;s right for the client.</p><p>Even if things don&rsquo;t change, counseling may help a person to see things in a different way or make the decision that&rsquo;s right for them to move forward. Just talking to someone who isn&rsquo;t involved in the relationship can help them.</p>"
            }
        ]
    }
}