[
  {
    "type": "MAIL",
    "conversationDetail": {
      "threadID": 208,
      "status": "ALIVE",
      "important": false,
      "notes": [],
      "categories": [
        {
          "id": 8,
          "name": "Test",
          "avatar": "https://staging-app.yourdost.com/images/avatar/avatar6.png",
          "deleted": false,
          "createdBy": 1,
          "createdDate": 1435896000000,
          "lastUpdatedBy": 1,
          "lastUpdatedOn": 1435896000000,
          "faqs": []
        }
      ],
      "comparisionDate": 1438631744000,
      "userMessage": [
        {
          "msgID": 394,
          "body": "dsds",
          "bodyCollapsed": null,
          "threadID": 208,
          "sentDate": 1438631744000,
          "subject": "test ",
          "receivedDate": 1438631744000,
          "fromRecipient": {
            "id": 103,
            "email": null,
            "avatar": "avatar5",
            "blocked": false,
            "username": "sohil",
            "firstName": null,
            "lastName": null,
            "picUrl": null,
            "registrationDate": null,
            "lastLogin": 1438886545000,
            "loggableUser": {
              "id": 38561,
              "orgId": 0,
              "refId": 103,
              "createdBy": 2015,
              "deleted": false,
              "userType": "VICTIM",
              "lastUpdatedBy": 2015,
              "lastUpdatedOn": 1434574823000,
              "passwordValidity": 1434567845000,
              "userLoginHistory": [],
              "userSecurityQuestionMappings": [],
              "active": true
            },
            "uri": null
          },
          "messageType": "SENT_MAIL",
          "toRecipients": [
            {
              "id": 104,
              "email": "prakhar+prashant@yourdost.com",
              "avatar": "avatar7",
              "blocked": false,
              "username": "prashant",
              "firstName": "Nabanita",
              "lastName": "B.",
              "picUrl": "https://d1hny4jmju3rds.cloudfront.net/cloudinary/nabanita_hfkpaj.jpg",
              "registrationDate": null,
              "lastLogin": 1438882712000,
              "loggableUser": {
                "id": 38562,
                "orgId": 0,
                "refId": 104,
                "createdBy": 2015,
                "deleted": false,
                "userType": "OPERATOR",
                "lastUpdatedBy": 2015,
                "lastUpdatedOn": 1434574823000,
                "passwordValidity": 1434567845000,
                "userLoginHistory": [],
                "userSecurityQuestionMappings": [],
                "active": true
              },
              "uri": null
            }
          ],
          "read": true
        }
      ],
      "id": 208
    }
  },
  {
    "type": "CHAT",
    "conversationDetail": {
      "threadID": 125,
      "status": "RECEIVED",
      "comparisionDate": 1438528338930,
      "userChats": [
        {
          "user": {
            "id": 103,
            "email": null,
            "avatar": "avatar5",
            "blocked": false,
            "username": "sohil",
            "firstName": null,
            "lastName": null,
            "picUrl": null,
            "registrationDate": null,
            "lastLogin": 1438670654000,
            "loggableUser": {
              "id": 38561,
              "orgId": 0,
              "refId": 103,
              "createdBy": 2015,
              "deleted": false,
              "userType": "VICTIM",
              "lastUpdatedBy": 2015,
              "lastUpdatedOn": 1434574823000,
              "passwordValidity": 1434567845000,
              "userLoginHistory": [],
              "userSecurityQuestionMappings": [],
              "active": true
            },
            "uri": null
          },
          "body": "hi",
          "threadID": 125,
          "sentDate": 1438528338930,
          "users": null,
          "chatGroupUsers": [
            {
              "id": 194,
              "email": "satyajeet1234@gmail.com",
              "avatar": "avatar4",
              "blocked": false,
              "username": "satya",
              "firstName": null,
              "lastName": null,
              "picUrl": null,
              "registrationDate": null,
              "lastLogin": 1438722654000,
              "loggableUser": {
                "id": 38623,
                "orgId": 0,
                "refId": 194,
                "createdBy": 2015,
                "deleted": false,
                "userType": "VICTIM",
                "lastUpdatedBy": 2015,
                "lastUpdatedOn": 1434574823000,
                "passwordValidity": 1434567845000,
                "userLoginHistory": [],
                "userSecurityQuestionMappings": [],
                "active": true
              },
              "uri": null
            },
            {
              "id": 141,
              "email": null,
              "avatar": "avatar7",
              "blocked": false,
              "username": "Aarti",
              "firstName": "Prachi",
              "lastName": "D.",
              "picUrl": "https://d1hny4jmju3rds.cloudfront.net/cloudinary/Prachi_twepkr.jpg",
              "registrationDate": null,
              "lastLogin": 1438350684000,
              "loggableUser": {
                "id": 38570,
                "orgId": 0,
                "refId": 141,
                "createdBy": 2015,
                "deleted": false,
                "userType": "OPERATOR",
                "lastUpdatedBy": 2015,
                "lastUpdatedOn": 1434574823000,
                "passwordValidity": 1434567845000,
                "userLoginHistory": [],
                "userSecurityQuestionMappings": [],
                "active": true
              },
              "uri": null
            }
          ],
          "id": 113
        }
      ],
      "id": 125
    }
  },
  {
    "type": "CHAT",
    "conversationDetail": {
      "threadID": 124,
      "status": "RECEIVED",
      "comparisionDate": 1438528298732,
      "userChats": [
        {
          "user": {
            "id": 103,
            "email": null,
            "avatar": "avatar5",
            "blocked": false,
            "username": "sohil",
            "firstName": null,
            "lastName": null,
            "picUrl": null,
            "registrationDate": null,
            "lastLogin": 1438670654000,
            "loggableUser": {
              "id": 38561,
              "orgId": 0,
              "refId": 103,
              "createdBy": 2015,
              "deleted": false,
              "userType": "VICTIM",
              "lastUpdatedBy": 2015,
              "lastUpdatedOn": 1434574823000,
              "passwordValidity": 1434567845000,
              "userLoginHistory": [],
              "userSecurityQuestionMappings": [],
              "active": true
            },
            "uri": null
          },
          "body": "ok",
          "threadID": 124,
          "sentDate": 1438528298732,
          "users": null,
          "chatGroupUsers": [
            {
              "id": 141,
              "email": null,
              "avatar": "avatar7",
              "blocked": false,
              "username": "Aarti",
              "firstName": "Prachi",
              "lastName": "D.",
              "picUrl": "https://d1hny4jmju3rds.cloudfront.net/cloudinary/Prachi_twepkr.jpg",
              "registrationDate": null,
              "lastLogin": 1438350684000,
              "loggableUser": {
                "id": 38570,
                "orgId": 0,
                "refId": 141,
                "createdBy": 2015,
                "deleted": false,
                "userType": "OPERATOR",
                "lastUpdatedBy": 2015,
                "lastUpdatedOn": 1434574823000,
                "passwordValidity": 1434567845000,
                "userLoginHistory": [],
                "userSecurityQuestionMappings": [],
                "active": true
              },
              "uri": null
            }
          ],
          "id": 112
        }
      ],
      "id": 124
    }
  },
  {
    "type": "CHAT",
    "conversationDetail": {
      "threadID": 123,
      "status": "RECEIVED",
      "comparisionDate": 1438528216018,
      "userChats": [
        {
          "user": {
            "id": 103,
            "email": null,
            "avatar": "avatar5",
            "blocked": false,
            "username": "sohil",
            "firstName": null,
            "lastName": null,
            "picUrl": null,
            "registrationDate": null,
            "lastLogin": 1438670654000,
            "loggableUser": {
              "id": 38561,
              "orgId": 0,
              "refId": 103,
              "createdBy": 2015,
              "deleted": false,
              "userType": "VICTIM",
              "lastUpdatedBy": 2015,
              "lastUpdatedOn": 1434574823000,
              "passwordValidity": 1434567845000,
              "userLoginHistory": [],
              "userSecurityQuestionMappings": [],
              "active": true
            },
            "uri": null
          },
          "body": "hi",
          "threadID": 123,
          "sentDate": 1438528216018,
          "users": null,
          "chatGroupUsers": [
            {
              "id": 194,
              "email": "satyajeet1234@gmail.com",
              "avatar": "avatar4",
              "blocked": false,
              "username": "satya",
              "firstName": null,
              "lastName": null,
              "picUrl": null,
              "registrationDate": null,
              "lastLogin": 1438722654000,
              "loggableUser": {
                "id": 38623,
                "orgId": 0,
                "refId": 194,
                "createdBy": 2015,
                "deleted": false,
                "userType": "VICTIM",
                "lastUpdatedBy": 2015,
                "lastUpdatedOn": 1434574823000,
                "passwordValidity": 1434567845000,
                "userLoginHistory": [],
                "userSecurityQuestionMappings": [],
                "active": true
              },
              "uri": null
            }
          ],
          "id": 111
        }
      ],
      "id": 123
    }
  },
  {
    "type": "CHAT",
    "conversationDetail": {
      "threadID": 115,
      "status": "RECEIVED",
      "comparisionDate": 1438353905461,
      "userChats": [
        {
          "user": {
            "id": 103,
            "email": null,
            "avatar": "avatar5",
            "blocked": false,
            "username": "sohil",
            "firstName": null,
            "lastName": null,
            "picUrl": null,
            "registrationDate": null,
            "lastLogin": 1438670654000,
            "loggableUser": {
              "id": 38561,
              "orgId": 0,
              "refId": 103,
              "createdBy": 2015,
              "deleted": false,
              "userType": "VICTIM",
              "lastUpdatedBy": 2015,
              "lastUpdatedOn": 1434574823000,
              "passwordValidity": 1434567845000,
              "userLoginHistory": [],
              "userSecurityQuestionMappings": [],
              "active": true
            },
            "uri": null
          },
          "body": "hi",
          "threadID": 115,
          "sentDate": 1438353905461,
          "users": null,
          "chatGroupUsers": [
            {
              "id": 141,
              "email": null,
              "avatar": "avatar7",
              "blocked": false,
              "username": "Aarti",
              "firstName": "Prachi",
              "lastName": "D.",
              "picUrl": "https://d1hny4jmju3rds.cloudfront.net/cloudinary/Prachi_twepkr.jpg",
              "registrationDate": null,
              "lastLogin": 1438350684000,
              "loggableUser": {
                "id": 38570,
                "orgId": 0,
                "refId": 141,
                "createdBy": 2015,
                "deleted": false,
                "userType": "OPERATOR",
                "lastUpdatedBy": 2015,
                "lastUpdatedOn": 1434574823000,
                "passwordValidity": 1434567845000,
                "userLoginHistory": [],
                "userSecurityQuestionMappings": [],
                "active": true
              },
              "uri": null
            }
          ],
          "id": 110
        }
      ],
      "id": 115
    }
  },
  {
    "type": "CHAT",
    "conversationDetail": {
      "threadID": 114,
      "status": "RECEIVED",
      "comparisionDate": 1438353834347,
      "userChats": [
        {
          "user": {
            "id": 103,
            "email": null,
            "avatar": "avatar5",
            "blocked": false,
            "username": "sohil",
            "firstName": null,
            "lastName": null,
            "picUrl": null,
            "registrationDate": null,
            "lastLogin": 1438670654000,
            "loggableUser": {
              "id": 38561,
              "orgId": 0,
              "refId": 103,
              "createdBy": 2015,
              "deleted": false,
              "userType": "VICTIM",
              "lastUpdatedBy": 2015,
              "lastUpdatedOn": 1434574823000,
              "passwordValidity": 1434567845000,
              "userLoginHistory": [],
              "userSecurityQuestionMappings": [],
              "active": true
            },
            "uri": null
          },
          "body": "Hi",
          "threadID": 114,
          "sentDate": 1438353834347,
          "users": null,
          "chatGroupUsers": [
            {
              "id": 141,
              "email": null,
              "avatar": "avatar7",
              "blocked": false,
              "username": "Aarti",
              "firstName": "Prachi",
              "lastName": "D.",
              "picUrl": "https://d1hny4jmju3rds.cloudfront.net/cloudinary/Prachi_twepkr.jpg",
              "registrationDate": null,
              "lastLogin": 1438350684000,
              "loggableUser": {
                "id": 38570,
                "orgId": 0,
                "refId": 141,
                "createdBy": 2015,
                "deleted": false,
                "userType": "OPERATOR",
                "lastUpdatedBy": 2015,
                "lastUpdatedOn": 1434574823000,
                "passwordValidity": 1434567845000,
                "userLoginHistory": [],
                "userSecurityQuestionMappings": [],
                "active": true
              },
              "uri": null
            }
          ],
          "id": 109
        }
      ],
      "id": 114
    }
  },
  {
    "type": "CHAT",
    "conversationDetail": {
      "threadID": 111,
      "status": "RECEIVED",
      "comparisionDate": 1438348230044,
      "userChats": [
        {
          "user": {
            "id": 103,
            "email": null,
            "avatar": "avatar5",
            "blocked": false,
            "username": "sohil",
            "firstName": null,
            "lastName": null,
            "picUrl": null,
            "registrationDate": null,
            "lastLogin": 1438670654000,
            "loggableUser": {
              "id": 38561,
              "orgId": 0,
              "refId": 103,
              "createdBy": 2015,
              "deleted": false,
              "userType": "VICTIM",
              "lastUpdatedBy": 2015,
              "lastUpdatedOn": 1434574823000,
              "passwordValidity": 1434567845000,
              "userLoginHistory": [],
              "userSecurityQuestionMappings": [],
              "active": true
            },
            "uri": null
          },
          "body": "hello",
          "threadID": 111,
          "sentDate": 1438348230044,
          "users": null,
          "chatGroupUsers": [
            {
              "id": 104,
              "email": "prakhar+prashant@yourdost.com",
              "avatar": "avatar7",
              "blocked": false,
              "username": "prashant",
              "firstName": "Nabanita",
              "lastName": "B.",
              "picUrl": "https://d1hny4jmju3rds.cloudfront.net/cloudinary/nabanita_hfkpaj.jpg",
              "registrationDate": null,
              "lastLogin": 1438882712000,
              "loggableUser": {
                "id": 38562,
                "orgId": 0,
                "refId": 104,
                "createdBy": 2015,
                "deleted": false,
                "userType": "OPERATOR",
                "lastUpdatedBy": 2015,
                "lastUpdatedOn": 1434574823000,
                "passwordValidity": 1434567845000,
                "userLoginHistory": [],
                "userSecurityQuestionMappings": [],
                "active": true
              },
              "uri": null
            }
          ],
          "id": 108
        }
      ],
      "id": 111
    }
  },
  {
    "type": "CHAT",
    "conversationDetail": {
      "threadID": 106,
      "status": "RECEIVED",
      "comparisionDate": 1438228312341,
      "userChats": [
        {
          "user": {
            "id": 103,
            "email": null,
            "avatar": "avatar5",
            "blocked": false,
            "username": "sohil",
            "firstName": null,
            "lastName": null,
            "picUrl": null,
            "registrationDate": null,
            "lastLogin": 1438670654000,
            "loggableUser": {
              "id": 38561,
              "orgId": 0,
              "refId": 103,
              "createdBy": 2015,
              "deleted": false,
              "userType": "VICTIM",
              "lastUpdatedBy": 2015,
              "lastUpdatedOn": 1434574823000,
              "passwordValidity": 1434567845000,
              "userLoginHistory": [],
              "userSecurityQuestionMappings": [],
              "active": true
            },
            "uri": null
          },
          "body": "hi",
          "threadID": 106,
          "sentDate": 1438228312341,
          "users": null,
          "chatGroupUsers": [
            {
              "id": 104,
              "email": "prakhar+prashant@yourdost.com",
              "avatar": "avatar7",
              "blocked": false,
              "username": "prashant",
              "firstName": "Nabanita",
              "lastName": "B.",
              "picUrl": "https://d1hny4jmju3rds.cloudfront.net/cloudinary/nabanita_hfkpaj.jpg",
              "registrationDate": null,
              "lastLogin": 1438882712000,
              "loggableUser": {
                "id": 38562,
                "orgId": 0,
                "refId": 104,
                "createdBy": 2015,
                "deleted": false,
                "userType": "OPERATOR",
                "lastUpdatedBy": 2015,
                "lastUpdatedOn": 1434574823000,
                "passwordValidity": 1434567845000,
                "userLoginHistory": [],
                "userSecurityQuestionMappings": [],
                "active": true
              },
              "uri": null
            }
          ],
          "id": 107
        }
      ],
      "id": 106
    }
  },
  {
    "type": "CHAT",
    "conversationDetail": {
      "threadID": 103,
      "status": "RECEIVED",
      "comparisionDate": 1438003710462,
      "userChats": [
        {
          "user": {
            "id": 103,
            "email": null,
            "avatar": "avatar5",
            "blocked": false,
            "username": "sohil",
            "firstName": null,
            "lastName": null,
            "picUrl": null,
            "registrationDate": null,
            "lastLogin": 1438670654000,
            "loggableUser": {
              "id": 38561,
              "orgId": 0,
              "refId": 103,
              "createdBy": 2015,
              "deleted": false,
              "userType": "VICTIM",
              "lastUpdatedBy": 2015,
              "lastUpdatedOn": 1434574823000,
              "passwordValidity": 1434567845000,
              "userLoginHistory": [],
              "userSecurityQuestionMappings": [],
              "active": true
            },
            "uri": null
          },
          "body": "hi",
          "threadID": 103,
          "sentDate": 1438003710462,
          "users": null,
          "chatGroupUsers": [
            {
              "id": 104,
              "email": "prakhar+prashant@yourdost.com",
              "avatar": "avatar7",
              "blocked": false,
              "username": "prashant",
              "firstName": "Nabanita",
              "lastName": "B.",
              "picUrl": "https://d1hny4jmju3rds.cloudfront.net/cloudinary/nabanita_hfkpaj.jpg",
              "registrationDate": null,
              "lastLogin": 1438882712000,
              "loggableUser": {
                "id": 38562,
                "orgId": 0,
                "refId": 104,
                "createdBy": 2015,
                "deleted": false,
                "userType": "OPERATOR",
                "lastUpdatedBy": 2015,
                "lastUpdatedOn": 1434574823000,
                "passwordValidity": 1434567845000,
                "userLoginHistory": [],
                "userSecurityQuestionMappings": [],
                "active": true
              },
              "uri": null
            }
          ],
          "id": 106
        }
      ],
      "id": 103
    }
  },
  {
    "type": "CHAT",
    "conversationDetail": {
      "threadID": 102,
      "status": "RECEIVED",
      "comparisionDate": 1438003541624,
      "userChats": [
        {
          "user": {
            "id": 103,
            "email": null,
            "avatar": "avatar5",
            "blocked": false,
            "username": "sohil",
            "firstName": null,
            "lastName": null,
            "picUrl": null,
            "registrationDate": null,
            "lastLogin": 1438670654000,
            "loggableUser": {
              "id": 38561,
              "orgId": 0,
              "refId": 103,
              "createdBy": 2015,
              "deleted": false,
              "userType": "VICTIM",
              "lastUpdatedBy": 2015,
              "lastUpdatedOn": 1434574823000,
              "passwordValidity": 1434567845000,
              "userLoginHistory": [],
              "userSecurityQuestionMappings": [],
              "active": true
            },
            "uri": null
          },
          "body": "hello",
          "threadID": 102,
          "sentDate": 1438003541624,
          "users": null,
          "chatGroupUsers": [
            {
              "id": 104,
              "email": "prakhar+prashant@yourdost.com",
              "avatar": "avatar7",
              "blocked": false,
              "username": "prashant",
              "firstName": "Nabanita",
              "lastName": "B.",
              "picUrl": "https://d1hny4jmju3rds.cloudfront.net/cloudinary/nabanita_hfkpaj.jpg",
              "registrationDate": null,
              "lastLogin": 1438882712000,
              "loggableUser": {
                "id": 38562,
                "orgId": 0,
                "refId": 104,
                "createdBy": 2015,
                "deleted": false,
                "userType": "OPERATOR",
                "lastUpdatedBy": 2015,
                "lastUpdatedOn": 1434574823000,
                "passwordValidity": 1434567845000,
                "userLoginHistory": [],
                "userSecurityQuestionMappings": [],
                "active": true
              },
              "uri": null
            }
          ],
          "id": 105
        }
      ],
      "id": 102
    }
  },
  {
    "type": "CHAT",
    "conversationDetail": {
      "threadID": 101,
      "status": "RECEIVED",
      "comparisionDate": 1438002544806,
      "userChats": [
        {
          "user": {
            "id": 103,
            "email": null,
            "avatar": "avatar5",
            "blocked": false,
            "username": "sohil",
            "firstName": null,
            "lastName": null,
            "picUrl": null,
            "registrationDate": null,
            "lastLogin": 1438670654000,
            "loggableUser": {
              "id": 38561,
              "orgId": 0,
              "refId": 103,
              "createdBy": 2015,
              "deleted": false,
              "userType": "VICTIM",
              "lastUpdatedBy": 2015,
              "lastUpdatedOn": 1434574823000,
              "passwordValidity": 1434567845000,
              "userLoginHistory": [],
              "userSecurityQuestionMappings": [],
              "active": true
            },
            "uri": null
          },
          "body": "ysy",
          "threadID": 101,
          "sentDate": 1438002544806,
          "users": null,
          "chatGroupUsers": [],
          "id": 104
        }
      ],
      "id": 101
    }
  },
  {
    "type": "CHAT",
    "conversationDetail": {
      "threadID": 100,
      "status": "RECEIVED",
      "comparisionDate": 1438002343754,
      "userChats": [
        {
          "user": {
            "id": 103,
            "email": null,
            "avatar": "avatar5",
            "blocked": false,
            "username": "sohil",
            "firstName": null,
            "lastName": null,
            "picUrl": null,
            "registrationDate": null,
            "lastLogin": 1438670654000,
            "loggableUser": {
              "id": 38561,
              "orgId": 0,
              "refId": 103,
              "createdBy": 2015,
              "deleted": false,
              "userType": "VICTIM",
              "lastUpdatedBy": 2015,
              "lastUpdatedOn": 1434574823000,
              "passwordValidity": 1434567845000,
              "userLoginHistory": [],
              "userSecurityQuestionMappings": [],
              "active": true
            },
            "uri": null
          },
          "body": "hi",
          "threadID": 100,
          "sentDate": 1438002343754,
          "users": null,
          "chatGroupUsers": [],
          "id": 103
        }
      ],
      "id": 100
    }
  },
  {
    "type": "CHAT",
    "conversationDetail": {
      "threadID": 99,
      "status": "RECEIVED",
      "comparisionDate": 1438002265994,
      "userChats": [
        {
          "user": {
            "id": 103,
            "email": null,
            "avatar": "avatar5",
            "blocked": false,
            "username": "sohil",
            "firstName": null,
            "lastName": null,
            "picUrl": null,
            "registrationDate": null,
            "lastLogin": 1438670654000,
            "loggableUser": {
              "id": 38561,
              "orgId": 0,
              "refId": 103,
              "createdBy": 2015,
              "deleted": false,
              "userType": "VICTIM",
              "lastUpdatedBy": 2015,
              "lastUpdatedOn": 1434574823000,
              "passwordValidity": 1434567845000,
              "userLoginHistory": [],
              "userSecurityQuestionMappings": [],
              "active": true
            },
            "uri": null
          },
          "body": "ok",
          "threadID": 99,
          "sentDate": 1438002265994,
          "users": null,
          "chatGroupUsers": [
            {
              "id": 194,
              "email": "satyajeet1234@gmail.com",
              "avatar": "avatar4",
              "blocked": false,
              "username": "satya",
              "firstName": null,
              "lastName": null,
              "picUrl": null,
              "registrationDate": null,
              "lastLogin": 1438722654000,
              "loggableUser": {
                "id": 38623,
                "orgId": 0,
                "refId": 194,
                "createdBy": 2015,
                "deleted": false,
                "userType": "VICTIM",
                "lastUpdatedBy": 2015,
                "lastUpdatedOn": 1434574823000,
                "passwordValidity": 1434567845000,
                "userLoginHistory": [],
                "userSecurityQuestionMappings": [],
                "active": true
              },
              "uri": null
            }
          ],
          "id": 102
        }
      ],
      "id": 99
    }
  },
  {
    "type": "CHAT",
    "conversationDetail": {
      "threadID": 97,
      "status": "RECEIVED",
      "comparisionDate": 1438001698127,
      "userChats": [
        {
          "user": {
            "id": 103,
            "email": null,
            "avatar": "avatar5",
            "blocked": false,
            "username": "sohil",
            "firstName": null,
            "lastName": null,
            "picUrl": null,
            "registrationDate": null,
            "lastLogin": 1438670654000,
            "loggableUser": {
              "id": 38561,
              "orgId": 0,
              "refId": 103,
              "createdBy": 2015,
              "deleted": false,
              "userType": "VICTIM",
              "lastUpdatedBy": 2015,
              "lastUpdatedOn": 1434574823000,
              "passwordValidity": 1434567845000,
              "userLoginHistory": [],
              "userSecurityQuestionMappings": [],
              "active": true
            },
            "uri": null
          },
          "body": "hi",
          "threadID": 97,
          "sentDate": 1438001698127,
          "users": null,
          "chatGroupUsers": [],
          "id": 101
        }
      ],
      "id": 97
    }
  },
  {
    "type": "CHAT",
    "conversationDetail": {
      "threadID": 96,
      "status": "RECEIVED",
      "comparisionDate": 1438001617642,
      "userChats": [
        {
          "user": {
            "id": 103,
            "email": null,
            "avatar": "avatar5",
            "blocked": false,
            "username": "sohil",
            "firstName": null,
            "lastName": null,
            "picUrl": null,
            "registrationDate": null,
            "lastLogin": 1438670654000,
            "loggableUser": {
              "id": 38561,
              "orgId": 0,
              "refId": 103,
              "createdBy": 2015,
              "deleted": false,
              "userType": "VICTIM",
              "lastUpdatedBy": 2015,
              "lastUpdatedOn": 1434574823000,
              "passwordValidity": 1434567845000,
              "userLoginHistory": [],
              "userSecurityQuestionMappings": [],
              "active": true
            },
            "uri": null
          },
          "body": "richa ko",
          "threadID": 96,
          "sentDate": 1438001617642,
          "users": null,
          "chatGroupUsers": [],
          "id": 100
        }
      ],
      "id": 96
    }
  }
]