{
  "type": "CHAT",
  "conversationDetail": {
    "threadID": 125,
    "status": "RECEIVED",
    "comparisionDate": 1438528338930,
    "userChats": [
      {
        "user": {
          "id": 194,
          "email": "satyajeet1234@gmail.com",
          "avatar": "avatar4",
          "blocked": false,
          "username": "satya",
          "firstName": null,
          "lastName": null,
          "picUrl": null,
          "registrationDate": 1438928211000,
          "lastLogin": 1438722654000,
          "loggableUser": {
            "id": 38623,
            "orgId": 0,
            "refId": 194,
            "createdBy": 2015,
            "deleted": false,
            "userType": "VICTIM",
            "lastUpdatedBy": 2015,
            "lastUpdatedOn": 1434574823000,
            "passwordValidity": 1434567845000,
            "userLoginHistory": [],
            "userSecurityQuestionMappings": [],
            "active": true
          },
          "uri": null
        },
        "body": "hi",
        "threadID": 125,
        "sentDate": 1438528338930,
        "users": null,
        "chatGroupUsers": null,
        "id": 100
      },
      {
        "user": {
          "id": 103,
          "email": null,
          "avatar": "avatar5",
          "blocked": false,
          "username": "sohil",
          "firstName": null,
          "lastName": null,
          "picUrl": null,
          "registrationDate": 1438928211000,
          "lastLogin": 1439009282000,
          "loggableUser": {
            "id": 38561,
            "orgId": 0,
            "refId": 103,
            "createdBy": 2015,
            "deleted": false,
            "userType": "VICTIM",
            "lastUpdatedBy": 2015,
            "lastUpdatedOn": 1434574823000,
            "passwordValidity": 1434567845000,
            "userLoginHistory": [],
            "userSecurityQuestionMappings": [],
            "active": true
          },
          "uri": null
        },
        "body": "hi",
        "threadID": 125,
        "sentDate": 1438528355440,
        "users": null,
        "chatGroupUsers": null,
        "id": 101
      },
      {
        "user": {
          "id": 141,
          "email": null,
          "avatar": "avatar7",
          "blocked": false,
          "username": "Aarti",
          "firstName": "Prachi",
          "lastName": "D.",
          "picUrl": "https://d1hny4jmju3rds.cloudfront.net/cloudinary/Prachi_twepkr.jpg",
          "registrationDate": 1438928211000,
          "lastLogin": 1438944773000,
          "loggableUser": {
            "id": 38570,
            "orgId": 0,
            "refId": 141,
            "createdBy": 2015,
            "deleted": false,
            "userType": "OPERATOR",
            "lastUpdatedBy": 2015,
            "lastUpdatedOn": 1434574823000,
            "passwordValidity": 1434567845000,
            "userLoginHistory": [],
            "userSecurityQuestionMappings": [],
            "active": true
          },
          "uri": null
        },
        "body": "hi",
        "threadID": 125,
        "sentDate": 1438528366368,
        "users": null,
        "chatGroupUsers": null,
        "id": 102
      },
      {
        "user": {
          "id": 103,
          "email": null,
          "avatar": "avatar5",
          "blocked": false,
          "username": "sohil",
          "firstName": null,
          "lastName": null,
          "picUrl": null,
          "registrationDate": 1438928211000,
          "lastLogin": 1439009282000,
          "loggableUser": {
            "id": 38561,
            "orgId": 0,
            "refId": 103,
            "createdBy": 2015,
            "deleted": false,
            "userType": "VICTIM",
            "lastUpdatedBy": 2015,
            "lastUpdatedOn": 1434574823000,
            "passwordValidity": 1434567845000,
            "userLoginHistory": [],
            "userSecurityQuestionMappings": [],
            "active": true
          },
          "uri": null
        },
        "body": "as\\\n",
        "threadID": 125,
        "sentDate": 1438528367779,
        "users": null,
        "chatGroupUsers": null,
        "id": 103
      },
      {
        "user": {
          "id": 141,
          "email": null,
          "avatar": "avatar7",
          "blocked": false,
          "username": "Aarti",
          "firstName": "Prachi",
          "lastName": "D.",
          "picUrl": "https://d1hny4jmju3rds.cloudfront.net/cloudinary/Prachi_twepkr.jpg",
          "registrationDate": 1438928211000,
          "lastLogin": 1438944773000,
          "loggableUser": {
            "id": 38570,
            "orgId": 0,
            "refId": 141,
            "createdBy": 2015,
            "deleted": false,
            "userType": "OPERATOR",
            "lastUpdatedBy": 2015,
            "lastUpdatedOn": 1434574823000,
            "passwordValidity": 1434567845000,
            "userLoginHistory": [],
            "userSecurityQuestionMappings": [],
            "active": true
          },
          "uri": null
        },
        "body": "huhuhduede",
        "threadID": 125,
        "sentDate": 1438528368277,
        "users": null,
        "chatGroupUsers": null,
        "id": 104
      },
      {
        "user": {
          "id": 141,
          "email": null,
          "avatar": "avatar7",
          "blocked": false,
          "username": "Aarti",
          "firstName": "Prachi",
          "lastName": "D.",
          "picUrl": "https://d1hny4jmju3rds.cloudfront.net/cloudinary/Prachi_twepkr.jpg",
          "registrationDate": 1438928211000,
          "lastLogin": 1438944773000,
          "loggableUser": {
            "id": 38570,
            "orgId": 0,
            "refId": 141,
            "createdBy": 2015,
            "deleted": false,
            "userType": "OPERATOR",
            "lastUpdatedBy": 2015,
            "lastUpdatedOn": 1434574823000,
            "passwordValidity": 1434567845000,
            "userLoginHistory": [],
            "userSecurityQuestionMappings": [],
            "active": true
          },
          "uri": null
        },
        "body": "jhjhedj",
        "threadID": 125,
        "sentDate": 1438528369787,
        "users": null,
        "chatGroupUsers": null,
        "id": 105
      },
      {
        "user": {
          "id": 103,
          "email": null,
          "avatar": "avatar5",
          "blocked": false,
          "username": "sohil",
          "firstName": null,
          "lastName": null,
          "picUrl": null,
          "registrationDate": 1438928211000,
          "lastLogin": 1439009282000,
          "loggableUser": {
            "id": 38561,
            "orgId": 0,
            "refId": 103,
            "createdBy": 2015,
            "deleted": false,
            "userType": "VICTIM",
            "lastUpdatedBy": 2015,
            "lastUpdatedOn": 1434574823000,
            "passwordValidity": 1434567845000,
            "userLoginHistory": [],
            "userSecurityQuestionMappings": [],
            "active": true
          },
          "uri": null
        },
        "body": "as",
        "threadID": 125,
        "sentDate": 1438528376760,
        "users": null,
        "chatGroupUsers": null,
        "id": 106
      }
    ],
    "id": 125
  }
}