{
  "type": "MAIL",
  "conversationDetail": {
    "threadID": 208,
    "status": "ALIVE",
    "important": false,
    "notes": [],
    "categories": [
      {
        "id": 8,
        "name": "Test",
        "avatar": "https://staging-app.yourdost.com/images/avatar/avatar6.png",
        "deleted": false,
        "createdBy": 1,
        "createdDate": 1435896000000,
        "lastUpdatedBy": 1,
        "lastUpdatedOn": 1435896000000,
        "faqs": []
      }
    ],
    "comparisionDate": 1438631744000,
    "userMessage": [
      {
        "msgID": 362,
        "body": "<p>dsf</p>",
        "bodyCollapsed": "dsf",
        "threadID": 208,
        "sentDate": 1437991715000,
        "subject": "test ",
        "receivedDate": 1437991715000,
        "fromRecipient": {
          "id": 103,
          "email": null,
          "avatar": "avatar5",
          "blocked": false,
          "username": "sohil",
          "firstName": null,
          "lastName": null,
          "picUrl": null,
          "registrationDate": 1438928211000,
          "lastLogin": 1439009282000,
          "loggableUser": {
            "id": 38561,
            "orgId": 0,
            "refId": 103,
            "createdBy": 2015,
            "deleted": false,
            "userType": "VICTIM",
            "lastUpdatedBy": 2015,
            "lastUpdatedOn": 1434574823000,
            "passwordValidity": 1434567845000,
            "userLoginHistory": [],
            "userSecurityQuestionMappings": [],
            "active": true
          },
          "uri": null
        },
        "messageType": "MAIL",
        "toRecipients": [
          {
            "id": 104,
            "email": "prakhar+prashant@yourdost.com",
            "avatar": "avatar7",
            "blocked": false,
            "username": "prashant",
            "firstName": "Nabanita",
            "lastName": "B.",
            "picUrl": "https://d1hny4jmju3rds.cloudfront.net/cloudinary/nabanita_hfkpaj.jpg",
            "registrationDate": 1438928211000,
            "lastLogin": 1439009488000,
            "loggableUser": {
              "id": 38562,
              "orgId": 0,
              "refId": 104,
              "createdBy": 2015,
              "deleted": false,
              "userType": "OPERATOR",
              "lastUpdatedBy": 2015,
              "lastUpdatedOn": 1434574823000,
              "passwordValidity": 1434567845000,
              "userLoginHistory": [],
              "userSecurityQuestionMappings": [],
              "active": true
            },
            "uri": null
          },
          {
            "id": 132,
            "email": null,
            "avatar": "avatar3",
            "blocked": false,
            "username": "snandekar",
            "firstName": "Jancy",
            "lastName": "C.",
            "picUrl": "https://d1hny4jmju3rds.cloudfront.net/cloudinary/Jancy_mp2kct.jpg",
            "registrationDate": 1438928211000,
            "lastLogin": 1438928431000,
            "loggableUser": {
              "id": 38564,
              "orgId": 0,
              "refId": 132,
              "createdBy": 2015,
              "deleted": false,
              "userType": "OPERATOR",
              "lastUpdatedBy": 2015,
              "lastUpdatedOn": 1434574823000,
              "passwordValidity": 1434567845000,
              "userLoginHistory": [],
              "userSecurityQuestionMappings": [],
              "active": true
            },
            "uri": null
          },
          {
            "id": 141,
            "email": null,
            "avatar": "avatar7",
            "blocked": false,
            "username": "Aarti",
            "firstName": "Prachi",
            "lastName": "D.",
            "picUrl": "https://d1hny4jmju3rds.cloudfront.net/cloudinary/Prachi_twepkr.jpg",
            "registrationDate": 1438928211000,
            "lastLogin": 1438944773000,
            "loggableUser": {
              "id": 38570,
              "orgId": 0,
              "refId": 141,
              "createdBy": 2015,
              "deleted": false,
              "userType": "OPERATOR",
              "lastUpdatedBy": 2015,
              "lastUpdatedOn": 1434574823000,
              "passwordValidity": 1434567845000,
              "userLoginHistory": [],
              "userSecurityQuestionMappings": [],
              "active": true
            },
            "uri": null
          }
        ],
        "read": true
      },
      {
        "msgID": 378,
        "body": "Hello",
        "bodyCollapsed": "Hello",
        "threadID": 208,
        "sentDate": 1438426925000,
        "subject": "test ",
        "receivedDate": 1438426925000,
        "fromRecipient": {
          "id": 103,
          "email": null,
          "avatar": "avatar5",
          "blocked": false,
          "username": "sohil",
          "firstName": null,
          "lastName": null,
          "picUrl": null,
          "registrationDate": 1438928211000,
          "lastLogin": 1439009282000,
          "loggableUser": {
            "id": 38561,
            "orgId": 0,
            "refId": 103,
            "createdBy": 2015,
            "deleted": false,
            "userType": "VICTIM",
            "lastUpdatedBy": 2015,
            "lastUpdatedOn": 1434574823000,
            "passwordValidity": 1434567845000,
            "userLoginHistory": [],
            "userSecurityQuestionMappings": [],
            "active": true
          },
          "uri": null
        },
        "messageType": "MAIL",
        "toRecipients": [
          {
            "id": 104,
            "email": "prakhar+prashant@yourdost.com",
            "avatar": "avatar7",
            "blocked": false,
            "username": "prashant",
            "firstName": "Nabanita",
            "lastName": "B.",
            "picUrl": "https://d1hny4jmju3rds.cloudfront.net/cloudinary/nabanita_hfkpaj.jpg",
            "registrationDate": 1438928211000,
            "lastLogin": 1439009488000,
            "loggableUser": {
              "id": 38562,
              "orgId": 0,
              "refId": 104,
              "createdBy": 2015,
              "deleted": false,
              "userType": "OPERATOR",
              "lastUpdatedBy": 2015,
              "lastUpdatedOn": 1434574823000,
              "passwordValidity": 1434567845000,
              "userLoginHistory": [],
              "userSecurityQuestionMappings": [],
              "active": true
            },
            "uri": null
          },
          {
            "id": 132,
            "email": null,
            "avatar": "avatar3",
            "blocked": false,
            "username": "snandekar",
            "firstName": "Jancy",
            "lastName": "C.",
            "picUrl": "https://d1hny4jmju3rds.cloudfront.net/cloudinary/Jancy_mp2kct.jpg",
            "registrationDate": 1438928211000,
            "lastLogin": 1438928431000,
            "loggableUser": {
              "id": 38564,
              "orgId": 0,
              "refId": 132,
              "createdBy": 2015,
              "deleted": false,
              "userType": "OPERATOR",
              "lastUpdatedBy": 2015,
              "lastUpdatedOn": 1434574823000,
              "passwordValidity": 1434567845000,
              "userLoginHistory": [],
              "userSecurityQuestionMappings": [],
              "active": true
            },
            "uri": null
          },
          {
            "id": 141,
            "email": null,
            "avatar": "avatar7",
            "blocked": false,
            "username": "Aarti",
            "firstName": "Prachi",
            "lastName": "D.",
            "picUrl": "https://d1hny4jmju3rds.cloudfront.net/cloudinary/Prachi_twepkr.jpg",
            "registrationDate": 1438928211000,
            "lastLogin": 1438944773000,
            "loggableUser": {
              "id": 38570,
              "orgId": 0,
              "refId": 141,
              "createdBy": 2015,
              "deleted": false,
              "userType": "OPERATOR",
              "lastUpdatedBy": 2015,
              "lastUpdatedOn": 1434574823000,
              "passwordValidity": 1434567845000,
              "userLoginHistory": [],
              "userSecurityQuestionMappings": [],
              "active": true
            },
            "uri": null
          }
        ],
        "read": true
      },
      {
        "msgID": 392,
        "body": "sdsds",
        "bodyCollapsed": "sdsds",
        "threadID": 208,
        "sentDate": 1438631297000,
        "subject": "test ",
        "receivedDate": 1438631297000,
        "fromRecipient": {
          "id": 103,
          "email": null,
          "avatar": "avatar5",
          "blocked": false,
          "username": "sohil",
          "firstName": null,
          "lastName": null,
          "picUrl": null,
          "registrationDate": 1438928211000,
          "lastLogin": 1439009282000,
          "loggableUser": {
            "id": 38561,
            "orgId": 0,
            "refId": 103,
            "createdBy": 2015,
            "deleted": false,
            "userType": "VICTIM",
            "lastUpdatedBy": 2015,
            "lastUpdatedOn": 1434574823000,
            "passwordValidity": 1434567845000,
            "userLoginHistory": [],
            "userSecurityQuestionMappings": [],
            "active": true
          },
          "uri": null
        },
        "messageType": "MAIL",
        "toRecipients": [
          {
            "id": 104,
            "email": "prakhar+prashant@yourdost.com",
            "avatar": "avatar7",
            "blocked": false,
            "username": "prashant",
            "firstName": "Nabanita",
            "lastName": "B.",
            "picUrl": "https://d1hny4jmju3rds.cloudfront.net/cloudinary/nabanita_hfkpaj.jpg",
            "registrationDate": 1438928211000,
            "lastLogin": 1439009488000,
            "loggableUser": {
              "id": 38562,
              "orgId": 0,
              "refId": 104,
              "createdBy": 2015,
              "deleted": false,
              "userType": "OPERATOR",
              "lastUpdatedBy": 2015,
              "lastUpdatedOn": 1434574823000,
              "passwordValidity": 1434567845000,
              "userLoginHistory": [],
              "userSecurityQuestionMappings": [],
              "active": true
            },
            "uri": null
          },
          {
            "id": 132,
            "email": null,
            "avatar": "avatar3",
            "blocked": false,
            "username": "snandekar",
            "firstName": "Jancy",
            "lastName": "C.",
            "picUrl": "https://d1hny4jmju3rds.cloudfront.net/cloudinary/Jancy_mp2kct.jpg",
            "registrationDate": 1438928211000,
            "lastLogin": 1438928431000,
            "loggableUser": {
              "id": 38564,
              "orgId": 0,
              "refId": 132,
              "createdBy": 2015,
              "deleted": false,
              "userType": "OPERATOR",
              "lastUpdatedBy": 2015,
              "lastUpdatedOn": 1434574823000,
              "passwordValidity": 1434567845000,
              "userLoginHistory": [],
              "userSecurityQuestionMappings": [],
              "active": true
            },
            "uri": null
          },
          {
            "id": 141,
            "email": null,
            "avatar": "avatar7",
            "blocked": false,
            "username": "Aarti",
            "firstName": "Prachi",
            "lastName": "D.",
            "picUrl": "https://d1hny4jmju3rds.cloudfront.net/cloudinary/Prachi_twepkr.jpg",
            "registrationDate": 1438928211000,
            "lastLogin": 1438944773000,
            "loggableUser": {
              "id": 38570,
              "orgId": 0,
              "refId": 141,
              "createdBy": 2015,
              "deleted": false,
              "userType": "OPERATOR",
              "lastUpdatedBy": 2015,
              "lastUpdatedOn": 1434574823000,
              "passwordValidity": 1434567845000,
              "userLoginHistory": [],
              "userSecurityQuestionMappings": [],
              "active": true
            },
            "uri": null
          }
        ],
        "read": true
      },
      {
        "msgID": 393,
        "body": "dssd",
        "bodyCollapsed": "dssd",
        "threadID": 208,
        "sentDate": 1438631531000,
        "subject": "test ",
        "receivedDate": 1438631531000,
        "fromRecipient": {
          "id": 103,
          "email": null,
          "avatar": "avatar5",
          "blocked": false,
          "username": "sohil",
          "firstName": null,
          "lastName": null,
          "picUrl": null,
          "registrationDate": 1438928211000,
          "lastLogin": 1439009282000,
          "loggableUser": {
            "id": 38561,
            "orgId": 0,
            "refId": 103,
            "createdBy": 2015,
            "deleted": false,
            "userType": "VICTIM",
            "lastUpdatedBy": 2015,
            "lastUpdatedOn": 1434574823000,
            "passwordValidity": 1434567845000,
            "userLoginHistory": [],
            "userSecurityQuestionMappings": [],
            "active": true
          },
          "uri": null
        },
        "messageType": "MAIL",
        "toRecipients": [
          {
            "id": 104,
            "email": "prakhar+prashant@yourdost.com",
            "avatar": "avatar7",
            "blocked": false,
            "username": "prashant",
            "firstName": "Nabanita",
            "lastName": "B.",
            "picUrl": "https://d1hny4jmju3rds.cloudfront.net/cloudinary/nabanita_hfkpaj.jpg",
            "registrationDate": 1438928211000,
            "lastLogin": 1439009488000,
            "loggableUser": {
              "id": 38562,
              "orgId": 0,
              "refId": 104,
              "createdBy": 2015,
              "deleted": false,
              "userType": "OPERATOR",
              "lastUpdatedBy": 2015,
              "lastUpdatedOn": 1434574823000,
              "passwordValidity": 1434567845000,
              "userLoginHistory": [],
              "userSecurityQuestionMappings": [],
              "active": true
            },
            "uri": null
          },
          {
            "id": 132,
            "email": null,
            "avatar": "avatar3",
            "blocked": false,
            "username": "snandekar",
            "firstName": "Jancy",
            "lastName": "C.",
            "picUrl": "https://d1hny4jmju3rds.cloudfront.net/cloudinary/Jancy_mp2kct.jpg",
            "registrationDate": 1438928211000,
            "lastLogin": 1438928431000,
            "loggableUser": {
              "id": 38564,
              "orgId": 0,
              "refId": 132,
              "createdBy": 2015,
              "deleted": false,
              "userType": "OPERATOR",
              "lastUpdatedBy": 2015,
              "lastUpdatedOn": 1434574823000,
              "passwordValidity": 1434567845000,
              "userLoginHistory": [],
              "userSecurityQuestionMappings": [],
              "active": true
            },
            "uri": null
          },
          {
            "id": 141,
            "email": null,
            "avatar": "avatar7",
            "blocked": false,
            "username": "Aarti",
            "firstName": "Prachi",
            "lastName": "D.",
            "picUrl": "https://d1hny4jmju3rds.cloudfront.net/cloudinary/Prachi_twepkr.jpg",
            "registrationDate": 1438928211000,
            "lastLogin": 1438944773000,
            "loggableUser": {
              "id": 38570,
              "orgId": 0,
              "refId": 141,
              "createdBy": 2015,
              "deleted": false,
              "userType": "OPERATOR",
              "lastUpdatedBy": 2015,
              "lastUpdatedOn": 1434574823000,
              "passwordValidity": 1434567845000,
              "userLoginHistory": [],
              "userSecurityQuestionMappings": [],
              "active": true
            },
            "uri": null
          }
        ],
        "read": true
      },
      {
        "msgID": 394,
        "body": "dsds",
        "bodyCollapsed": "dsds",
        "threadID": 208,
        "sentDate": 1438631744000,
        "subject": "test ",
        "receivedDate": 1438631744000,
        "fromRecipient": {
          "id": 103,
          "email": null,
          "avatar": "avatar5",
          "blocked": false,
          "username": "sohil",
          "firstName": null,
          "lastName": null,
          "picUrl": null,
          "registrationDate": 1438928211000,
          "lastLogin": 1439009282000,
          "loggableUser": {
            "id": 38561,
            "orgId": 0,
            "refId": 103,
            "createdBy": 2015,
            "deleted": false,
            "userType": "VICTIM",
            "lastUpdatedBy": 2015,
            "lastUpdatedOn": 1434574823000,
            "passwordValidity": 1434567845000,
            "userLoginHistory": [],
            "userSecurityQuestionMappings": [],
            "active": true
          },
          "uri": null
        },
        "messageType": "MAIL",
        "toRecipients": [
          {
            "id": 104,
            "email": "prakhar+prashant@yourdost.com",
            "avatar": "avatar7",
            "blocked": false,
            "username": "prashant",
            "firstName": "Nabanita",
            "lastName": "B.",
            "picUrl": "https://d1hny4jmju3rds.cloudfront.net/cloudinary/nabanita_hfkpaj.jpg",
            "registrationDate": 1438928211000,
            "lastLogin": 1439009488000,
            "loggableUser": {
              "id": 38562,
              "orgId": 0,
              "refId": 104,
              "createdBy": 2015,
              "deleted": false,
              "userType": "OPERATOR",
              "lastUpdatedBy": 2015,
              "lastUpdatedOn": 1434574823000,
              "passwordValidity": 1434567845000,
              "userLoginHistory": [],
              "userSecurityQuestionMappings": [],
              "active": true
            },
            "uri": null
          },
          {
            "id": 132,
            "email": null,
            "avatar": "avatar3",
            "blocked": false,
            "username": "snandekar",
            "firstName": "Jancy",
            "lastName": "C.",
            "picUrl": "https://d1hny4jmju3rds.cloudfront.net/cloudinary/Jancy_mp2kct.jpg",
            "registrationDate": 1438928211000,
            "lastLogin": 1438928431000,
            "loggableUser": {
              "id": 38564,
              "orgId": 0,
              "refId": 132,
              "createdBy": 2015,
              "deleted": false,
              "userType": "OPERATOR",
              "lastUpdatedBy": 2015,
              "lastUpdatedOn": 1434574823000,
              "passwordValidity": 1434567845000,
              "userLoginHistory": [],
              "userSecurityQuestionMappings": [],
              "active": true
            },
            "uri": null
          },
          {
            "id": 141,
            "email": null,
            "avatar": "avatar7",
            "blocked": false,
            "username": "Aarti",
            "firstName": "Prachi",
            "lastName": "D.",
            "picUrl": "https://d1hny4jmju3rds.cloudfront.net/cloudinary/Prachi_twepkr.jpg",
            "registrationDate": 1438928211000,
            "lastLogin": 1438944773000,
            "loggableUser": {
              "id": 38570,
              "orgId": 0,
              "refId": 141,
              "createdBy": 2015,
              "deleted": false,
              "userType": "OPERATOR",
              "lastUpdatedBy": 2015,
              "lastUpdatedOn": 1434574823000,
              "passwordValidity": 1434567845000,
              "userLoginHistory": [],
              "userSecurityQuestionMappings": [],
              "active": true
            },
            "uri": null
          }
        ],
        "read": true
      }
    ],
    "id": 208
  }
}