{
	"verybad": {
		"score": "0-30%",
		"message": "<p>Umm, looks like you're finding it a little tough to break your smoking habit.</p>",
		"cta": "Don't worry, help is just a click away. Connect with our Experts and get the right kind of guidance, right when you need it.",
		"imageUrl":"https://d1hny4jmju3rds.cloudfront.net/kickthebutt/assessmentpage-result0-30-B.png"
	},
	"bad": {
		"score": "30-50%",
		"message": "<p>Good job!  But we know you can do a lot better in the coming weeks.</p>",
		"cta": "Getting rid of your smoking habit gets a lot easier, with a little help. Connect with our Experts now.",
		"imageUrl":"https://d1hny4jmju3rds.cloudfront.net/kickthebutt/assessmentpage-result30-50-B.png"
	},
	"average": {
		"score": "50-70%",
		"message": "<p>That's impressive! Now, try to finish every task, next week.</p>",
		"cta": "You're halfway there, reach your goals faster with some professional guidance. Connect with our Experts now.",
		"imageUrl":"https://d1hny4jmju3rds.cloudfront.net/kickthebutt/assessmentpage-result50-70-B.png"
	},
	"good": {
		"score": "80-90%",
		"message": "<p>Splendid! Next week, finish all the tasks, and go from 'almost there' to 'been there done that' :)</p>",
		"cta": "You've come far this week, but with little professional guidance, you'll go much further in the coming weeks. Connect with our Experts now.",
		"imageUrl":"https://d1hny4jmju3rds.cloudfront.net/kickthebutt/assessmentpage-result80-90-B.png"
	},
	"excellent": {
		"score": "90-100%",
		"message": "<p>You finished all your tasks. Great! Keep doing this and keep making strides on your journey to a smoke-free life :)</p>",
		"cta": "Get professional guidance, and continue staying on track with your goals. Connect with our Experts now.",
		"imageUrl":"https://d1hny4jmju3rds.cloudfront.net/kickthebutt/assessmentpage-result100-B.png"
	}
}