{
    "title":"KicktheButt Week 5 Assessment",
    "desc":"Take the assessment for Week 1 and find out how well you've done in reducing your smoking habit.",
    "week":"assessment-5",
    "total": 20,
    "coverImage": "https://d1hny4jmju3rds.cloudfront.net/kickthebutt/kickthebutt-assesment-5.png",
    "questions": [
        {
            "question": "Select the days you carried the index card with you",
            "answers": [
                {
                    "day": "Sunday",
                    "score": 1
                },
                {
                    "day": "Monday",
                    "score": 1
                },
                {
                    "day": "Tuesday",
                    "score": 1
                },
                {
                    "day": "Wednesday",
                    "score": 1
                },
                {
                    "day": "Thursday",
                    "score": 1
                },
                {
                    "day": "Friday",
                    "score": 1
                },
                {
                    "day": "Saturday",
                    "score": 1
                }
            ],
            "type": "multi",
            "required":false
        },
        {
            "question": "Did you learn something new from a colleague who successfully quit smoking?",
            "answers": [
                {
                    "text": "Yes",
                    "score": 1
                },
                {
                    "text": "No",
                    "score": 0
                }
            ],
            "type": "bool",
            "required":true
        },
        {
            "question": "Have you increased your water intake?",
            "answers": [
                {
                    "text": "Yes",
                    "score": 1
                },
                {
                    "text": "No",
                    "score": 0
                }
            ],
            "type": "bool",
            "required":true
        },
        {
            "question": "Have you started carrying something to read/play to kill boredom?",
            "answers": [
                {
                    "text": "Yes",
                    "score": 1
                },
                {
                    "text": "No",
                    "score": 0
                }
            ],
            "type": "bool",
            "required":true
        },
        {
            "question": "Have you started smoking only half a cigarette at a time?",
            "answers": [
                {
                    "text": "Yes",
                    "score": 1
                },
                {
                    "text": "No",
                    "score": 0
                }
            ],
            "type": "bool",
            "required":true
        },
        {
            "question": "Have you made a conscious effort to avoid places where smoking is allowed?",
            "answers": [
                {
                    "text": "Yes",
                    "score": 1
                },
                {
                    "text": "No",
                    "score": 0
                }
            ],
            "type": "bool",
            "required":true
        },
        {
            "question": "Have you ensured that you only smoke in smoking rooms while you are out with friends?",
            "answers": [
                {
                    "text": "Yes",
                    "score": 1
                },
                {
                    "text": "No",
                    "score": 0
                }
            ],
            "type": "bool",
            "required":true
        },
        {
            "question": "Mark the days you did something outside of your usual routine",
            "answers": [
                {
                    "day": "Sunday",
                    "score": 1
                },
                {
                    "day": "Monday",
                    "score": 1
                },
                {
                    "day": "Tuesday",
                    "score": 1
                },
                {
                    "day": "Wednesday",
                    "score": 1
                },
                {
                    "day": "Thursday",
                    "score": 1
                },
                {
                    "day": "Friday",
                    "score": 1
                },
                {
                    "day": "Saturday",
                    "score": 1
                }
            ],
            "type": "multi",
            "required":false
        },
        {
            "question":"So how many cigarettes do you smoke now?",
            "required":true,
            "type":"text"
        }
    ]
}