{
    "title":"KicktheButt Week 4 Assessment",
    "desc":"Take the assessment for Week 1 and find out how well you've done in reducing your smoking habit.",
    "week":"assessment-4",
    "total": 25,
    "coverImage": "https://d1hny4jmju3rds.cloudfront.net/kickthebutt/kickthebutt-assesment-4.png",
    "questions": [
        {
            "question": "Select the days you carried the index card with you",
            "answers": [
                {
                    "day": "Sunday",
                    "score": 1
                },
                {
                    "day": "Monday",
                    "score": 1
                },
                {
                    "day": "Tuesday",
                    "score": 1
                },
                {
                    "day": "Wednesday",
                    "score": 1
                },
                {
                    "day": "Thursday",
                    "score": 1
                },
                {
                    "day": "Friday",
                    "score": 1
                },
                {
                    "day": "Saturday",
                    "score": 1
                }
            ],
            "type": "multi",
            "required":false
        },
        {
            "question": "How many days did you track your run?",
            "answers": [
                {
                    "day": "Sunday",
                    "score": 1
                },
                {
                    "day": "Monday",
                    "score": 1
                },
                {
                    "day": "Tuesday",
                    "score": 1
                },
                {
                    "day": "Wednesday",
                    "score": 1
                },
                {
                    "day": "Thursday",
                    "score": 1
                },
                {
                    "day": "Friday",
                    "score": 1
                },
                {
                    "day": "Saturday",
                    "score": 1
                }
            ],
            "type": "multi",
            "required":false
        },
        {
            "question": "Did you take out time to reflect on the difficult things you have done in the past?",
            "answers": [
                {
                    "text": "Yes",
                    "score": 1
                },
                {
                    "text": "No",
                    "score": 0
                }
            ],
            "type": "bool",
            "required":true
        },
        {
            "question": "Did you learn something new from a colleague who successfully quit smoking?",
            "answers": [
                {
                    "text": "Yes",
                    "score": 1
                },
                {
                    "text": "No",
                    "score": 0
                }
            ],
            "type": "bool",
            "required":true
        },
        {
            "question": "Have you stopped carrying change for cigarettes?",
            "answers": [
                {
                    "text": "Yes",
                    "score": 1
                },
                {
                    "text": "No",
                    "score": 0
                }
            ],
            "type": "bool",
            "required":true
        },
        {
            "question": "Have you updated your friends and family about your progress?",
            "answers": [
                {
                    "text": "Yes",
                    "score": 1
                },
                {
                    "text": "No",
                    "score": 0
                }
            ],
            "type": "bool",
            "required":true
        },
        {
            "question": "Mark the days you did something outside of your usual routine",
            "answers": [
                {
                    "day": "Sunday",
                    "score": 1
                },
                {
                    "day": "Monday",
                    "score": 1
                },
                {
                    "day": "Tuesday",
                    "score": 1
                },
                {
                    "day": "Wednesday",
                    "score": 1
                },
                {
                    "day": "Thursday",
                    "score": 1
                },
                {
                    "day": "Friday",
                    "score": 1
                },
                {
                    "day": "Saturday",
                    "score": 1
                }
            ],
            "type": "multi",
            "required":false
        },
        {
            "question":"So how many cigarettes do you smoke now?",
            "required":true,
            "type":"text"
        }
    ]
}