{
    "h1": {
        "title": "ADDICTION",
        "id":22,
        "metaTitle": "Porn, Drug & Alcohol Addiction | YourDOST Articles",
        "metaDescription": "Learn to know more about the major three types of addictions, their symptoms & how each of them can be treated",
        "bannerImg": "https://d1hny4jmju3rds.cloudfront.net/hubs_and_spokes_images/anxiety-bg.png",
        "bannerH1": "Getting rid of an addiction may seem difficult but we are here to help you!.",
        "bannerH2": "Don't keep it in.",
        "h2": [
            {
                "title": "What is Addiction?",
                "content": "<p>Addiction is a psychological condition where a person is addicted to a substance or an activity and find it difficult to let go of it. The urge is too strong to control even if you know that it is causing harm. Many a time&nbsp;it tends to interfere with ordinary life responsibilities such as work, relationship and even health. Addiction can become more important than the need to eat or sleep. The addiction can replace all the things that the person used to enjoy. The addicted person goes to extreme lengths to fulfill their urge like lying, stealing or even hurting others. Addiction is more than a weakness it is a disease. It can affect people from all background and people of any age, while generally it&rsquo;s been seen to affect young.</p>",
                "imgUrl": "https://d1hny4jmju3rds.cloudfront.net/hubs_and_spokes_images/addiction/addiction.jpg",
                "altImage": "Anxiety"
            },
            {
                "title": "Porn Addiction",
                "url" : "addiction/porn-addiction",
                "content": "<p>Pornography addiction is a form of sex addiction in which the subject engages in a&nbsp;compulsive sexual activity with the use of pornographic material, despite knowing the negative consequences such as physical, social or financial wellbeing.&nbsp;</p><p>Porn addiction develops like drug addiction. Initially, one may have a rewarding experience with pornography, but the individual may soon experience uncontrollable urge to attain sexual satisfaction through entertainment. The internet has given easy access and anonymity to the consumers giving rising to porn addiction. The connection between internet porn and sexual satisfaction can become so strong that simply&nbsp;sitting in front of a computer can elicit a&nbsp;sexual response.</p>"
            },
            {
                "title": "Drug Addiction",
                "url" : "addiction/drug-addiction",
                "content": "<p>Drug addiction is a type of addiction in which the person a person becomes addicted to a legal or illegal drug. The addicted person is not able to control the drug use and may continue its usage despite knowing the harm it causes. Drug addiction is accompanied with an&nbsp;intense craving for the drug. People will want to quite but may find it hard to do it on their own. Drug addiction can cause serious consequences including problems around physical and mental health, relationship, career, and employment, etc.</p>"
            },
            {
                "title": "Alcoholism",
                 "url" : "addiction/alcoholism",
                "content": "<p>Alcohol use disorder or commonly known as alcoholism is a form of addiction in which the person has problems controlling drinking. In the medical context, alcoholism occurs when</p><ul>    <li>A person consumes&nbsp;large&nbsp;amount of drinks over a&nbsp;long period of time,</li>    <li>Has difficulty in reducing it,</li> <li>Have strong urge to consume alcohol and</li>    <li>Its usage results in not fulfilling responsibilities, social and health problems</li>   <li>Withdrawal occurs when trying to stop as tolerance level occurred owing to continued usage</li></ul><p>If your drinking patterns result in significant distress and problem in normal functioning in your daily life, you may most likely have alcohol use disorder. Early detection and treatment&nbsp;is&nbsp;thus very important. Continued alcohol use affects all parts of the body. But it particularly <a href=\"https://yourdost.com/blog/2015/09/how-does-alcohol-affect-my-brain-cells.html?yd_source=HubSpoke&amp;yd_medium=InternalLinking&amp;yd_content=Addiction&amp;yd_campaign=\">affects the&nbsp;brain</a>, heart, liver, pancreases and immune system. Alcohol addiction can result in mental illness, live and heart failure, and increases the risk of cancer.</p>"
            }
        ]
    }
}