{
    "h1": {
        "title": "Counseling",
        "id" : "",
        "metaTitle": "What is Counselling | Types of Counselling | YourDOST",
        "metaDescription": "Know in detail about counselling & its types including online counselling, individual, marriage counselling, educational counselling & thier benefits",
        "bannerImg": "https://d1hny4jmju3rds.cloudfront.net/hubs_and_spokes_images/counselling/counseling.png",
        "h2": [
            {
                "title": "What is Counseling?",
                "content": "<p>Counseling is a process where clients are helped in dealing with their personal and interpersonal conflicts by a third-party therapist. It allows an individual to have an opportunity to improve upon their understanding of themselves, including their pattern of thoughts, behaviours, feelings and the ways in which these may have been problematic in their lives. It also helps to examine how to tap into existing resources or develop new ones that enhance their lives and relationships.</p>"
            },
            {
                "title": "Online Counseling",
                "content": "<p>The internet is the most preferred form of communication in the present time. Online counseling is counseling provided through the medium of the internet, via email, real time chat and video conferencing. There are several benefits to online counseling, some being accessibility (anyone with internet connection can access counsellors), affordability (economical for both the counsellor and the patient), convenience (can avail counseling at preferred time), <a href=\"https://yourdost.com/blog/2016/01/fight-against-the-mental-health-stigma.html?yd_source=HubSpoke&amp;yd_medium=InternalLinking&amp;yd_content=Counseling&amp;yd_campaign=\">social stigma</a> (do not need to visit the therapist, and hence, there is no fear of being &lsquo;caught&rsquo;), anonymity (no need to reveal the true identity of the patient) and variant forms of communication.</p>",
                "url": "/counseling/online-counseling"
            },
            {
                "title": "Types of Counseling",
                "content": "<p>&ldquo;Counseling&rdquo; is a very broad category that encompasses many opportunities in any number of counseling subfields. <a href=\"https://yourdost.com/talkItOut?yd_source=HubSpoke&amp;yd_medium=InternalLinking&amp;yd_content=Counseling&amp;yd_campaign=\">Counsellors and therapists</a> help their clients in a variety of ways, depending upon the type of counseling they need. Few of the types of counseling are as follows:</p>",
                "h3": [
                    {
                        "title": "1. Individual Counseling",
                        "content": "<p>Individual counseling is a one on one counseling process of a patient and a trained psychiatrist, psychotherapist or psychologist, where the patient seeks to achieve certain goals. It is mainly a process of self-discovery and overcoming your problems, where a person works out his/her issues under the guidance of an expert. Individual counseling is popular because it provides the setting for a patient to talk openly about his/her problems and disclose his/her feelings, without fear of being judged. Individual counseling helps patients explore themselves better and work out their issues, and basically discuss issues which they may not be comfortable discussing with others.</p>",
                        "url": "/counseling/individual-counseling"
                    },
                    {
                        "title": "2. Relationship & Marriage Counseling",
                        "content": "<p>As the name suggests, relationship counseling is the counseling that the parties of a relationship undergo, in order to resolve relationship issues and foster better relationships. Typically, relationship counseling involves couple therapy, which is a subset of relationship therapy, where partners involved in a romantic relationship seek therapy, however relationship counseling is not confined to those involved in a romantic or sexual relationship. It could be relationship counseling between parents and a child, boss and an employee etc. Marriage counseling is counseling of parties to a marriage, either before marriage or after marriage. It could be for a specific problem, or to remove the general toxicity of a relationship.</p>",
                        "url": "/counseling/relationship-marriage-counseling"
                    },
                    {
                        "title": "3. Career Counseling",
                        "content": "<p>Career counseling is for both students who are about to decide their careers and professionals, to guide them on their professional growth trajectory. It mainly is an assessment of your strengths and discovering where your interests lie. Career counseling generally takes place in a high school setting, and could also involve help in selection of colleges to best suit the student's needs and requirements. However, it could also be for professionals who want to switch careers or want to learn how to progress in the career they have chosen.</p>",
                        "url": "/counseling/career-counseling"
                    },
                    {
                        "title": "4. Educational Counseling",
                        "content": "<p>Academics is one of the biggest reasons of stress and anxiety in students and parents alike. So academic counseling is counseling pertaining to time management, <a href=\"https://yourdost.com/blog/2015/08/winning-over-our-worst-enemy-called-procrastination.html?yd_source=HubSpoke&yd_medium=InternalLinking&yd_content=Counseling&yd_campaign=\">procrastination</a> and study tips.</p>",
                        "url": "/counseling/education-counseling"
                    }
                ]
            }
        ]
    }
}