{
    "h1": {
        "title": "Depression",
        "id" : "",
        "metaTitle": "Depression | Symtpoms | Depressive Disorders & Treatment",
        "metaDescription": "Read to know more about what is depression & its signs, major types of depressive disorders & how those can be treated",
        "bannerImg": "https://d1hny4jmju3rds.cloudfront.net/hubs_and_spokes_images/depression/Depression.png",
        "bannerH1": "Don't let depression consume you, help is available",
        "bannerH2": "Talk to our experts now!",
        "h2": [
            {
                "title": "What is Depression?",
                "content": "<p>Depression (major depressive disorder) is a common medical illness that negatively affects how you feel, the way you think and how you act. Depression causes feelings of sadness, fatigue, lack of concentration and/or a loss of interest in activities once enjoyed. It can lead to a variety of emotional and physical problems and can decrease a person&rsquo;s ability to function at work and at home. Fortunately, it is treatable.</p><p>Depression can become a serious illness and would need a clinical intervention. Depression is caused by the changes in the brain chemistry, but it is not restricted to that. Research has pointed out that there are various other factors that may contribute to depression which includes genetics, changes in hormones, certain medical conditions, an ongoing stress, anxiety and grief, or other difficulty in life. These factors alone or in combination can change the brain chemistry and lead to depression.</p><p>A wide population suffers from depression, or has experienced it at some point of their life. The World Health Organization characterizes depression as one of the most disabling disorder in the world, affecting&nbsp; roughly one in five women and one in ten men at some point in their lifetime.</p>",
                "imgUrl": "https://d1hny4jmju3rds.cloudfront.net/hubs_and_spokes_images/depression/What+is+depression.jpg",
                "altImage": "What is Depression?"
            },
            {
                "title": "Symptoms of Depression",
                "content": "<p>Depression symptoms can vary from mild to severe. According to DSM- V, a person may be called to suffer from depression if s/he has 5 out of 9 symptoms nearly everyday.</p><p>Source: <a href=\"http://www.psnpaloalto.com/wp/wp-content/uploads/2010/12/Depression-Diagnostic-Criteria-and-Severity-Rating.pdf\">Linked</a></p><ol><li>Depressed mood or irritable most of the day, nearly every day, as indicated by either subjective report (e.g., feels sad or empty) or observation made by others (e.g., appears tearful).</li>  <li>Decreased interest or pleasure in most activities, most of each day.</li>   <li>Significant weight change (5%) or change in appetite</li>   <li>Change in sleep: Insomnia or hypersomnia</li>   <li>Change in activity: Psychomotor agitation or retardation</li>   <li>Fatigue or loss of energy</li>  <li>Guilt/worthlessness: Feelings of worthlessness or excessive or inappropriate guilt</li> <li>Concentration: diminished ability to think or concentrate, or more indecisiveness</li>  <li>Suicidality: Thoughts of death or suicide, or has suicide plan</li></ol>"
            },
            {
                "title": "Types of Depressive Disorders",
                "content": "Below are the type of depressive disorders",
                "h3": [
                    {
                        "title": "1. Major or Unipolar depression",
                        "content": "As the name suggests, feeling depressed for most of the time is called major depressive disorder.",
                        "url": "depression/major-depression"
                    },
                    {
                        "title": "2. Dysthymia or Persistent depressive disorder (PDD)",
                        "content": "Depression that persists for more than 2 years is called persistent depressive disorder.",
                        "url": "depression/dysthymia"
                    },
                    {
                        "title": "3. Seasonal affective disorder (SAD)",
                        "content": "Seasonal affective depression generally happens during winter due to lack of exposure to sunlight.",
                        "url": "depression/seasonal-affective-disorder"
                    },
                    {
                        "title": "4. Psychotic depression",
                        "content": "Psychotic depression is a kind of major depression, coupled with hallucinations, paranoia and delusions.",
                        "url": "depression/psychotic-depression"
                    },
                    {
                        "title": "5. Postpartum depression (PPD)",
                        "content": "Depression that arises right after the birth of a child in mothers is called postpartum depression.",
                        "url": "depression/postpartum-depression"
                    }

                ]
            },
            {
                "title": "Depression Treatment",
                "content": "<p>Depression is usually treated with a combination of medication and therapy. There is no standard treatment method for depression, as it varies from person to person. Medication could be mood stabilizers and antidepressants while therapy is usually Cognitive Behavioral therapy.</p><p>Antidepressants usually consist of one of these 3 chemicals, serotonin, dopamine and norepinephrine.</p><p>Cognitive behavioral therapy is further divided into cognitive therapy and exposure therapy.</p><p>A balanced diet and regular activity and exercise can also be part of the treatment plan.</p>",
                "url": "depression/treatment"
            }
        ]
    }
}