{
 
	"career-counselling":[

		{
            "id" : 1,
            "question" : "I don’t think I learn anything in college. What if I don’t get a job?",
            "url":"career-counselling",
            "answer" :"<p>This is a very common concern among youngsters at college level. You might feel that you aren’t learning anything but in reality it's not the case. Learning is not just about syllabus, it's more about one’s overall personality grooming, exposure, general awareness and life skills.</p><p>Firstly, reflect and analyse if the course that you have chosen is of your choice and it is helping you to utilise your aptitude and skills to the maximum. If the answer to this is a “ yes”, then you are on the right track and you may dump your worries about securing a job. If your answer is a “ no”, do seek the help of a professional or seniors to match your course of study with your aptitude and skills</p><p>Today’s job market is based on combination of technical &amp; soft skills and research says college is the best place to learn and practice soft skills. So, if you really are concerned about job, then also focus on your soft skills learning in college.</p>",
            "category" : "career-counselling",
            "hub":"counselling"
        },
        {
            "id" : 2,
            "question" : "I'm working for an organisation. There are times of joy and happiness but to a major extent I feel low. I'm not able to complete my tasks at work. I have a huge pile up of tasks which is pending since a long time back. I don’t know how to prioritise work. I don’t know how to manage tasks properly and this is leading to stress. I feel helpless.",
            "url":"career-counselling",
            "answer" :"<p>Life is a journey through these joys and lows. You mentioned that you are not able to prioritize work. Make a small chart of your roles and responsibilities. Write your name in the center of a blank page. Make small circles surrounding your name. In each circle write one responsibility – parents, spouse, children, job, social roles (attending marriages, funerals, parties, etc), financial management, home management, friends, etc. Now put time consumed under all these categories. Use this chart to prioritize. How much percentage of time and mental space does your work occupy? From which other role can you readjust time?</p><ul><li><p>Make a list of tasks at work. Put a realistic time frame against that task. Identify how much time you are taking to complete the task. If you are taking one and a half times more than others to complete the same given tasks, maybe you are either too stressed or ill-equipped to handle that task. Train yourself a little. Seek help from colleagues or seniors.</p></li><li><p>Are you stressed? Relax a little, pamper yourself and try not to stretch yourself as an elastic band.</p></li><li><p>Believe in yourself.</p></li><li><p>Self Talk and visualize your goal in as much detail as you can. Let your imagination loose.</p></li><li><p>Do not forget to acknowledge your achievements, strengths and blessings.</p></li><li><p>If you have issues with authority, work on it.</p></li><li><p>Lastly, be assertive, if you believe tasks are being dumped on you. Understand the rationality behind the work you have to do.</p></li></ul><p>This might help:<br><a href='https://yourdost.com/blog/2015/05/slowdown-to-speed-up.html'>https://yourdost.com/blog/2015/05/slowdown-to-speed-up.html</a></p>",
            "category" : "career-counselling",
            "hub":"counselling"
        },
        {
            "id" : 3,
            "question" : "I have a job at hand according to my qualification but I want to study further in CS and at the same time want to start my own work. I am very confused. What do I do?",
            "url":"career-counselling",
            "answer" :"<p>We choose our work according to our aptitudes and interests. To understand that better, aptitudes are areas you are good at naturally, you can learn and grow in these areas with relative ease. Interests as the name suggests are areas that you are drawn to and have a liking for. The most satisfying jobs are those that can combine both our interests and aptitude.</p><p>The difference between a job and a business (start-up) lies&nbsp;in the risk capacity a person has. A job requires investment of your time and skill, but the onus of managing&nbsp;the risks is with&nbsp;the owner, or with the system. In a start-up, your investment is at every level – capital, people (team), business model, investor management, market fluctuations, competition etc. There are many areas to balance, comprehend and manage in a start-up. Consider your risk capacity, and team you have been able to identify. This would help you reach a right decision. If you are younger than 28 years of age, you have time in your favor. You could take a job, observe the other departments while enhancing your skill. Or you could start your own work and learn on the way.</p><p>To get a better clarity on your confusion reflect on these:</p><ul><li><p>Do you want a degree just to add to your profile?</p></li><li><p>Do you want to get a higher degree because you want to learn more about the subject and you feel it cannot be learnt on the field?</p></li><li><p>If it is for knowledge, can distance education, various courses on coursera help?</p></li><li><p>How will you feel if someone else would have implemented your idea tomorrow and you were just thinking about it?</p></li><li><p>Can you go back and study in a university 5 years later?</p></li><li><p>Can you wait to finish university and hope that idea is still unexplored?</p></li></ul><p>Always remember, it is your life and you get to define your rules. You can choose whatever you want and there is no wrong answer. In both cases, you will have a good learning and you will grow as a person.</p><p>In order to diminish the confusion, start to organize your thoughts and make a plan of action. Every big company was started some day in a garage. Every great academician was just a graduate some day.</p><p>Follow your heart and go for it!</p>",
            "category" : "career-counselling",
            "hub":"counselling"
        }
	],
	"relationship-marriage-counselling" : [
		{
			"id" : 1,
			"question" : "My boyfriend wants to have sex. I'm not sure if I’m ready for sex. How can I tell him or should I just do it?",
			"url":"relationship-counselling",
			"answer" : "<p>Sex is a beautiful expression of love and trust. But it comes with a lot of mental, physical and emotional responsibility. It is not something to ‘just be done’. If you are not feeling too sure about it, take your time. Talk to your boyfriend about it. If he loves and respects you and your relationship, he will surely understand and give you space. If he is still adamant, reconsider the maturity and communication patterns in your relationship.</p><p>Also ask yourself if you have confusions or past wounds around your sexuality. Speak to a neutral mature person to discuss your history. It would help you make an informed decision on whether or not to be in this relationship, agree with sexual intimacy and become more assertive. Also discuss sex education with a trusted adult.</p><p>Here is a video that might be of help to you:&nbsp;<a target='_blank' href='https://yourdost.com/blog/2015/12/video-sex-real-talk-about-losing-your-virginity.html'>https://yourdost.com/blog/2015/12/video-sex-real-talk-about-losing-your-virginity.html</a></p>",
			"category" : "relationship-marriage-counselling",
			"hub":"counselling"
		},
		{
			"id" : 2,
			"question" : "My boyfriend/girlfriend is moving to a different city. Does long-distance relationship work?",
			"url":"relationship-counselling",
			"answer" : "<p>Yes, why not!</p><p>But first we need to see why long distance relations fail generally. Research in this area is less, so we do not know how and under what circumstances such relations fail or work. But mostly we see that people share from their own experiences and perspectives as what is required to keep such relations stable. One of the main components of successful relationships is proximity, regular communication and healthy conflict resolution.</p><p>According to my view, conflict resolution is more important than others in long distance relations. We can maintain communication through phone, SMSes, WhatsApp, Hike, Skype etc. And in most cases this keeps the spark alive. But when a conflict arises it is more difficult to solve it, as we do not get the opportunity to observe and take care of other person’s intentions and behaviors. We mostly judge according to limited communication that we have. We do not find it comfortable to resolve everything via virtual media. So this makes the matters worse. In such cases we find it difficult to reach effective solutions. And if you have faced difficulties in resolving conflicts earlier, then chances that you would be able to resolve them later in the long distance relationship,&nbsp;are less.</p><p>Another important point is how long you have been in the relationship,&nbsp;and how long was the period when you two were not in the&nbsp;long-distance mode. If your relationship is a few weeks or months old, then you have got less time to build mutual understanding, Therefore, problems can arise and lead to misunderstandings in long distance. If such is the case, then look for ways where you two can meet at some regular periods, keep communicating with each other. Do not discuss problems over the phone too much, as this would lead to poor conflict resolution. Try to avoid any heated arguments on phone. Consider talking to each other as stress-reliever.</p>",
			"category" : "relationship-marriage-counselling",
			"hub":"counselling"
		},
		{
			"id" : 3,
			"question" : "I don’t like it when my girlfriend talks to anyone else. She should be there just for me. What should I do? The more I tell her this, the more she retaliates.",
			"url":"relationship-counselling",
			"answer" : "<p>The good thing is that you are aware of this behavior of yours and that you know very well that this attitude is not helping you in any way in your relationship. Feeling possessive can be a normal part of a relationship.&nbsp;May be your girlfriend is also possessive about you though she may not express it or she doesn’t pressurize much like you do.</p><p>Possessiveness, however can also indicate&nbsp;insecurity. Loving someone includes trust, togetherness (timing when both want to be together), respect and space. Introspect a little into your own heart to understand what is making you possessive. Usually our past experiences affect our current behaviors in relationships. If you have gone through previous bad experiences of breakups or rejections, or if you have felt insecure about yourself in some way regarding your intimacy with the girls, then your relationship&nbsp;with your girlfriend is going to bring feelings of mistrust. If there are previous experiences that were hurtful, then make sure you need to heal yourself first by contacting a good psychotherapist.</p><p>The tighter you would want to hold on to your girlfriend, the more she will slip away. Love her and trust her. If there are reasons that you have identified that leads to lack of trust, communicate and solve them. Lack of trust can make a relationship resentful and unhappy.</p>",
			"category" : "relationship-marriage-counselling",
			"hub":"counselling"
		},
		{
			"id" : 4,
			"question" : "I love my boyfriend a lot, but he cares for me only when he wants something from me, otherwise he is always annoyed and angry. It has been like this for a while now. We hardly talk about things. He gets food and other stuff for me but that is all surface level. I am not sure of how to deal with this situation. Even our romance is very mechanical. Something does not feel right. I dont know what to do.",
			"url":"relationship-counselling",
			"answer" : "<p>All relationships go through certain stages of development. It is possible that you two are at two different stages of the relationship – different expectations, desires, fantasies, need for different kinds of emotions and expressions. Introspect upon your feelings&nbsp;other than love&nbsp;for your boyfriend. The deeper a relationship becomes the gender differences begin to appear in relationships. Men have a different way of expression and women seek different ways of expression. Couples at this stage can learn more about&nbsp;each other’s personalities and improve their communication skills to find an acceptable balance between the gender differences.</p><p>Meanwhile, discuss your personal and relationship history with an expert to identify any emotional issues, or unresolved problems between both of you, within you or in him.</p>",
			"category" : "relationship-marriage-counselling",
			"hub":"counselling"
		},
		{
			"id" : 5,
			"question" : "I was in a relationship for one and a half years and we broke up. Now I feel lost. I can’t seem to come out of it. I feel lost and devastated. How to get rid of this feeling?",
			"url":"relationship-counselling",
			"answer" : "<p>You haven’t mentioned how long it has been since your break&nbsp;up. Any wound, any loss, takes time to heal. If your break&nbsp;up is recent, it is natural for you to feel lost and devastated. Give yourself healing time by engaging in simple art, music, walks, sleep kind of activities.</p><p>If your break up happened more than 6 to&nbsp;8 months back, then you might be going through a mild depression. Depressions are not always bad, but they are like quicksand. The more you try to come out of them, the faster you sink. Reach out to <a target='_blank' href='https://yourdost.com/talkItOut'>an expert</a> or trusted family or friend to help you out of this phase. Cry it out, talk it out, and permit some space to your life beyond your relationship, such as&nbsp;– your dreams, work, hobbies, parents, friends etc.</p>",
			"category" : "relationship-marriage-counselling",
			"hub":"counselling"
		},
		{
			"id" : 6,
			"question" : "My boyfriend is egoistic. He does not understand my feelings. He does not communicate his feelings either. He insists on being practical. If I cry, he gets angry. How do i communicate with him?",
			"url":"relationship-counselling",
			"answer" : "<p>Practicality is the topmost layer of human existence. Feelings, ideas and initiative lie in the deeper folds of human mind. Many people find it threatening to enter this deeper level. Ego is a mask we wear when we are scared at this deeper level. Unfortunately, this fear is unconscious and very few people are aware of this. Having mentioned the theory, it is very understandable that it is tough to be with someone like this. Don't expect him to understand you. Help him learn feelings through smaller non-threatening feelings. Once he can feel things like watching children play in a park, or like a romantic song, or feel emotional connect with his parents (not duty bound), or look into your eyes and involuntarily smile; then slowly probe into deeper feelings. If he is not opening up, you can seek help from a therapist to help you understand your own expectations of him. Communicate from a position of strength, not helplessness.</p>",
			"category" : "relationship-marriage-counselling",
			"hub":"counselling"
		},
		{
			"id" : 7,
			"question" : "I was in a relationship for one and a half years and we broke up. Now I feel lost. I can’t seem to come out of it. I feel lost and devastated. How to get rid of this feeling?",
			"url":"relationship-counselling",
			"answer" : "<p>You haven’t mentioned how long it has been since your break&nbsp;up. Any wound, any loss, takes time to heal. If your break&nbsp;up is recent, it is natural for you to feel lost and devastated. Give yourself healing time by engaging in simple art, music, walks, sleep kind of activities.</p><p>If your break up happened more than 6 to&nbsp;8 months back, then you might be going through a mild depression. Depressions are not always bad, but they are like quicksand. The more you try to come out of them, the faster you sink. Reach out to <a target='_blank' href='https://yourdost.com/talkItOut'>an expert</a> or trusted family or friend to help you out of this phase. Cry it out, talk it out, and permit some space to your life beyond your relationship, such as&nbsp;– your dreams, work, hobbies, parents, friends etc.</p>",
			"category" : "relationship-marriage-counselling",
			"hub":"counselling"
		},
		{
			"id" : 8,
			"question" : "I wanted to have sex but my girlfriend refused , how should i convince her?",
			"url":"relationship-counselling",
			"answer" : "<p>Sex&nbsp;is a private and a very personal act between two people. You may want to indulge in it while your girlfriend is not ready, but, when it comes to sex, everyone has a right to choose whether to go for it or not.&nbsp;It is legally punishable if forced.&nbsp;Also, sex is an act for which one needs preparation&nbsp;not only physically but also&nbsp;emotionally,&nbsp;therefore, it's important that&nbsp;you give her time to feel comfortable about it and let her decide when she is ready. Indulgence in sex also has a lot to do with personal belief and the cultural belief system, and in a relationship like this, it is important that you understand the viewpoint of each other .</p><p>Here is a video that might be of help to you:&nbsp;<a target='_blank' href='https://yourdost.com/blog/2015/12/video-sex-real-talk-about-losing-your-virginity.html'>https://yourdost.com/blog/2015/12/video-sex-real-talk-about-losing-your-virginity.html</a></p>",
			"category" : "relationship-marriage-counselling",
			"hub":"counselling"
		},
		{
			"id" : 9,
			"question" : "How do I get a girlfriend/boyfriend?",
			"url":"relationship-counselling",
			"answer" : "<p>We all need love, care and someone to be with us. Wishing to have a girlfriend or&nbsp;boyfriend is natural but what you need to&nbsp;think about is, 'Why do you want a girlfriend/boyfriend?'. And,&nbsp;what kind of a relationship you are looking for?<br>A girlfriend or&nbsp;boyfriend eventually comes with time. How about&nbsp;trying to socialize and meet new people. You could focus on your hobbies where&nbsp;you can also get a chance to meet new like minded people and at the same time explore your horizons.</p>",
			"category" : "relationship-marriage-counselling",
			"hub":"counselling"
		},
		{
			"id" : 10,
			"question" : "I have this constant fear that I will not be able to satisfy my girlfriend. I am always so nervous when we want to get physical. Also can you tell me, is it safe to have intercourse without protection?",
			"url":"relationship-counselling",
			"answer" : "<p>'Will I be able to satisfy her' is a common feeling many people go through. But talking about sex is more emotional than physical. The more involved you are with the person, the better it would go.&nbsp;</p><p>To know more, please have a look at the link below:</p><p><a target='_blank' href='http://www.webmd.com/sexual-conditions/guide/sexual-performance-anxiety-causes-treatments'>http://www.webmd.com/sexual-conditions/guide/sexual-performance-anxiety-causes-treatments</a></p><p><a target='_blank' href='http://www.webmd.com/sex/safe-sex-preventing-hiv-aids-stds'>http://www.webmd.com/sex/safe-sex-preventing-hiv-aids-stds</a></p><p><a target='_blank' href='http://www.everydayhealth.com/sexual-health/safe-anal-sex.aspx'>http://www.everydayhealth.com/sexual-health/safe-anal-sex.aspx</a></p>",
			"category" : "relationship-marriage-counselling",
			"hub":"counselling"
		}
	],
	"alcoholism" :[
		{
            "id" : 1,
            "question" : "All my friends drink, however I am not comfortable drinking. What should I do? They keep making fun of me for not drinking.",
            "url":"alcoholism",
            "answer" :"<p>Hanging out with peers and peer encouragement and competition is an effective and natural form of growth during our teens and young adulthood. Peer pressure is a by-product of need for peers. Differentiate between peers and friends. Good friends respect our personality and choices. Develop assertiveness – ‘the confidence to say ‘no’’.</p><p>The fun part can be taken in your stride as fun. Let that not feel like mocking. If you are feeling mocked, maybe it is time to decide your belongingness to this group.</p>",
            "category" : "alcoholism",
            "hub" :"addiction"
        },
        {
            "id" : 2,
            "question" : "I drink a lot. I thought I could control it but I am not able to do so. It is very hard for me to quit drinking. What can I do?",
            "url":"alcoholism",
            "answer" :"<p>Alcohol addiction is an illness and it takes more than just willpower and motivation to quit. When people start taking drugs, they don’t plan to get addicted. They like how the drug makes them feel. They believe they can control how much and how often they can take the drug. However, drugs gradually change the brain physiology in a significant way. Drug users start to need the drug just to feel normal. This is the reason quitting becomes so difficult. However, if you've made up your mind, there are a few tips that could help you:</p><p>1. Make a list of all the reasons why you want to quit. If possible, even write down a few of them on a sheet of paper and put it up in your room. It serves as a reminder.</p><p>2. Don't think of reducing the alcohol intake. Stop it altogether. After all, you started with a single drink and came to this stage. That can happen again. So the day you decide to quit, you shouldn't even have a sip.</p><p>3. Discard or&nbsp;give away any stock you may have of alcohol.</p><p>4. Don't remain hungry. Always keep a candy or a snack bar with you and have whenever you feel an urge. Alternately, drink juice or lemonade to get rid of the craving.</p><p>5. Start walking or engaging in any other exercise at the peak time of your drinking e.g 7-8 in the evening.</p><p>6. Sleep well and get enough rest.</p><p>If you still find it difficult to stay quit, seek consultation with a psychiatrist at the earliest. He'll put you on medication to control the craving as well as to take care of the withdrawal symptoms. You can also visit a clinical psychologist to resolve the underlying reason for your addiction. Whatever you do, you must act now. Quitting alcohol will become more and more difficult with each passing day. Our best wishes to you!</p>",
            "category" : "alcoholism",
            "hub" :"addiction"
        }
	],
	"porn-addiction":[
		{
            "id" : 1,
            "question" : "I masturbate around 3-4 times a day, is it normal? I want to reduce it but how?",
            "url":"porn-addiction",
            "answer" : "<p>We'd like to begin by saying that masturbation is a perfectly normal and healthy exercise. Experts believe that there's no number when it comes to a healthy masturbation habit.</p><p>However often you masturbate, it's not a problem till it starts affecting your life in negative ways. If you're finding it difficult to concentrate on other things, it indicates that you're dealing with a problem behavior here. So if you have a problem, there are two ways to address it.</p><ul><li>1. Cutting yourself off, or 'cold turkey', which means to stop masturbating altogether for a few days or weeks untill you find yourself able to concentrate on other things. Then you can gradually restart masturbation in moderation.</li><li>2. The 'harm reduction method'. This method involves deliberately reducing the number of times one masturbates. Every time you feel a strong urge, go for something else you find enjoyable, like reading a sports magazine, watching your favorite program on T.V or eating a snack, etc.</li></ul><p>Some other helpful tips are:</p><ul><li>1. Empty your bladder often. A full bladder may lead to sexual stimulation.</li><li>2. Increase your level of physical activity.</li><li>3. Strictly reduce watching pornographic material</li></ul><p>Lastly, tell yourself that you <em>can </em>reduce it. It's not a disease. If you're determined, you can gain back control of your mind.</p><p>For more information please have a look at the links below:</p><p><a target='_blank' href='https://yourdost.com/blog/2015/07/masturbation-is-it-normal.html'>https://yourdost.com/blog/2015/07/masturbation-is-it-normal.html</a></p><p><a target='_blank' href='http://www.webmd.com/sex-relationships/guide/masturbation-guide'>http://www.webmd.com/sex-relationships/guide/masturbation-guide</a></p><p><a target='_blank' href='http://www.webmd.com/men/guide/male-masturbation-5-things-you-didnt-know'>http://www.webmd.com/men/guide/male-masturbation-5-things-you-didnt-know</a></p><p><a target='_blank' href='https://www.psychologytoday.com/blog/all-about-sex/201309/7-myths-about-masturbation-and-the-truth-about-solo-sex'>https://www.psychologytoday.com/blog/all-about-sex/201309/7-myths-about-masturbation-and-the-truth-about-solo-sex</a></p><p>All the best!</p><p>&nbsp;</p>",
            "category" : "porn-addiction",
            "hub":"addiction"
        },
        {
            "id" : 2,
            "question" : "I am addicted to porn. Is there anyway out?",
            "url":"porn-addiction",
            "answer" :"<p>You can overcome the addiction of watching porn by:</p><p>1. Change your thoughts: Here's a&nbsp;very simple example help you to understand. If you feel bored, you may think, 'Let's watch porn. It is good idea to spend time.' You can change the thinking to, 'Let's go for a walk.'</p><p>2. Cut off your sources like clean your PC, scratch your DVDs and throw them into dustbin or limit your internet time.</p><p>3.Recognize the situation when you have more urge to watch porn movies? Avoid that situation. Like when you are alone, you have a tendency to watch porn. So, whenever you find yourself alone, go to a park or visit your neighbor place or go to kitchen and offer some help to your mom.</p><p>4. Engage your brain in other activities like solving puzzles, reading novels or anything that makes you relax and happy.</p><p>5. Self-talk is a good idea. For example “I will crack the Main exam this time, I wont be distracted with any other things.' Say your goal out loud in the moment when you feel the desire of watching porn distracting you.</p><p>6. If your body needs to release (masturbate), try to do so in a clean way without looking at any pornographic images. If you’re a in a relationship, try to develop a more satisfying sex life with common consensus.</p><p>7. Don't be too harsh on yourself if you relapse. Understand quitting in the first attempt is difficult, accept the reality. Don't spend time in worrying, get ready for the next try.</p><p>Here is a link that might be of help to you:&nbsp;<a target='_blank' href='https://yourdost.com/blog/2015/08/banning-vs-self-control-getting-over-porn-addiction.html'>https://yourdost.com/blog/2015/08/banning-vs-self-control-getting-over-porn-addiction.html</a></p>",
            "category" : "porn-addiction",
            "hub":"addiction"
        },
        {
            "id" : 3,
            "question" : "I basically masturbate twice or even more in a day. I often either imagine random girl or watch porn as I do it. So I want to know if it is harmful to me if i continue it on a daily basis? I have a small penis and I have heard masturbating daily can help in increasing the penis size, so I do it.",
            "url":"porn-addiction",
            "answer":"<p>Let us try to take it one by one and then try to understand it.</p><p>With regard to the frequency of masturbation - There are no limits as to how many times one should engage in it. But the later part of the query certainly is answering the question whether masturbating so much affects you or not. Masturbating is normal as far as it does not interfere with one's&nbsp;progressive and creative thoughts and daily functioning.</p><p>Some studies state that it increases the flow of blood and makes the penis little more hardened because of the physical exertion and psychological arousal that concentrates the blood flow in the penis. But however it will not increase the size of the penis.</p><p>One common fact that was got from a research survey is that around 80% of the men feel that their penis are not large enough, while their partners (women) might not feel as such about them.</p><p>Just to quickly talk about the act of pleasure during a peno-vaginal intercourse. The women genitals start with the foreskin called as clitoris which serves similar purpose as that in men and that is the main part which gives them pleasure. Then vagina is the opening inside from clitoris which varies but a maximum of 4 inches deep. So a penis that size does not impact the pleasure.</p><p>Fantasy and pornography aid sexual arousal and in turn facilitate masturbation. At a thought level, it is normal to think about random people. But the action of sex, sexual touch or proposing sex involves the consent of two adults. The consent of a child below 18 years is not considered as consent. Thus, sex with a minor can attract legal action towards the partner above 18 years of age. For having sex, or touching the private parts of a person, it requires the consent and willingness of both the people involved. Thus, the act of touching girls can single you out as an offender.</p><p>Eve teasing, molestation and looking at girls in a manner that makes them uncomfortable are considered a serious offense. A few suggestions can be considered to understand your sexuality in the healthy zone: -</p><p>&gt; It is normal to fantasize and masturbate at a frequency you are comfortable with in your private space.</p><p>&gt; Engage yourself with other areas of thought – work, responsibilities, hobbies, creative ideas, discussion with people, etc. during other times of your day, so that you are not compromising on the other areas of life in order to stay indulged in the sexual aspect of your life.</p><p>&gt; If you are feeling an urge to touch someone in the private parts, the thought is normal, but the body language as well as the action falls in the category of crimes against women. Physically remove yourself from that place.</p><p>&gt; Focus on your growth – career, finances, relationships of love and respect and self-respect.</p><p>Watching porn only increase our fantasies which are not always true. What happens in actual intercourse is a lot different from what is shown on tv and media and other sites.</p><p>What can be done:</p><p>&gt; Start with slowly understanding yourself and how pornography and masturbation has affected us. As in:<br>- what are the changes in the behavior<br>- what are the constant conflicts or fears that arise in the mind.<br>- is it enjoyable?,<br>- Difference between the fantasy world and the real world<br><br>&gt; Practicing resilience in one field certainly helps in others. May be start with stopping to watch porn after a while you will automatically realize that the excessive thoughts about sex will reduce</p><p>&gt; Channelizing the energy, sexual energy is an important life energy - invest it in the right manner. For example,&nbsp;having other important things, choices and preferences in life. This is not to distract yourself, but to build a conscious ability to choose between your options. This is called true freedom to oneself.</p><p>&gt; Finally, physical exercise and workout can do wonders and in itself can be a good start for change. (This will keep you sexually healthy and active too).</p><p>Here is are a few&nbsp;links that might be of help to you:&nbsp;</p><p><a target='_blank' href='http://www.mayoclinic.org/healthy-lifestyle/sexual-health/in-depth/penis/art-20045363'>http://www.mayoclinic.org/healthy-lifestyle/sexual-health/in-depth/penis/art-20045363</a></p><p><a target='_blank' href='http://www.webmd.com/men/rm-quiz-is-my-penis-normal'>http://www.webmd.com/men/rm-quiz-is-my-penis-normal</a></p>",
            "category" : "porn-addiction",
            "hub":"addiction"
        },
        {
            "id" : 4,
            "question" : "All my friends have girlfriends. No one has time for me. I don't feel like going to office. I feel low and lonely. I watch porn many times a day and this leaves me more frustrated. What can i do?",
            "url":"porn-addiction",
            "answer":"<p>Life goes through many changes. In the process maybe your friends have moved to another phase of their lives. Not having direction for your next phase is life could be leaving you feeling stranded. You could be masturbating for an adrenalin rush. Ask yourself whether your job is 'just a job' or something you like to do. If it is not something that you like to do, ask yourself what would you like to do instead. Either switch to that or at least take that up as a hobby.</p><p>In our twenties, we are struggling with our dreams and aligning ourself with people with similar dreams. Make new friends at your workplace. They might not be as intense as your previous friendships, but these are good for personal and professional growth till we are in our late thirties.</p><p>Believe in yourself that you can discover yourself. Good luck</p>",
            "category" : "porn-addiction",
            "hub":"addiction"
        },
        {
            "id" : 5,
            "question" : "I like watching porn but then I tend to feel guilty about it. Is it wrong to watch porn?",
            "url":"porn-addiction",
            "answer" :"<p>Many a time we come across this question – “How much porn is too much?” You might know of few who watch porn once a while and not actively hunting for the content. Also you might know of few who know by heart an exhaustive list of porn websites, having a hard disk filled with different genre – named with cheat codes, and having the download folder with few porn files that they have forgotten to delete. However, merely the time spent watching porn will not determine its impact on us.</p><p>To kow more please go through the folowing links:</p><p><a target='_blank' href='https://yourdost.com/blog/2015/08/pornography-addicted-or-using.html'>https://yourdost.com/blog/2015/08/pornography-addicted-or-using.html</a></p><p><a target='_blank' href='https://yourdost.com/blog/2015/12/sex-education-and-pornography.html'>https://yourdost.com/blog/2015/12/sex-education-and-pornography.html</a></p><p><a target='_blank' href='https://yourdost.com/blog/2015/08/pornography-can-i-watch-it.html'>https://yourdost.com/blog/2015/08/pornography-can-i-watch-it.html</a></p>",
            "category" : "porn-addiction",
            "hub":"addiction"
        }
	],
	"counselling" : [

        {
            "id" : 1,
            "question" : "I have never been able to share my thoughts and feelings with anyone. I feel I will burst if I suppress any more",
            "url":"counselling",
            "answer":"<p>- Suppression has a lot to do with our environment and opportunity given to us to express by people around us. Fortunately, we can influence our environment and other people by changing our approach towards them.</p><p>&nbsp;</p><p>- Start with recognizing what you want to communicate. This can be done by writing a diary or talking to yourself while doing physical activities.</p><p>&nbsp;</p><p>- Once you articulate your thoughts and feelings, identify whom you would like to communicate them to. If your thoughts or feelings towards that person are negative, talk to yourself in your mind till you can soften the blow. If positive, choose the timing when you would want to express.</p><p>&nbsp;</p><p>- Don't expect to be understood immediately. People will begin to understand and appreciate your thoughts and feelings over a period of time. Give such relationships time once you start expressing.</p><p>&nbsp;</p><p>- You can speak to <a target='_blank' href='https://yourdost.com/talkItOut'>an expert</a> (or any non-judgmental person) in the initial stages as suppression is like steam in a pressure cooker; if opened suddenly, it can hurt you or your near and dear ones.</p><p>&nbsp;</p><p>Freedom of expression is liberating, good luck and enjoy the journey of change.</p>",
            "category" : "counselling",
            "hub":"counselling"
        },
        {
            "id" : 2,
            "question" : "I am depressed. I have a lot of negative thoughts that keeps coming to my mind and they are unstoppable. Because of this I am not able to focus on anything. I know how to come out of my depression and these negative thoughts. What should I do?",
            "url":"counselling",
            "answer":"<p>Hey friend, we understand your concern. It appears that certain past experiences have left an indelible impression in your mind and your brain is conditioned to thinking in a negative way. You are stuck in a&nbsp;'cognitive triad' which is quite common during this phase when we feel low or in depression. In this situation our mind tends to develop a negative perception about ourselves, our future and the situation. In order to break this triad we need to change our negative thinking pattern and replace it with positive affirmations. Also maintaining a thought diary where we can write down our daily thoughts and trace the maladaptive thoughts so as to avoid them in the future could be helpful. During a depressive phase, one is very unforgiving of oneself and his/her situation. Learn to forgive yourself for your mistakes. Develop your confidence by pampering yourself, thinking good and&nbsp;wholesome thoughts, by reaching out to people and also going for regular physical exercises. Do not give in to your negative thoughts and keep yourself busy. It's very important to identify the irrationality of your thoughts.<br>The basic cure for depression is to face your thoughts and seek medical help if it worsens.</p>",
            "category" : "counselling",
            "hub":"counselling"
        },
        {
            "id" : 3,
            "question" : "I am in my 20s. I cry very often. I feel I have no desire or drive. I have no problem that I know that should make me feel sad all the time. Please help",
            "url":"counselling",
            "answer":"<p>The 20s are difficult and uncertain in many different ways compared to our teens. We step into the performance stage. There are no ready textbooks or no defined timetable or syllabus for exams. Everyday is an exam and every experience is a new learning. It is normal to feel fragmented during this phase. People who step into adulthood with sufficient faith on themselves and their support systems - parents, teachers, friends that can guide or support us, etc. find it easier in this stage of life. Another set of people that find it easy in their twenties are those who have defined goals and purpose. Ask yourself what you want, what you would like to achieve, what are the steps you would like to take and who are your support systems - to talk when you are unsure, or to give you a hug when you need one. Clearer definitions would make life lesser threatening. Good luck. If you feel you want to discover yourself with the help of some professional, feel free to reach out to one of <a target='_blank' href='https://yourdost.com/talkItOut'>our experts</a>. Enjoy this self-discovery.</p><p>&nbsp;</p>",
            "category" : "counselling",
            "hub":"counselling"
        },
        {
            "id" : 4,
            "question" : "I don't push myself hard enough for anything. I don't even feel like I have any ambition, goals or dreams. Do I need to change? I am comfortable like this.",
            "url":"counselling",
            "answer":"<p>We all have a certain personality that develops from our good and bad experiences. For a happy, fulfilling experience of life, we need to determine if we have grown up to become loving people - love for self and life or fearful people avoiding effort, people and challenges. We all have sweet spots to withdraw from this fear. If you have withdrawn into your world because you are content with life, at peace with yourself and calm in your spirit, then maybe you do not need to worry&nbsp;that life needs to be effortful, as long as you are physically, emotionally and financially independent. If you are at peace at someone else's cost, you might want to at&nbsp;least work enough for your survival. On the other hand, if you have withdrawn from fear and this sweet spot is more a comfort secure zone, then maybe a some introspection will be useful.&nbsp;</p>",
            "category" : "counselling",
            "hub":"counselling"
        },
        {
            "id" : 5,
            "question" : "I often have wet dreams, I don't know why this happens to me? Is this normal?",
            "url":"counselling",
            "answer":"<p>Night falls are very natural&nbsp;and is a part of growing up. This happens while we dream about sex&nbsp;which in turn leads to ejaculation.</p><p>To know more please have a look at the following link:</p><p><a target='_blank' href='http://teens.webmd.com/boys/wet-dream-faq'>http://teens.webmd.com/boys/wet-dream-faq</a></p>",
            "category" : "counselling",
            "hub":"counselling"
        }
    ],
	"personality-development" :[
		{
			"id" : 1,
			"question" : "I lack self confidence and because of this I am not able to achieve anything in life. What can I do to improve my confidence?",
			"url":"",
			"category" : "personality-development"
		},
		{
			"id" : 2,
			"question" : "I am unable to talk in front of people. I feel stuck and shy. What are the ways in which I can improve?",
			"url":"",
			"category" : "personality-development"
		},
		{
			"id" : 3,
			"question" : "My thoughts are always negative. I try to avoid thinking. Yet i think a lot. How to become more positive?",
			"url":"",
			"category" : "personality-development"
		},
		{
			"id" : 4,
			"question" : "I think I am gay. How can I know for sure?",
			"url":"",
			"category" : "personality-development"
		},
		{
			"id" : 5,
			"question" : "I stammer and I am doing every bit to reduce it. Sometimes I feel I won’t get a job, or if I get one I won’t be able to perform up to the mark because of my stammer. I like challenges, but I don’t know how to proceed with this one. It feels like I am stuck and tangled from everywhere. I don’t know what to do. Can someone help?",
			"url":"",
			"category" : "personality-development"
		}
	],
	"multiple-personlaity-disorders" :[
		{
			"id" : 1,
			"question" : "I lose my interest in a particular activity very soon and also, I think I have a dual personality. I am extrovert with friends and family and an introvert with others. Sometimes I feel superior to all, but sometimes I feel like a cowardly chicken, left alone by all.",
			"url":"",
			"category" : "multiple-personlaity-disorders"
		}
	],
	"time-management" :[
		{
			"id" : 1,
			"question" : "I am not able to sleep. I have a lot to do during the day which I think I am not being able to complete. What can I do to finish my work on time and also be able to sleep early so that I get up early?",
			"url":"",
			"category" : "time-management"
		},
		{
			"id" : 2,
			"question" : "I lack discipline in life. I am a student, so I have a lot to do but I keep procrastinating. I just can’t make up my mind to discipline myself. I need to learn discipline in life but don’t know how to achieve this and at the same time stop procrastinating.",
			"url":"",
			"category" : "time-management"
		}
	],
	"anger-management" : [
		{
			"id" : 1,
			"question" : "Does anger have any role to play as an emotion, or is it a useless emotion?",
			"url":"",
			"category" : "anger-management"
		}
	],
	"education-counselling" :[
		{
			"id" : 1,
			"question" : "I don’t understand most of my classes. Why am I not as smart as my classmates?",
			"url":"education-counselling",
			"answer":"<p>Well, let me first say that, understanding classes and being smart are not correlated. Just because you don’t understand something being taught in class doesn’t establish that you are not smart. Smartness is about ability to adapt into variety of situations.</p><p>Additionally, there are number of factors why we are unable to understand the material being taught in classroom. It may include - lack of interest in the subject, preoccupation of mind, short attention span, inability of trainer to be versatile in delivering the lecture, stress on the mind etc. Also, we all learn and understand differently, some understand pictorially, other need to just listen, others prefer self-reading, and many wish for combination. So, it's not appropriate to compare yourself with others in class.&nbsp;It's very subjective to know if someone else is understanding or not. So find out what is your way of understanding concepts and you will be able to enjoy your&nbsp;classes better.</p><p>&nbsp;</p><p>If you are unable to understand your classes, you need to seriously analyse / introspect what your strengths, aptitude and skills are - probably you are in the wrong course . Regarding not being smart, it is essential to work on your self concept and self esteem. Do not compare yourself with others. Every one has a story to tell.</p>",
			"hub":"counselling",
			"category" : "education-counselling"
		},
		{
			"id" : 2,
			"question" : "I find it hard to concentrate. I have an entrance exam that I have to clear but I just can’t focus on my studies. How can I work on my concentration?",
			"url":"education-counselling",
			"answer":"<p>When you find it hard to focus, do not force yourself to study;&nbsp;instead, try to sit for shorter sessions of study and promise yourself that you will not be disturbed or lose focus for that time, however short that&nbsp;period is. Then, relax a bit and maybe reward yourself with something you like (may be a walk,a chocolate etc), and repeat the process. Slowly, you will improve and you can increase the timing for each sitting.</p><p>You can also read this article:<br><a target='_blank' href='https://yourdost.com/blog/2015/02/i-am-not-able-to-concentrate-try-these.html?m=1'>https://yourdost.com/blog/2015/02/i-am-not-able-to-concentrate-try-these.html?m=1</a></p>",
			"hub":"counselling",
			"category" : "education-counselling"
		},
		{
			"id" : 3,
			"question" : "I lack discipline in life. I am a student, so I have a lot to do but I keep procrastinating. I just can’t make up my mind to discipline myself. I need to learn discipline in life but don’t know how to achieve this and at the same time stop procrastinating",
			"url":"education-counselling",
			"answer":"<p>Yes, procrastination is a very common problem among students. Just incorporate simple habits in your lifestyle and you could easily win this battle.</p><ol><li><p>Start with baby steps. Nothing can be achieved overnight. As you are a student, the first and foremost thing is to create a study plan for a week. Start with small target like 3 hours of study everyday in the 1st week. Take short breaks from study to get refresh and relax.</p></li><li><p>Practice self-denial. Learn to say 'No' to some of your feelings, impulses and urges. Limit your TV watching. Switch off your mobile phone while you study. Resist the urge of surfing net while studying and many more. Make a mental contract with yourself to work for 3 hours without interruption.</p></li><li><p>Use the activities you do to procrastinate to reward yourself. Suppose you day dream, study for two hours and give yourself a half hour day dreaming break. Or you watch television, study for two hours and watch half hour of television.</p></li><li><p>Visualize the rewards. Project yourself in the future. Visualize your desired outcome. Think about the benefits you will be going to get if you achieve the target.</p></li><li><p>Accept your mistake and forgive yourself. Making mistakes is part of the process to becoming better. Sometimes our over analyzing about our failures and mistakes results in delaying our work. The key is to acknowledge the mistakes with positive attitude and go ahead.</p></li><li><p>Poor concentration can be one of the reason of being procrastinated. Healthy lifestyle increases your concentration power like taking sufficient rest or having a proper diet.</p></li><li><p>Motivate yourself with reading inspirational stories or rewarding yourself after accomplishing the task. This will help you a lot to live a disciplined life.</p></li></ol><p>Self-talk strategies facilitate learning and enhance your act. Self-talk can be used to instruct, to motivate, to build confidence, to regulate your emotion, to evaluate your performance. It helps you remain focused on your target. So, incorporate positive things in your self-talk, such as:<br>“I can study for next 3 hours without any distractions.'<br>'I can achieve the target that I have set myself&nbsp;today.'</p>",
			"hub":"counselling",
			"category" : "education-counselling"
		},
		{
			"id" : 4,
			"question" : "I am finding it difficult to prepare for my exam. I can’t seem to concentrate. What can I do? What will help?",
			"url":"education-counselling",
			"answer":"<p>We understand that exams bring fear sometimes. These competitive exam preparations can become overwhelming at times but, it is your dream and you have to protect it.</p><p>Few things that might help:</p><p>&gt; Join a coaching class or a test-series, it will give you a schedule and daily practice.</p><p>&gt; If possible do some group study, if you have some friends who are also preparing for the same exam, it might be a good idea to sit and study together (not necessarily always though, whatever suits your study style)</p><p>&gt; Work on good time management. Daily make a target for yourself and see how you can achieve it. Analyse how you have performed, it will help you do a better time management and a sense of achievement in achieving your targets.</p><p>&gt; Take small breaks in the middle and in those do not go for distractions instead refresh you mind with a good walk and get some oxygen.</p><p>&gt; Go for concepts, understand the 'why' behind things, relate things to real life scenarios. The better grasp you have towards concept, the better chances you have to be solving the new questions that will be there in your exam.</p><p>&gt; Take mock tests, those will help you practice for the D day. Take tests as if you would take a the real exam - phone off, no noise, timer etc</p><p>&gt; Analyze the mock tests you take, this will tell you where you are going wrong.</p><p>&gt; Make a note of things you lack and work on it one by one.</p><p>&gt; Do not over stress yourself.</p><p>&gt; DO NOT SACRIFICE YOU SLEEP: Sleep helps in remembering things. It give time to the brain to process the received information and retain it for long.</p><p>&gt; Start your day with a positive quote. you can also write a motivational quote of your choice or 'I can do it' on a sheet of paper and stick it to the wall near study table and near your bed where you can see it as you wake up, it will condition your mind</p><p>&gt; Do some meditation daily - maybe 15 minutes a day, it will help you concentrate better</p><p>Lastly, whenever you feel you are getting distracted, close your eyes for 2 minutes and imagine how wonderful it will be once you have cleared the exam. You can do it. You have got what it takes to clear it, now just be persistent and go for it.</p><p>Some tips that might help:</p><p><a target='_blank' href='https://yourdost.com/blog/2015/06/how-to-stay-motivated-and-keep-moving.html'>https://yourdost.com/blog/2015/06/how-to-stay-motivated-and-keep-moving.html </a></p><p><a target='_blank' href='https://yourdost.com/blog/2015/06/time-management-everyday-hacks.html'>https://yourdost.com/blog/2015/06/time-management-everyday-hacks.html</a></p><p><a href='https://yourdost.com/blog/2015/05/7-tips-to-convert-your-dream-into.html'>https://yourdost.com/blog/2015/05/7-tips-to-convert-your-dream-into.html </a></p><p><a href='https://yourdost.com/blog/2015/05/7-tips-to-convert-your-dream-into.html'>https://yourdost.com/blog/2015/05/7-tips-to-convert-your-dream-into.html </a></p><p>We know it is a long journey and it requires lot of effort but it is worth it, dear friend. We know you can do it. It is your dream and you will have to protect it. The universe shall help you if you truly want it!</p><p>All the best!</p>",
			"hub":"counselling",
			"category" : "education-counselling"
		}
	]
}	