{
    "h1": {
        "title": "Mental Health",
        "id" : "",
        "metaTitle": "What is Mental Health | YourDOST Articles",
        "metaDescription": "Find more about mental health, why is vital and much more about it. Also learn who is psychologist or psychiatrist",
        "bannerImg": "https://d1hny4jmju3rds.cloudfront.net/hubs_and_spokes_images/anxiety-bg.png",
        "bannerH1": "Anxiety can be easily managed by talking to an expert.",
        "bannerH2": "Don't keep it in.",
        "h2": [
            {
                "title": "What is Mental Health?",
                "content": "<p>Mental health is a term commonly referring to the&nbsp;psychological well-being of an individual or an absence of mental illness. It includes our emotional, psychological and social well-being. It also helps in determining how we handless stress and anxiety. It is, therefore, important at every stage of our life, from childhood to adolescence.</p><p>A person suffering from a mental health disorder may experience stress, anxiety, depression, relationship problems, mood disorders, addiction, grief or other mental illnesses of varying degree. Here Therapists, psychiatrists, psychologists, counsellors can help manage mental illness with treatments such as therapy counselling, or medication.</p><p>Mental illnesses are broadly characterised as follows</p><ol>  <li><strong>Neurosis</strong>: These comprise of minor mental illness such as Phobias, OCD, anxiety disorders among others</li> <li><strong>Psychosis:</strong>&nbsp;These are major mental illnesses in which mental state impairs thoughts, perceptions and even judgement. The common symptoms include delusions and hallucinations. These may require the use of psychotic drugs along with <a href=\"https://yourdost.com/counselling?yd_source=HubSpoke&amp;yd_medium=InternalLinking&amp;yd_content=MentalHealth&amp;yd_campaign=\">counselling techniques</a> in order to treat them.</li></ol><p>For a sound mental health, it&rsquo;s important to develop and strengthen our interpersonal interactions as it influences our wellbeing and relates to positive feelings about ourselves. A severe and chronic mental illness can put serious limitations on one&rsquo;s lifestyle &ndash; it is thus very important to acknowledge such challenges to work towards resolving it. Mental health is as important as physical health.</p>",
                "imgUrl": "https://d1hny4jmju3rds.cloudfront.net/hubs_and_spokes_images/mental_health/Mental+Health.jpg",
                "altImage": "Mental Health"
            },
            {
                "title": "Difference Between Psychologist & Psychiatrist",
                "content": "<p>People often get confused who to seek help from if they have a mental health issue. Should they go to a Psychiatrist or a Psychologist? Although they both are trained mental health professionals there is a significant difference between the two which one should be aware of.</p><p>Psychiatrists are medical doctors who graduate from medical school and are trained in assessing and treating mental health disorders. Because of their medical training, a Psychiatrist can prescribe a medicine. They have a stronger sense of biology and neurochemistry. For instance is someone comes to them saying he/she is depressed, before actually calling someone depressed, they may want to make sure if the patient has some vitamin deficiency or a thyroid problem. &nbsp;Based on the diagnosis, they may prescribe medicines.</p><p>A Psychologist, on the other hand,&nbsp;specialises in the area of psychology &ndash; the study of mind and human behaviour. They are not medical doctors. But they are trained in giving psychological tests (for instance IQ tests or <a href=\"https://yourdost.com/selfhelp?yd_source=HubSpoke&amp;yd_medium=InternalLinking&amp;yd_content=MentalHealth&amp;yd_campaign=\">personality Tests</a>). Their approach towards mental health issue will be different. They will look&nbsp; more closely at the patient&#39;s behaviour for instance if someone is depressed,&nbsp; they will try and track sleep and eating patterns, and the kind of negative thoughts that might contribute&nbsp; to the problem.</p>",
                "url": "mental-health/psychologist-vs-psychiatrist"
            },
            {
                "title": "Psychotherapy",
                "content": "<p>Psychotherapy is a type of therapy employed by psychologists and psychotherapists to treat emotional problems and mental health condition of a patient. In Psychotherapy, the trained mental health professional applies scientific procedures such as cognitive behavioural, interpersonal and other kinds of talk therapies to help individuals through their problems.</p><p>It is a collaborative treatment based on the relationship with the individual and the therapist. The therapist will provide a suitable dialogue to allow the individual to sufficiently open up. The individual and the therapist will work together to identify the issues and bring about the change in thought and behaviour pattern. &nbsp;Once the process is complete, the individual may have solved his / her problem and may have also learned new skills to better cope with challenges that may arise in the future.</p>",
                "url": "mental-health/psychotherapy"
            },
            {
                "title": "Importance of Mental Health",
                "content": "<p>Mental health is essential to a person&#39;s own well-being, his family and interpersonal relationship and his ability to contribute to the society or community. To that effect mental health is important as physical health. There is a strong relationship between physical and mental health. Just like physical health can cause mental distress, mental health disorders can affect the physical health of an individual for instance by causing sleep imbalance and affecting the immune system. &nbsp;<a href=\"http://www.bmj.com/content/345/bmj.e4933\">Research</a>&nbsp;has found that people with mental health problems have lower life expectancy. Some&nbsp;<a href=\"http://www.ncbi.nlm.nih.gov/pmc/articles/PMC2686644/\">other studies</a>&nbsp;have found that people with untreated mental illness, in conjunction with other factors, are more likely to commit violent crimes or become victims of it. &nbsp;A poor mental health can negatively affect a person&rsquo;s productivity and financial stability. Studies have also shown that children of people with mental illness are greater risk at abuse and neglect. On the other hand, a good mental health helps establish and maintain healthy relationship with the others. It help maintain good physical health overall wellbeing and help discover and reach our full potential.</p>",
                "url": "mental-health/importance-of-mental-health"
            }
        ]
    }
}