{
    "h1": {
        "title": "STRESS",
        "id" : 11,
        "metaTitle": "What is Stress | Types | Causes, Symptoms & Management",
        "metaDescription": "A complete guide about stress with definition, types, causes & the tips on how to release stress",
        "bannerImg": "https://d1hny4jmju3rds.cloudfront.net/hubs_and_spokes_images/stress/stress.png",
        "bannerH1": "Stress is controlliing you? Or you want to control stress?",
        "bannerH2": "Talk to our experts now!",
        "h2": [
            {
                "title": "Introduction",
                "content": "<p>Today&rsquo;s world is full of frustrations, deadlines, and demands and stress is now a commonplace in people&rsquo;s life. Stress isn&rsquo;t always bad, though. Stress within our comfort zone can help us to perform under pressure, motivate us to do our best, even keep us safe when danger looms. But when stress becomes overwhelming, it can damage our health, mood, relationships, and quality of life. However, we can protect our self by understanding how the body&rsquo;s stress response works, recognizing the signs and symptoms of stress overload, and taking steps to reduce its harmful effects.</p>",
                "imgUrl": "https://d1hny4jmju3rds.cloudfront.net/hubs_and_spokes_images/stress/Stress+hub.jpg",
                "altImage": "Stress"
            },
            {
                "title": "What is Stress?",
                "content": "<p>The term &ldquo;stress&rdquo;, as it is currently used was coined by Hans Selye in 1936, who defined it as &ldquo;the non-specific response of the body to any demand for change&rdquo;. In other words, Stress is our body&rsquo;s way of responding to any kind of demand or threat.&nbsp;When we feel threatened, our nervous system responds by releasing a flood of stress hormones, including adrenaline and cortisol, which rouse the body for emergency action. Our heart pounds faster, muscles tighten, blood pressure rises, breath quickens, and our senses become sharper. These physical changes increase our strength and stamina, speed our reaction time, and enhance our focus.</p>"
            },
            
            {
                "title": "Types of Stress",
                "content": "Listed below are the different types of stresses:",
                "url": "stress/types-of-stress",
                "h3": [
                    {
                        "title": "1. Acute Stress",
                        "content": "Acute stress is the stress that comes with day to day living. It is not necessarily a bad thing, as it also means excitement and pushes us to do our best. For instance, the butterflies in your stomach just before you go on court for a basketball match is acute stress."
                    },
                    {
                        "title": "2. Episodic Stress",
                        "content": "Episodic stress is basically when we get overwhelmed by the number of things we have to do. It is basically when acute stress happens more frequently than it should. People with acute stress are always in a rush, are irritable and may even appear rude due to all the nervous energy they have."
                    },
                    {
                        "title": "3. Chronic Stress",
                        "content": "Chronic stress is a stress that results from repeated exposure to situations that lead to stress hormones. Chronic stress comes when a person is unable to see a way out of a&nbsp;miserable situation."
                    }
                ]
            },
            {
                "title": "Causes of Stress",
                "content": "<p>Stress affects us all and there are various things that can trigger it. Some of the common causes of stress are:</p><ol><li><strong>Threat</strong>:&nbsp;a perceived threat may make a person feel stressed. It could be a&nbsp;physical threat, social threat, financial threat, etc.</li><li><strong>Fear:&nbsp;</strong>Like a threat, a fear can also lead a person to feel stressed. Fear also leads to imagined outcomes which may or may not be true.</li><li><strong>Uncertainty</strong>:&nbsp;Uncertainty about something which we are unable to predict or control can cause us to be feared and threatened which can, in turn, result in stress.</li></ol><p>Cognitive dissonance:&nbsp;we experience a cognitive dissonance when we experience a gap between what we think and what we do. It can lead to stress. For instance, I think I am a&nbsp;good person but if my action (or inaction) hurts someone else, I will experience a cognitive dissonance and stress.&nbsp;</p>",
                "url": "stress/causes-of-stress"
            },
            {
                "title": "Stress Management",
                "content": "<p>Stress is an inevitable part of everyone&rsquo;s lives. What causes us stress may vary from person to person, but the fact remains that we all face some kind of stress or another. While stress cannot be completely eliminated, what we do to manage and control feeling stressed is called stress management. Stress management could include yoga, meditation, breathing exercises, going for a walk, listening to music, taking part in sports, playing with a pet, changing our thinking and learning to say no, talking to friends and many more.</p>",
                "url": "stress/stress-management"
            }
        ]
    }
}