{
    "visibility" : true,
    "1" :{
        "content" : {
            "name" : "iit",
            "header" : "",
            "services" : [
                {
                    "id" : 1,
                    "imgUrl" : "https://d1hny4jmju3rds.cloudfront.net/userDashboard/Text_Icon.png",
                    "header" : "text counseling",
                    "cta" : "know more",
                    "ctaActioned" : "hide details",
                    "content" : {
                        "header" : "",
                        "subHeader" : "As a part of our partnership with IIT-M, you get unlimited chat sessions for free. So if something's troubling you, all you need to do is stop hesitating and start chatting anonymously with our experts right now. ",
                        "cta" : "chat now",
                        "url" : "",
                        "type" : "chat"
                    }
                },
                {
                    "id" : 2,
                    "imgUrl" : "https://d1hny4jmju3rds.cloudfront.net/userDashboard/Appointment_Icon.png",
                    "header" : "appointments",
                    "cta" : "know more",
                    "ctaActioned" : "hide details",
                    "content" : {
                        "header" : "Prefer talking to our counselors through a voice/video call?",
                        "subHeader" : "Just use these coupon codes on the checkout page when you're booking your appointment.",
                        "cta" : "book appointment",
                        "list" : [
                            {
                                "content" : "<strong><i class='icon dripicons-phone'></i> Voice Call : </strong> ",
                                "code" : "IITMAUDIO100"
                            },
                            {
                                "content" : "<strong><i class='icon dripicons-camcorder'></i> Video Call : </strong>",
                                "code" : "IITMVIDEO100"
                            }
                        ],
                        "url" : "/bookAppointment",
                        "type" : "link"
                    }
                },
                {
                    "id" : 3,
                    "imgUrl" : "https://d1hny4jmju3rds.cloudfront.net/userDashboard/Helpline_Icon.png",
                    "header" : "24*7 helpline",
                    "cta" : "know more",
                    "ctaActioned" : "hide details",
                    "content" : {
                        "header" : "In need of immediate help?",
                        "subHeader" : "Call the helpline we've set up just for IIT-M students and find the support you need right now. <a href='tel:080-395-15157' class='yd-phone-num hide-on-med-and-up'><i class='icon dripicons-phone'></i> 080-395-15157</a><sapn class='yd-phone-num hide-on-small-only'><i class='icon dripicons-phone'></i> 080-395-15157</span>",
                        "cta" : "",
                        "url" : "",
                        "type" : "link"
                    }
                },
                {
                    "id" : 4,
                    "imgUrl" : "https://d1hny4jmju3rds.cloudfront.net/userDashboard/F2f_Icon.png",
                    "header" : "face to face",
                    "cta" : "know more",
                    "ctaActioned" : "hide details",
                    "content" : {
                        "header" : "Wish to take your counseling a step further?",
                        "subHeader" : "YourDOST provides dedicated in-person counseling services for IIT-M students. Look up the schedule of the visiting counselors and reserve a slot for yourself.",
                        "cta" : "book appointment",
                        "type" : "link",
                        "url" : "https://goo.gl/forms/z8FLGeowddGenW7J3"
                    }
                },
                {
                    "id" : 5,
                    "imgUrl" : "https://d1hny4jmju3rds.cloudfront.net/userDashboard/Calender_Icon.png",
                    "header" : "upcoming events",
                    "cta" : "know more",
                    "ctaActioned" : "hide details",
                    "content" : {
                        "header" : "",
                        "subHeader" : "Watch this space for events planned by YourDOST especially for IITM students.",
                        "cta" : "",
                        "url" : "",
                        "type" : "link"
                    }
                },
                {
                    "id" : 6,
                    "imgUrl" : "https://d1hny4jmju3rds.cloudfront.net/userDashboard/Forum_Icon.png",
                    "header" : "discussios",
                    "cta" : "know more",
                    "ctaActioned" : "hide details",
                    "content" : {
                        "header" : "",
                        "subHeader" : "Connect with like-minded people on your campus, and work through your concerns together.",
                        "cta" : "visit now",
                        "url" : "/forum",
                        "type" : "link"
                    }
                }
            ]
        }
    },
    "4" :{
        "content" : {
            "name" : "nlu",
            "header" : "",
            "services" : [
                {
                    "id" : 1,
                    "imgUrl" : "https://d1hny4jmju3rds.cloudfront.net/userDashboard/Text_Icon.png",
                    "header" : "text counseling",
                    "cta" : "know more",
                    "ctaActioned" : "hide details",
                    "content" : {
                        "header" : "",
                        "subHeader" : "As a part of our partnership with NLUO, you get unlimited chat sessions for free. So if something's troubling you, all you need to do is stop hesitating and start chatting anonymously with our experts right now. ",
                        "cta" : "chat now",
                        "url" : "",
                        "type" : "chat"
                    }
                },
                {
                    "id" : 2,
                    "imgUrl" : "https://d1hny4jmju3rds.cloudfront.net/userDashboard/Appointment_Icon.png",
                    "header" : "appointment",
                    "cta" : "know more",
                    "ctaActioned" : "hide details",
                    "content" : {
                        "header" : "",
                        "subHeader" : "Prefer talking to our counselors over the phone or through a video call? We've got you covered. Just use these coupon codes on the checkout page when you're booking your appointment.",
                        "cta" : "book appointment",
                        "list" : [
                            {
                                "content" : "<strong><i class='icon dripicons-phone'></i> Voice Call : </strong> ",
                                "code" : "NLUOAUDIO100"
                            },
                            {
                                "content" : "<strong><i class='icon dripicons-camcorder'></i> Video Call : </strong>",
                                "code" : "NLUOsVIDEO100"
                            }
                        ],
                        "url" : "/bookAppointment",
                        "type" : "link"
                    }
                },
                {
                    "id" : 3,
                    "imgUrl" : "https://d1hny4jmju3rds.cloudfront.net/userDashboard/Forum_Icon.png",
                    "header" : "discussios",
                    "cta" : "know more",
                    "ctaActioned" : "hide details",
                    "content" : {
                        "header" : "",
                        "subHeader" : "Connect with like-minded people on your campus, and work through your concerns together.",
                        "cta" : "visit now",
                        "url" : "/forum",
                        "type" : "link"
                    }
                }
            ]
        }
    }
}
