[{
	"message" : "I was confused about career I should choose. Also, I was facing some other psychological issues. I came to know about YourDOST from Quora. The counsellors here are very empathetic and helped me find solutions to my problems.",
	"author" : "Kritika Midha",
	"occupation" : "Student, New Delhi",
	"imageUrl" : "https://d1hny4jmju3rds.cloudfront.net/careplan/Avatar_Female.png"
},
{
	"message" : "First of all i salute the entire YourDOST team. When somebody boosts you up when you are too much stressed is an unexplainable feeling. I wholeheartedly thank the counselors for supporting me. YourDOST is providing counselling at such a low price, it's something more than awesome. Definitely god will shower his blessings for YourDOST team.",
	"author" : "Happy User",
	"occupation" : "",
	"imageUrl" : "https://d1hny4jmju3rds.cloudfront.net/careplan/Avatar_Male.png"
},
{
	"message" : "I have been searching for an internet service for counselling depression for a long time now. When I found this service, and a capable counsellor, I felt blessed. I am now calm and determined to fight it using various tools present. I feel more confident and assertive, I wish I had found such a service sooner.",
	"author" : "Happy User",
	"occupation" : "",
	"imageUrl" : "https://d1hny4jmju3rds.cloudfront.net/careplan/Avatar_Male.png"	
}]
