{
	"categories" : {

		"Career/Academic" : ["Work-life balance","Career Confusion","Career Shift","Interview Prep",	"Entreprenuership",	"Time Management",	"Study Skills",	"Others",	"Job Loss"],
		"Love & Relationship" : ["Relationship Issues",	"Pre-Marital Jitters",	"Marital Adjustment Issues",	"Extra marital relationships",	"Divorce"],
		"Sexual Wellness" : ["Porn",	"Masturbation",	"Sexual Orientation",	"Sexual Curiosity",	"LGBT",	"Cross Dressing",	"Puberty"],
		"Self-Improvement" :["Confidence",	"Soft Skills",	"Decision Making","Problem Solving Skills",	"Self Esteem",	"Others"],
		"Family & Friends" :["Parents",	"Children",	"Relatives",	"Friends",	"Grief"],
		"Abuse" :["Physical",	"Sexual",	"Emotional"]
	}
}
