[{
	"id" : 1,
	"imageUrl" : "https://d1hny4jmju3rds.cloudfront.net/contact_us_images/white-icons/write.svg",
	"content": "WRITE GUEST BLOG ARTICLE",
	"background-color": "#15ad9e",
	"url": "/submit-guest-post"

},
{
	"id" : 2,
	"imageUrl" : "https://d1hny4jmju3rds.cloudfront.net/contact_us_images/white-icons/hand_1.svg",
	"content": "BECOME AN EXPERT",
	"background-color": "#ffd600",
	"url": "/become-an-expert"
},
{
	"id" : 3,
	"imageUrl" : "https://d1hny4jmju3rds.cloudfront.net/contact_us_images/white-icons/gesture.svg",
	"content": "BE A SAVIOUR",
	"background-color": "#00bcd4",
	"url": "/help-a-friend"
},
{
	"id" : 4,
	"imageUrl" : "https://d1hny4jmju3rds.cloudfront.net/contact_us_images/white-icons/hand.svg",
	"content": "FEEDBACK",
	"title": "SHARE YOUR FEEDBACK",
	"subtitle": "We would love to hear your thoughts, concerns or problems with anything so we can improve.",
	"feedbackTitle": "Thank you for your feedback",
	"background-color": "#b2dfdb",
	"url": "/feedback?id=4"

},
{
	"id" : 5,
	"imageUrl" : "https://d1hny4jmju3rds.cloudfront.net/contact_us_images/white-icons/bug.svg",
	"content": "ISSUES IN OUR SERVICES",
	"title": "ISSUES IN OUR SERVICES", 
	"subtitle": "Experienced a problem? First sorry about that!</br>If you could detail it out for us, we will look into it as best as we can!",
	"feedbackTitle": "Thank You",
	"feedbackSubtitle": "We have received your request. Our representative will respond to you shortly on the email provided. Keep an eye on your inbox.",
	"background-color": "#9e9e9e",
	"url": "/feedback?id=5"
},
{
	"id" : 6,
	"imageUrl" : "https://d1hny4jmju3rds.cloudfront.net/contact_us_images/white-icons/interface.svg",
	"content": "ANYTHING ELSE",
	"title": "ANYTHING ELSE",
	"subtitle": "Have something else to tell us? Let us know here.",
	"feedbackTitle": "Thank You",
	"feedbackSubtitle": "We have received your request. Our representative will respond to you shortly on the email provided. Keep an eye on your inbox.",
	"background-color": "#f0f0f0",
	"url": "/feedback?id=6"
}
]