{
	"SIGNUP" : {
	"home_chat" : "Create a YourDOST account to start chatting",
	"counselorChat" : "Create a YourDOST account to start chatting",
	"book_appointment" : "Create a YourDOST account to book your call",
	"discussions" : "Create a YourDOST account to participate in the discussion",
	"message" : "Where should we respond to your question?",
	"download_free_ebook": "Sign Up to download your copy of e-book",
	"show_result_post_signup": "For more detailed results, please Sign Up",
	"hideFurtherTips": "Sign Up to get more tips",
	"buy_package" : "Please create an account to purchase your program",
	"flames" : "Please create an account to know the result",
	"buy_subscription" : "Create a YourDOST account to buy"
	},
	"LOGIN" : {
	"home_chat" : "Log in and start chatting",
	"counselorChat" : "Log in and start chatting",
	"book_appointment" : "Log in to book an appointment",
	"discussions" : "Log in to participate in the discussion",
	"message" : "Login so we can respond to your question",
	"download_free_ebook": "Login to download your copy of e-book",
	"show_result_post_signup": "For more detailed results, please Log In",
	"hideFurtherTips": "Log In to get more tips",
	"buy_package" : "Please Login to purchase your program",
	"flames" : "Please login to know the result",
	"buy_subscription" : "Login to your YourDOST account to buy"
	}
}
