[
	{
		"title": "1. Understand, listen and observe.",
		"content": "One cannot fulfill the needs of the other unless they know their requirement. To be able to deliver a good performance at work it is important to listen, observe and understand the goals and standards."
	},
	{
		"title": "2. Body Language",
		"content": "Actions speak louder than words hence it is important to pay more attention to it. Having a casual body posture, not making eye contact, folded hands, yawning can project negative body language hence should be worked on."
	},
	{
		"title": "3. Concise  and clear",
		"content": "When talking about a workplace, time is money hence it is important to organise your thought before you decide to speak them out. The more sorted and planned you sound the better you would be able to communicate to the your coworkers."
	},
	{
		"title": "4. Be professional yet friendly",
		"content": "Being professional does not mean being cold or  isolating yourself from others instead have a personal connect. Only when you feel more comfortable and open will there be a healthy and progressives work environment."
	},
	{
		"title": "5. Never personalize the criticism",
		"content": "Avoid  involving emotions in the process as it hinders the scope for growth. Understand the motive behind the criticism is to get better result and not really to personally attack you."
	},
	{
		"title": "6. Criticise in person and Appreciate in public:",
		"content": "If you are unhappy with someone’s work it is suggested you speak to them personally. At the same time applauding or appreciating in the public adds to one's self esteem and can boost confidence"
	},
	{
		"title": "7. Accepting cultural differences:",
		"content": "In order to enhance our communication it is important that we mix well with other and not come across as an isolated separate clan. Being too close to few while cutting off from the others might come across and trash-talking or gossiping."
	},
	{
		"title": "8. Stating expectations:",
		"content": "Expressing what is expected in the workplace provides clear goals and understanding of the given work. This helps the employees be more precise and helps  maintain focus with desired outcomes."
	},
	{
		"title": "9. Tailoring the conversation:",
		"content": "Our communication style may different with different people. Thus it is important to use appropriate, words, timing when communicating."
	},
	{
		"title": "10. Encourage two way communication:",
		"content": "One way communication approach where the communication is from the boss to the employees might come out as more controlling than facilitating. Hence providing the opportunity to have a two way communication can bear fruitful results."
	}
]