{
    "id": 141,
    "rating": 4,
    "name": "Aarti (Richa",
    "rankID": 0,
    "title": "",
    "picUrl": "https://d1hny4jmju3rds.cloudfront.net/cloudinary/aarti.jpg",
    "lastActive": 1457894002,
    "description": "<p>nothing</p><p>daada<br>adadad<br>xadxad</p><br>adadadad",
    "numOfConversation": 4020,
    "onlineStatus": false,
    "onboarded": 1,
    "categories": [
        {
            "id": 3,
            "name": "Love-Relationship",
            "avatar": "https://yourdost.com/images/avatar/avatar3.png",
            "deleted": false,
            "createdBy": 1,
            "createdDate": 1433736000000,
            "lastUpdatedBy": 1,
            "lastUpdatedOn": 1433736000000,
            "faqs": []
        },
        {
            "id": 38,
            "name": "Grief",
            "avatar": null,
            "deleted": false,
            "createdBy": -1,
            "createdDate": 1440216000000,
            "lastUpdatedBy": -1,
            "lastUpdatedOn": 1440216000000,
            "faqs": []
        },
        {
            "id": 39,
            "name": "Self-esteem",
            "avatar": null,
            "deleted": false,
            "createdBy": -1,
            "createdDate": 1440216000000,
            "lastUpdatedBy": -1,
            "lastUpdatedOn": 1440216000000,
            "faqs": []
        },
        {
            "id": 33,
            "name": "Exam Support",
            "avatar": null,
            "deleted": false,
            "createdBy": -1,
            "createdDate": 1440216000000,
            "lastUpdatedBy": -1,
            "lastUpdatedOn": 1440216000000,
            "faqs": []
        },
        {
            "id": 35,
            "name": "Motivation",
            "avatar": null,
            "deleted": false,
            "createdBy": -1,
            "createdDate": 1440216000000,
            "lastUpdatedBy": -1,
            "lastUpdatedOn": 1440216000000,
            "faqs": []
        },
        {
            "id": 11,
            "name": "Office Stress",
            "avatar": null,
            "deleted": false,
            "createdBy": -1,
            "createdDate": 1440216000000,
            "lastUpdatedBy": -1,
            "lastUpdatedOn": 1440216000000,
            "faqs": []
        },
        {
            "id": 12,
            "name": "Concentration",
            "avatar": null,
            "deleted": false,
            "createdBy": -1,
            "createdDate": 1440216000000,
            "lastUpdatedBy": -1,
            "lastUpdatedOn": 1440216000000,
            "faqs": []
        },
        {
            "id": 9,
            "name": "Career Confusion",
            "avatar": null,
            "deleted": false,
            "createdBy": -1,
            "createdDate": 1440216000000,
            "lastUpdatedBy": -1,
            "lastUpdatedOn": 1440216000000,
            "faqs": []
        },
        {
            "id": 10,
            "name": "Unemployed",
            "avatar": null,
            "deleted": false,
            "createdBy": -1,
            "createdDate": 1440216000000,
            "lastUpdatedBy": -1,
            "lastUpdatedOn": 1440216000000,
            "faqs": []
        },
        {
            "id": 15,
            "name": "Competitive Exam Support",
            "avatar": null,
            "deleted": false,
            "createdBy": -1,
            "createdDate": 1440216000000,
            "lastUpdatedBy": -1,
            "lastUpdatedOn": 1440216000000,
            "faqs": []
        },
        {
            "id": 16,
            "name": "Startup support",
            "avatar": null,
            "deleted": false,
            "createdBy": -1,
            "createdDate": 1440216000000,
            "lastUpdatedBy": -1,
            "lastUpdatedOn": 1440216000000,
            "faqs": []
        },
        {
            "id": 13,
            "name": "Anger",
            "avatar": null,
            "deleted": false,
            "createdBy": -1,
            "createdDate": 1440216000000,
            "lastUpdatedBy": -1,
            "lastUpdatedOn": 1440216000000,
            "faqs": []
        },
        {
            "id": 14,
            "name": "Procrastination",
            "avatar": null,
            "deleted": false,
            "createdBy": -1,
            "createdDate": 1440216000000,
            "lastUpdatedBy": -1,
            "lastUpdatedOn": 1440216000000,
            "faqs": []
        },
        {
            "id": 20,
            "name": "Shyness",
            "avatar": null,
            "deleted": false,
            "createdBy": -1,
            "createdDate": 1440216000000,
            "lastUpdatedBy": -1,
            "lastUpdatedOn": 1440216000000,
            "faqs": []
        },
        {
            "id": 17,
            "name": "Broken Hearts",
            "avatar": null,
            "deleted": false,
            "createdBy": -1,
            "createdDate": 1440216000000,
            "lastUpdatedBy": -1,
            "lastUpdatedOn": 1440216000000,
            "faqs": []
        },
        {
            "id": 21,
            "name": "Social Fear",
            "avatar": null,
            "deleted": false,
            "createdBy": -1,
            "createdDate": 1440216000000,
            "lastUpdatedBy": -1,
            "lastUpdatedOn": 1440216000000,
            "faqs": []
        },
        {
            "id": 28,
            "name": "Body Image",
            "avatar": null,
            "deleted": false,
            "createdBy": -1,
            "createdDate": 1440216000000,
            "lastUpdatedBy": -1,
            "lastUpdatedOn": 1440216000000,
            "faqs": []
        },
        {
            "id": 32,
            "name": "Peer Pressure",
            "avatar": null,
            "deleted": false,
            "createdBy": -1,
            "createdDate": 1440216000000,
            "lastUpdatedBy": -1,
            "lastUpdatedOn": 1440216000000,
            "faqs": []
        },
        {
            "id": 30,
            "name": "Bullying",
            "avatar": null,
            "deleted": false,
            "createdBy": -1,
            "createdDate": 1440216000000,
            "lastUpdatedBy": -1,
            "lastUpdatedOn": 1440216000000,
            "faqs": []
        },
        {
            "id": 29,
            "name": "Loneliness",
            "avatar": null,
            "deleted": false,
            "createdBy": -1,
            "createdDate": 1440216000000,
            "lastUpdatedBy": -1,
            "lastUpdatedOn": 1440216000000,
            "faqs": []
        }
    ],
    "reviews": [
        {
            "cID": 141,
            "rating": 4,
            "victimID": 6007,
            "victim": {
                "id": 6007,
                "chatHistoryConsent": true,
                "email": "swmitra+test2@gmail.com",
                "avatar": "avatar7",
                "username": "swapna123test2",
                "firstName": null,
                "lastName": null,
                "picUrl": null,
                "registrationDate": 1453992898000,
                "lastLogin": 1455187118000,
                "loggableUser": {
                    "id": 5876,
                    "orgId": -1,
                    "refId": 6007,
                    "createdBy": 6007,
                    "deleted": false,
                    "userType": "VICTIM",
                    "lastUpdatedBy": 6007,
                    "lastUpdatedOn": 1453992898000,
                    "passwordValidity": 1713189299000,
                    "userLoginHistory": [],
                    "userSecurityQuestionMappings": [],
                    "active": true
                },
                "uri": null,
                "phone": null,
                "skypeID": null
            },
            "addedOn": 1454926526000,
            "description": "this was good",
            "id": 144,
            "hasReplied": true,
            "reply": {
                "id": 125,
                "description": "Peace hai",
                "lastUpdatedOn": 1242412414312412324            
            }
        },
        {
            "cID": 141,
            "rating": 3,
            "victimID": 2209,
            "victim": {
                "id": 2209,
                "chatHistoryConsent": true,
                "email": "rohit.shukla1995@gmail.com",
                "avatar": "avatar4",
                "username": "ray",
                "firstName": null,
                "lastName": null,
                "picUrl": null,
                "registrationDate": 1430567464000,
                "lastLogin": 1440273064000,
                "loggableUser": {
                    "id": 2080,
                    "orgId": -1,
                    "refId": 2209,
                    "createdBy": -1,
                    "deleted": false,
                    "userType": "VICTIM",
                    "lastUpdatedBy": -1,
                    "lastUpdatedOn": 1440271518000,
                    "passwordValidity": 1483246800000,
                    "userLoginHistory": [],
                    "userSecurityQuestionMappings": [],
                    "active": true
                },
                "uri": null,
                "phone": null,
                "skypeID": null
            },
            "addedOn": 1431403200000,
            "description": "she is friendly..and helpful... i would wish if she was bit humours also..tht would be ncy",
            "id": 44,
            "hasReplied": true,
            "reply": {
                "id": 124,
                "description": "Peace hai",
                "lastUpdatedOn": 1242412414312412324            
            }
        },
        {
            "cID": 141,
            "rating": 3,
            "victimID": 1549,
            "victim": {
                "id": 1549,
                "chatHistoryConsent": true,
                "email": "sonamt1890@rediffmail.com",
                "avatar": "avatar1",
                "username": "preeti",
                "firstName": null,
                "lastName": null,
                "picUrl": null,
                "registrationDate": 1427203249000,
                "lastLogin": 1440273064000,
                "loggableUser": {
                    "id": 1420,
                    "orgId": -1,
                    "refId": 1549,
                    "createdBy": -1,
                    "deleted": false,
                    "userType": "VICTIM",
                    "lastUpdatedBy": -1,
                    "lastUpdatedOn": 1440271518000,
                    "passwordValidity": 1483246800000,
                    "userLoginHistory": [],
                    "userSecurityQuestionMappings": [],
                    "active": true
                },
                "uri": null,
                "phone": null,
                "skypeID": null
            },
            "addedOn": 1429761600000,
            "description": "I really had nice feeling after taking to her ..I got recharged again.",
            "id": 45,
            "hasReplied": true,
            "reply": {
                "id": 123,
                "description": "Peace hai ke nahi dandkjlnakdadaddfhafjkhakfhakjfhjkafhkjahfkjhfkafhkahfkafhkafhkafhkahfkhfkahfkahfkahfkahfkahfkahfakfkahfkahf",
                "lastUpdatedOn": 1242412414312412324            
            }
        },
        {
            "cID": 141,
            "rating": 5,
            "victimID": 1668,
            "victim": {
                "id": 1668,
                "chatHistoryConsent": true,
                "email": "manojbhardwaj453@gmail.com",
                "avatar": "avatar2",
                "username": "freedom",
                "firstName": null,
                "lastName": null,
                "picUrl": null,
                "registrationDate": 1427810384000,
                "lastLogin": 1440273064000,
                "loggableUser": {
                    "id": 1539,
                    "orgId": -1,
                    "refId": 1668,
                    "createdBy": -1,
                    "deleted": false,
                    "userType": "VICTIM",
                    "lastUpdatedBy": -1,
                    "lastUpdatedOn": 1440271518000,
                    "passwordValidity": 1483246800000,
                    "userLoginHistory": [],
                    "userSecurityQuestionMappings": [],
                    "active": true
                },
                "uri": null,
                "phone": null,
                "skypeID": null
            },
            "addedOn": 1428120000000,
            "description": "Your Dost helped me to a great extent in picking me out of stress and frustration before coming into your proximity I was going through acute mentally unsoundness and disorder when I talked to you guys it showed me a rays in darkness of my life. I have no word to express my gratitude towards Your Team particularly Aarti whom I talked a lot. Thank you so much once again for doing one of the great cause on this Planet. May God impart you all the resources and will-power in a more strong way to serve the needy....\n \n thanks®ards",
            "id": 52,
            "hasReplied": true,
            "reply": {
                "id": 124,
                "description": "Peace hai",
                "lastUpdatedOn": 1242412414312412324            
            }
        },
        {
            "cID": 141,
            "rating": 4,
            "victimID": 1251,
            "victim": {
                "id": 1251,
                "chatHistoryConsent": true,
                "email": "shilviaram@gmail.com",
                "avatar": "avatar2",
                "username": "Santhosh",
                "firstName": null,
                "lastName": null,
                "picUrl": null,
                "registrationDate": 1426000595000,
                "lastLogin": 1425564652000,
                "loggableUser": {
                    "id": 1122,
                    "orgId": -1,
                    "refId": 1251,
                    "createdBy": -1,
                    "deleted": false,
                    "userType": "VICTIM",
                    "lastUpdatedBy": -1,
                    "lastUpdatedOn": 1440271518000,
                    "passwordValidity": 1483246800000,
                    "userLoginHistory": [],
                    "userSecurityQuestionMappings": [],
                    "active": true
                },
                "uri": null,
                "phone": null,
                "skypeID": null
            },
            "addedOn": 1425960000000,
            "description": "She gathered me like close friend.. I took strong decision about my life by aarti.. Thanks for your great help.. Thanks too your team",
            "id": 62,
            "hasReplied": true,
            "reply": {
                "id": 124,
                "description": "Peace hai",
                "lastUpdatedOn": 1242412414312412324            
            }
        }
    ],
    "customProperties": {
        "Qualification": [
            "Entrepreneur",
            "Engineer (IIT)",
            "Engineer"
        ],
        "Location": [
            "Bangalore"
        ],
        "Language": [
            "Hindi",
            "English"
        ]
    }
}