[{
	"id" : 1 ,
	"counselorName" : "John Nash",
	"counselorType" : "Clinical Psycologist",
	"noOfOngoingChats" : 2 ,
	"counselorAvatar" : "http://localhost:9001/images/avatar/avatar1.png" ,
	"rating" : 3 ,
	"favorited" : 0 , 
	"lastActive" : "5 days ago" ,
	"noOfConversations" : 200 ,
	"online" : 1,
	"language" : "english",
	"location" : "bangalore",
	"category" : "career" 
},
{
	"id" : 2 ,
	"counselorName" : "ABC",
	"counselorType" : "Clinical Psycologist",
	"noOfOngoingChats" : 0,
	"counselorAvatar" : "http://localhost:9001/images/avatar/avatar2.png" ,
	"rating" : 4 ,
	"favorited" : 1 , 
	"lastActive" : "10 days ago" ,
	"noOfConversations" : 500 ,
	"online" : 0,
	"language" : "english",
	"location" : "bangalore",
	"category" : "career" 
}]