{
  "status": "ok",
  "count": 4,
  "count_total": 4,
  "pages": 1,
  "posts": [
    {
      "id": 5872,
      "type": "post",
      "category": 31,
      "slug": "learning-parenting-tips-from-experts",
      "url": "https://d1hny4jmju3rds.cloudfront.net/ebookHomePageImages/parentingBookHomePage.png",
      "status": "publish",
      "title": "Learning Parenting Tips From Experts",
      "title_plain": "Learning Parenting Tips From Experts",
      "content": "<p><i>People come to us asking for ways to improve their personality and command the respect they always deserved. This e-book is our official answer to this question. Learn simple techniques to have a wise and pleasing personality and leave a lasting impression on others.<\/i><\/p>",
      "excerpt": "People come to us asking for ways to improve their personality and command the respect they always deserved. This e-book is our official answer to this question. Learn simple techniques to have a wise and pleasing personality and leave a lasting impression on others.",
      "date": "2016-02-10 22:39:50",
      "modified": "2016-02-10 22:40:31",
      "categories": [
        {
          "id": 1515,
          "slug": "ebooks",
          "title": "EBOOKS",
          "description": "",
          "parent": 0,
          "post_count": 3
        }
      ],
      "tags": [
        
      ],
      "author": {
        "id": 1,
        "slug": "yourdostblog",
        "name": "yourdost@blog",
        "first_name": "",
        "last_name": "",
        "nickname": "yourdost@blog",
        "url": "",
        "description": "YourDost",
        "avatar": "<img class=\"avatar avatar-60 photo\" width=\"64\" height=\"64\" src=\"https:\/\/blog.yourdost.com\/wp-content\/uploads\/2015\/09\/final-D.O.S.T-LOGO-1-015-150x150.png\"\/>"
      },
      "comments": [
        
      ],
      "attachments": [
        {
          "id": 5240,
          "url": "https://d1hny4jmju3rds.cloudfront.net/ebookHomePageImages/parentingBookHomePage.png",
          "slug": "pdf-cover_personality-1",
          "title": "pdf cover_personality (1)",
          "description": "",
          "caption": "",
          "parent": 5241,
          "mime_type": "image\/jpeg",
          "images": {
            "full": {
              "url": "http:\/\/yourdost-blog-images.s3-ap-southeast-1.amazonaws.com\/wp-content\/uploads\/2016\/02\/01185938\/pdf-cover_personality-1.jpg",
              "width": 2480,
              "height": 3508
            },
            "thumbnail": {
              "url": "http:\/\/yourdost-blog-images.s3-ap-southeast-1.amazonaws.com\/wp-content\/uploads\/2016\/02\/01185938\/pdf-cover_personality-1-150x150.jpg",
              "width": 150,
              "height": 150
            },
            "medium": {
              "url": "http:\/\/yourdost-blog-images.s3-ap-southeast-1.amazonaws.com\/wp-content\/uploads\/2016\/02\/01185938\/pdf-cover_personality-1-212x300.jpg",
              "width": 212,
              "height": 300
            },
            "medium_large": {
              "url": "http:\/\/yourdost-blog-images.s3-ap-southeast-1.amazonaws.com\/wp-content\/uploads\/2016\/02\/01185938\/pdf-cover_personality-1.jpg",
              "width": 730,
              "height": 1033
            },
            "large": {
              "url": "http:\/\/yourdost-blog-images.s3-ap-southeast-1.amazonaws.com\/wp-content\/uploads\/2016\/02\/01185938\/pdf-cover_personality-1-724x1024.jpg",
              "width": 724,
              "height": 1024
            }
          }
        }
      ],
      "comment_count": 0,
      "comment_status": "open",
      "thumbnail": "http:\/\/yourdost-blog-images.s3-ap-southeast-1.amazonaws.com\/wp-content\/uploads\/2016\/02\/01185938\/pdf-cover_personality-1-150x150.jpg",
      "custom_fields": {
        "mixpanel_event_label": [
          ""
        ],
        "post_views_count": [
          "144"
        ]
      },
      "thumbnail_size": "thumbnail",
      "thumbnail_images": {
        "full": {
          "url": "http:\/\/yourdost-blog-images.s3-ap-southeast-1.amazonaws.com\/wp-content\/uploads\/2016\/02\/01185938\/pdf-cover_personality-1.jpg",
          "width": 2480,
          "height": 3508
        },
        "thumbnail": {
          "url": "http:\/\/yourdost-blog-images.s3-ap-southeast-1.amazonaws.com\/wp-content\/uploads\/2016\/02\/01185938\/pdf-cover_personality-1-150x150.jpg",
          "width": 150,
          "height": 150
        },
        "medium": {
          "url": "http:\/\/yourdost-blog-images.s3-ap-southeast-1.amazonaws.com\/wp-content\/uploads\/2016\/02\/01185938\/pdf-cover_personality-1-212x300.jpg",
          "width": 212,
          "height": 300
        },
        "medium_large": {
          "url": "http:\/\/yourdost-blog-images.s3-ap-southeast-1.amazonaws.com\/wp-content\/uploads\/2016\/02\/01185938\/pdf-cover_personality-1.jpg",
          "width": 730,
          "height": 1033
        },
        "large": {
          "url": "http:\/\/yourdost-blog-images.s3-ap-southeast-1.amazonaws.com\/wp-content\/uploads\/2016\/02\/01185938\/pdf-cover_personality-1-724x1024.jpg",
          "width": 724,
          "height": 1024
        }
      }
    },
    {
      "id": 5241,
      "type": "post",
      "category": 100,
      "slug": "the-personality-manifesto",
      "url": "http:\/\/yourdost.com\/blog\/2016\/02\/the-personality-manifesto.html",
      "status": "publish",
      "title": "The Personality Manifesto",
      "title_plain": "The Personality Manifesto",
      "content": "<p><i>People come to us asking for ways to improve their personality and command the respect they always deserved. This e-book is our official answer to this question. Learn simple techniques to have a wise and pleasing personality and leave a lasting impression on others.<\/i><\/p>",
      "excerpt": "People come to us asking for ways to improve their personality and command the respect they always deserved. This e-book is our official answer to this question. Learn simple techniques to have a wise and pleasing personality and leave a lasting impression on others.",
      "date": "2016-02-10 22:39:50",
      "modified": "2016-02-10 22:40:31",
      "categories": [
        {
          "id": 1515,
          "slug": "ebooks",
          "title": "EBOOKS",
          "description": "",
          "parent": 0,
          "post_count": 3
        }
      ],
      "tags": [
        
      ],
      "author": {
        "id": 1,
        "slug": "yourdostblog",
        "name": "yourdost@blog",
        "first_name": "",
        "last_name": "",
        "nickname": "yourdost@blog",
        "url": "",
        "description": "YourDost",
        "avatar": "<img class=\"avatar avatar-60 photo\" width=\"64\" height=\"64\" src=\"https:\/\/blog.yourdost.com\/wp-content\/uploads\/2015\/09\/final-D.O.S.T-LOGO-1-015-150x150.png\"\/>"
      },
      "comments": [
        
      ],
      "attachments": [
        {
          "id": 5240,
          "url": "https://d1hny4jmju3rds.cloudfront.net/ebookHomePageImages/personalityManifestoHomePage.png",
          "slug": "pdf-cover_personality-1",
          "title": "pdf cover_personality (1)",
          "description": "",
          "caption": "",
          "parent": 5241,
          "mime_type": "image\/jpeg",
          "images": {
            "full": {
              "url": "http:\/\/yourdost-blog-images.s3-ap-southeast-1.amazonaws.com\/wp-content\/uploads\/2016\/02\/01185938\/pdf-cover_personality-1.jpg",
              "width": 2480,
              "height": 3508
            },
            "thumbnail": {
              "url": "http:\/\/yourdost-blog-images.s3-ap-southeast-1.amazonaws.com\/wp-content\/uploads\/2016\/02\/01185938\/pdf-cover_personality-1-150x150.jpg",
              "width": 150,
              "height": 150
            },
            "medium": {
              "url": "http:\/\/yourdost-blog-images.s3-ap-southeast-1.amazonaws.com\/wp-content\/uploads\/2016\/02\/01185938\/pdf-cover_personality-1-212x300.jpg",
              "width": 212,
              "height": 300
            },
            "medium_large": {
              "url": "http:\/\/yourdost-blog-images.s3-ap-southeast-1.amazonaws.com\/wp-content\/uploads\/2016\/02\/01185938\/pdf-cover_personality-1.jpg",
              "width": 730,
              "height": 1033
            },
            "large": {
              "url": "http:\/\/yourdost-blog-images.s3-ap-southeast-1.amazonaws.com\/wp-content\/uploads\/2016\/02\/01185938\/pdf-cover_personality-1-724x1024.jpg",
              "width": 724,
              "height": 1024
            }
          }
        }
      ],
      "comment_count": 0,
      "comment_status": "open",
      "thumbnail": "http:\/\/yourdost-blog-images.s3-ap-southeast-1.amazonaws.com\/wp-content\/uploads\/2016\/02\/01185938\/pdf-cover_personality-1-150x150.jpg",
      "custom_fields": {
        "mixpanel_event_label": [
          ""
        ],
        "post_views_count": [
          "144"
        ]
      },
      "thumbnail_size": "thumbnail",
      "thumbnail_images": {
        "full": {
          "url": "http:\/\/yourdost-blog-images.s3-ap-southeast-1.amazonaws.com\/wp-content\/uploads\/2016\/02\/01185938\/pdf-cover_personality-1.jpg",
          "width": 2480,
          "height": 3508
        },
        "thumbnail": {
          "url": "http:\/\/yourdost-blog-images.s3-ap-southeast-1.amazonaws.com\/wp-content\/uploads\/2016\/02\/01185938\/pdf-cover_personality-1-150x150.jpg",
          "width": 150,
          "height": 150
        },
        "medium": {
          "url": "http:\/\/yourdost-blog-images.s3-ap-southeast-1.amazonaws.com\/wp-content\/uploads\/2016\/02\/01185938\/pdf-cover_personality-1-212x300.jpg",
          "width": 212,
          "height": 300
        },
        "medium_large": {
          "url": "http:\/\/yourdost-blog-images.s3-ap-southeast-1.amazonaws.com\/wp-content\/uploads\/2016\/02\/01185938\/pdf-cover_personality-1.jpg",
          "width": 730,
          "height": 1033
        },
        "large": {
          "url": "http:\/\/yourdost-blog-images.s3-ap-southeast-1.amazonaws.com\/wp-content\/uploads\/2016\/02\/01185938\/pdf-cover_personality-1-724x1024.jpg",
          "width": 724,
          "height": 1024
        }
      }
    },
    {
      "id": 3714,
      "type": "post",
      "category": 13,
      "slug": "tips-for-a-better-life-on-anger-anxiety",
      "url": "http:\/\/yourdost.com\/blog\/2015\/12\/tips-for-a-better-life-on-anger-anxiety.html",
      "status": "publish",
      "title": "Tips for a better life on ANGER & ANXIETY",
      "title_plain": "Tips for a better life on ANGER &#038; ANXIETY",
      "content": "<p>Anger &amp; Anxiety are the basic tenants of our daily emotions. Is it bad to have those? Can we use them to our advantage? Learn the psychology behind your emotions and tips to channelise them in the right direction.<\/p>",
      "excerpt": "Anger &amp; Anxiety are the basic tenants of our daily emotions. Is it bad to have those? Can we use them to our advantage? Learn the psychology behind your emotions and tips to channelise them in the right direction.",
      "date": "2015-12-03 13:45:34",
      "modified": "2016-01-15 13:45:58",
      "categories": [
        {
          "id": 1515,
          "slug": "ebooks",
          "title": "EBOOKS",
          "description": "",
          "parent": 0,
          "post_count": 3
        }
      ],
      "tags": [
        
      ],
      "author": {
        "id": 1,
        "slug": "yourdostblog",
        "name": "yourdost@blog",
        "first_name": "",
        "last_name": "",
        "nickname": "yourdost@blog",
        "url": "",
        "description": "YourDost",
        "avatar": "<img class=\"avatar avatar-60 photo\" width=\"64\" height=\"64\" src=\"https:\/\/blog.yourdost.com\/wp-content\/uploads\/2015\/09\/final-D.O.S.T-LOGO-1-015-150x150.png\"\/>"
      },
      "comments": [
        
      ],
      "attachments": [
        {
          "id": 3716,
          "url": "https://d1hny4jmju3rds.cloudfront.net/ebookHomePageImages/meaningOfLifeHomePage.png",
          "slug": "tips_complete-page-001",
          "title": "TIPS_Complete-page-001",
          "description": "",
          "caption": "",
          "parent": 3714,
          "mime_type": "image\/jpeg",
          "images": {
            "full": {
              "url": "http:\/\/yourdost.com\/blog\/wp-content\/uploads\/2015\/12\/TIPS_Complete-page-001.jpg",
              "width": 2480,
              "height": 3508
            },
            "thumbnail": {
              "url": "http:\/\/yourdost.com\/blog\/wp-content\/uploads\/2015\/12\/TIPS_Complete-page-001-150x150.jpg",
              "width": 150,
              "height": 150
            },
            "medium": {
              "url": "http:\/\/yourdost.com\/blog\/wp-content\/uploads\/2015\/12\/TIPS_Complete-page-001-212x300.jpg",
              "width": 212,
              "height": 300
            },
            "medium_large": {
              "url": "http:\/\/yourdost.com\/blog\/wp-content\/uploads\/2015\/12\/TIPS_Complete-page-001.jpg",
              "width": 730,
              "height": 1033
            },
            "large": {
              "url": "http:\/\/yourdost.com\/blog\/wp-content\/uploads\/2015\/12\/TIPS_Complete-page-001-724x1024.jpg",
              "width": 724,
              "height": 1024
            }
          }
        }
      ],
      "comment_count": 0,
      "comment_status": "open",
      "thumbnail": "http:\/\/yourdost.com\/blog\/wp-content\/uploads\/2015\/12\/TIPS_Complete-page-001-150x150.jpg",
      "custom_fields": {
        "mixpanel_event_label": [
          ""
        ],
        "sharing_disabled": [
          "1"
        ],
        "addthis_exclude": [
          "true"
        ],
        "post_views_count": [
          "186"
        ]
      },
      "thumbnail_size": "thumbnail",
      "thumbnail_images": {
        "full": {
          "url": "http:\/\/yourdost.com\/blog\/wp-content\/uploads\/2015\/12\/TIPS_Complete-page-001.jpg",
          "width": 2480,
          "height": 3508
        },
        "thumbnail": {
          "url": "http:\/\/yourdost.com\/blog\/wp-content\/uploads\/2015\/12\/TIPS_Complete-page-001-150x150.jpg",
          "width": 150,
          "height": 150
        },
        "medium": {
          "url": "http:\/\/yourdost.com\/blog\/wp-content\/uploads\/2015\/12\/TIPS_Complete-page-001-212x300.jpg",
          "width": 212,
          "height": 300
        },
        "medium_large": {
          "url": "http:\/\/yourdost.com\/blog\/wp-content\/uploads\/2015\/12\/TIPS_Complete-page-001.jpg",
          "width": 730,
          "height": 1033
        },
        "large": {
          "url": "http:\/\/yourdost.com\/blog\/wp-content\/uploads\/2015\/12\/TIPS_Complete-page-001-724x1024.jpg",
          "width": 724,
          "height": 1024
        }
      }
    }
  ]
}