{
  "5872" : {
              "categoryId": [31],
              "imageUrl": "https://d1hny4jmju3rds.cloudfront.net/cloudinary/parenting.jpg",
              "title": "Learning Parenting Tips From Experts",
              "firstLineTitle": "Learning Parenting Tips",
              "secondLineTitle": "From Experts",
              "mobileTitle": "Parenting Tips",
              "description": "Parenting is a beautiful phase in our life. Learn how to make it less stressful by reading some of the expert tips we have put together in this small booklet.",
              "successMsg" : "Great! The link to your eBook has been sent to your email.<br/> Have some burning questions on parenting? Here are some counselors who can help:"
            },

  "5241"  : {
              "categoryId": [100],
              "imageUrl": "https://d1hny4jmju3rds.cloudfront.net/cloudinary/personality.jpg",
              "title": "Ways to improve The Personality Manifesto",
              "firstLineTitle": "Ways to improve personality",
              "secondLineTitle": "The Personality Manifesto",
              "mobileTitle": "Personality Manifesto",
              "description": "Ever felt jealous of the smartest guy in your batch? Why do some people always appear confident? A brief booklet on tips to improve your personality straight from our experts.",
              "successMsg": "Great! The link to your eBook has been sent to your email.<br/> Have some burning questions on personality development? These YourDOST counselors can help:"
            },

  "3714"  : {
              "categoryId": [13],
              "imageUrl": "https://d1hny4jmju3rds.cloudfront.net/cloudinary/tips.jpg",
              "title": "Tips for a better life on ANGER & ANXIETY",
              "firstLineTitle": "Tips for a better life on",
              "secondLineTitle": "Anger And Anxiety",
              "mobileTitle": "Anger And Anxiety",
              "description": "Is Anger bad for health? What about others who are a victim to your anger? We have put together a small booklet with tips from the best experts of India on how to channelize your emotions effectively.",
              "successMsg" : "Great! The link to your eBook has been sent to your email.<br/> Don't let anger or anxiety eat you up. Here are some counselors you can talk to:"
            },

  "6525"  : {
              "categoryId": [33],
              "imageUrl": "https://d1hny4jmju3rds.cloudfront.net/cloudinary/examstress.jpg",
              "title": "Tips to beat the exam stress like a Pro!",
              "firstLineTitle": "How to beat",
              "secondLineTitle": "Exam Stress Like a Pro",
              "mobileTitle": "Exam Stress",
              "description": "Exams are a never ending phenomena. We can’t afford to lose motivation mid way. Download our best selling booklet on how to handle exam stress and turn it into a positive productive action.",
              "successMsg": "Great! The link to your eBook has been sent to your email.<br/>  Want to know more about handling exam stress? These YourDOST counselors can help:"

            }

}