{

"featuredIn" : [{
	"image" : "https://d1763776ly2p7c.cloudfront.net/images/media/your-story-gray.png",
  "red_img" : "https://d1763776ly2p7c.cloudfront.net/images/media/your-story.png",
	"link" : "https://yourdost.com/press",
	"class" : "yourstory"
},
{
  "image" : "https://d1763776ly2p7c.cloudfront.net/images/media/bw-businessworld-gray.png",
  "red_img" : "https://d1763776ly2p7c.cloudfront.net/images/media/bw-businessworld.png",
  "link" : "https://yourdost.com/press",
  "class" : "bw"
},
{
  "image" : "https://d1763776ly2p7c.cloudfront.net/images/media/ndtv-gray.png",
  "red_img" : "https://d1763776ly2p7c.cloudfront.net/images/media/ndtv.png",
  "link" : "https://yourdost.com/press",
  "class" : "ndtv"
},
{
  "image" : "https://d1763776ly2p7c.cloudfront.net/images/media/the-times-of-india-gray.png",
  "red_img" : "https://d1763776ly2p7c.cloudfront.net/images/media/the-times-of-india.png",
  "link" : "https://yourdost.com/press",
  "class" : "times"
}
]
}
