[
   {
      "name":"qualification",
      "label":"Qualification",
      "filters":[
         {
            "value":"rci recognized",
            "label":"Rci recognized",
            "count":1
         },
         {
            "value":"clinical psycologist",
            "label":"Clinical psycologist",
            "count":1
         }
      ]
   },
   {
      "name":"category",
      "label":"Category",
      "filters":[
         {
            "value":"1",
            "label":"Career",
            "count":1
         },
         {
            "value":"5",
            "label":"Others",
            "count":1
         },
         {
            "value":"2",
            "label":"Family",
            "count":2
         },
         {
            "value":"3",
            "label":"Love-Relationship",
            "count":1
         },
         {
            "value":"4",
            "label":"Friends",
            "count":1
         }
      ]
   },
   {
      "name":"rating",
      "label":"Rating",
      "filters":[
         {
            "value":"3",
            "label":"3 Star",
            "count":2
         },
         {
            "value":"4",
            "label":"4 Star",
            "count":2
         }
      ]
   },
   {
      "name":"location",
      "label":"Location",
      "filters":[
         {
            "value":"bangalore",
            "label":"Bangalore",
            "count":2
         },
         {
            "value":"new delhi",
            "label":"New delhi",
            "count":1
         },
         {
            "value":"chennai",
            "label":"Chennai",
            "count":1
         }
      ]
   },
   {
      "name":"language",
      "label":"Language",
      "filters":[
         {
            "value":"madhwadi",
            "label":"Madhwadi",
            "count":1
         },
         {
            "value":"hindi",
            "label":"Hindi",
            "count":1
         },
         {
            "value":"punjabi",
            "label":"Punjabi",
            "count":1
         },
         {
            "value":"english",
            "label":"English",
            "count":4
         }
      ]
   }
]
