{
	"header-title" : ["BECOME AN EXPERT AT YOURDOST", "AND MAKE A DIFFERENCE"],
	"header-subtitle": "At YourDOST, we are committed to building a leading platform that breaks all barriers for people who want to seek guidance at the right time.",
	"text-in-the-box": "TO MAKE THIS HAPPEN, WE INVITE YOU TO JOIN OUR NETWORK OF EXPERTS.",
	"subtitle-in-the-box": "( Counselors, Psychologists, Career Coaches, Life Coaches )",
	"left-pane-title" : "HERE'S WHAT YOU CAN DO ON YOURDOST:",
	"right-pane-title": "LET'S BEGIN WITH SOME DETAILS...",
	"left-pane-description": [
								{
									"img": "https://d1hny4jmju3rds.cloudfront.net/join_us_experts/bulb.svg",
									"title": "SOLVE THEIR PROBLEMS",
									"description": "Have an online presence and be accessible to all who seek solutions to their problems."
								}, 
								{
									"img": "https://d1hny4jmju3rds.cloudfront.net/join_us_experts/clock.svg",
									"title": "ONLINE APPOINTMENTS",
									"description": "Schedule appointments online and connect with them via text chats/ audio calls/ video sessions or emails."
								}, 
								{
									"img": "https://d1hny4jmju3rds.cloudfront.net/join_us_experts/sms-email.svg",
									"title": "SMS & EMAIL REMINDERS",
									"description": "Get free SMS and email reminders for key events."
								}, 
								{
									"img": "https://d1hny4jmju3rds.cloudfront.net/join_us_experts/history.svg",
									"title": "CLIENT HISTORY",
									"description": "Access history of client, so you can serve them better over time - no 'flash' advice!"
								}, 
								{
									"img": "https://d1hny4jmju3rds.cloudfront.net/join_us_experts/business.svg",
									"title": "FELLOW INTERACTION",
									"description": "Discuss cases, exhange ideas and much more with fellow counselors on the platform."
								}, 
								{
									"img": "https://d1hny4jmju3rds.cloudfront.net/join_us_experts/money.svg",
									"title": "EARN MONEY",
									"description": "Offer premium services and earn money."
								} 

							],
	"qualifications":	[
							{
								"id" : 1,
								"title" : "Masters/ Diploma/ Certification in Psychology (Pursuing/ Completed)"
							},
							{
								"id" : 2,
								"title" : "Masters in Social Work"
							},
							{
								"id" : 3,
								"title" : "Neurolinguistic programming certification/ Hypnotherapy (Completed/ Pursuing)"
							},
							{
								"id" : 4,
								"title" : "Life coaching certification (Completed/ Pursuing)"
							},
							{
								"id" : 5,
								"title" : "Career coaching/ Training Certification"
							},
							{
								"id" : 6,
								"title" : "Human resource professionals with experience in areas of emotional wellness"
							}
						]
}