{
  "YD001":"Samanvay Vidyalya, Muraina",
  "YD002":"Samanvay Vidyalya, Shyopur",
  "YD003":"Samanvay Vidyalya, Bhind",
  "YD004":"Samanvay Vidyalya, Baalghaat",
  "YD005":"Samanvay Vidyalya, Gwalior",
  "YD006":"Samanvay Vidyalya, Sivni",
  "YD007":"Samanvay Vidyalya, Chindwada",
  "YD008":"Samanvay Vidyalya, Dindori",
  "YD009":"Samanvay Vidyalya, Mandla",
  "YD010":"Samanvay Vidyalya, Narsinghpur",
  "YD011":"Samanvay Vidyalya, Katni",
  "YD012":"Samanvay Vidyalya, Jabalpur",
  "YD013":"Samanvay Vidyalya, Harda",
  "YD014":"Samanvay Vidyalya, Hoshangabad",
  "YD015":"Samanvay Vidyalya, Baitool",
  "YD016":"Samanvay Vidyalya, Raisen",
  "YD017":"Samanvay Vidyalya, Seehor",
  "YD018":"Samanvay Vidyalya, Bhopal",
  "YD019":"Samanvay Vidyalya, Vidisha",
  "YD020":"Samanvay Vidyalya, Rajgarh",
  "YD021":"Samanvay Vidyalya, Alirajpur",
  "YD022":"Samanvay Vidyalya, Burhanpur",
  "YD023":"Samanvay Vidyalya, Khandva",
  "YD024":"Samanvay Vidyalya, Barwani",
  "YD025":"Samanvay Vidyalya, Khargon",
  "YD026":"Samanvay Vidyalya, Dhar",
  "YD027":"Samanvay Vidyalya, Jhabuya",
  "YD028":"Samanvay Vidyalya, Datiya",
  "YD029":"Samanvay Vidyalya, Shivpuri",
  "YD030":"Samanvay Vidyalya, Guna",
  "YD031":"Samanvay Vidyalya, Ashoknagar",
  "YD032":"Samanvay Vidyalya, TeekamGarh",
  "YD033":"Samanvay Vidyalya, Chhatarpur",
  "YD034":"Samanvay Vidyalya, Panna",
  "YD035":"Samanvay Vidyalya, Sagar",
  "YD036":"Samanvay Vidyalya, Damoh",
  "YD037":"Samanvay Vidyalya, Satna",
  "YD038":"Samanvay Vidyalya, Rewa",
  "YD039":"Samanvay Vidyalya, Shehdol",
  "YD040":"Samanvay Vidyalya, Umaria",
  "YD041":"Samanvay Vidyalya, Seedhi",
  "YD042":"Samanvay Vidyalya, Agar",
  "YD043":"Samanvay Vidyalya, Dewas",
  "YD044":"Samanvay Vidyalya, Shajapur",
  "YD045":"Samanvay Vidyalya, Ujjain",
  "YD046":"Samanvay Vidyalya, Ratlam",
  "YD047":"Samanvay Vidyalya, Nimach",
  "YD048":"Samanvay Vidyalya, Mandsaur",
  "YD049":"Samanvay Vidyalya, Singhrauli",
  "YD050":"Samanvay Vidyalya, Anooppur",
  "YD051":"Samanvay Vidyalya, Indore"
}
