{

"partners" : [{
	"image" : "https://d1hny4jmju3rds.cloudfront.net/cloudinary/dont_give_up.png",
	"link" : "http://dontgiveupworld.com/",
	"class" : ""
},
{
  "image" : "https://d1hny4jmju3rds.cloudfront.net/cloudinary/safecity.png",
  "link" : "http://maps.safecity.in/externalpages/forms/report_new.php",
  "class" : "partners-safecity"
},
{
  "image" : "https://d1hny4jmju3rds.cloudfront.net/cloudinary/askiitians.png",
  "link" : "http://www.askiitians.com/",
  "class" : ""
},
{
  "image" : "https://d1hny4jmju3rds.cloudfront.net/cloudinary/careerizma.png",
  "link" : "http://www.careerizma.com/",
  "class" : ""
},
{
  "image" : "https://d1hny4jmju3rds.cloudfront.net/cloudinary/maddy-coupons.png",
  "link" : "https://www.maddycoupons.in/",
  "class" : ""

},
{
  "image" : "https://d1hny4jmju3rds.cloudfront.net/cloudinary/couponrani.png",
  "link" : "http://www.couponrani.com/yourdost-coupons",
  "class" : ""

},
{
  "image" : "https://d1hny4jmju3rds.cloudfront.net/cloudinary/taaza-coupons.png",
  "link" : "http://www.taazacoupons.in/",
  "class" : ""

},
{
  "image" : "https://d1hny4jmju3rds.cloudfront.net/cloudinary/couponzguru.png",
  "link" : "http://www.couponzguru.com/yourdost-coupons/",
  "class" : ""

},
{
  "image" : "https://d1hny4jmju3rds.cloudfront.net/cloudinary/khojguru.png",
  "link" : "http://khojguru.com/yourdost-coupons-codes_b_2n5jw",
  "class" : ""

},
{
  "image" : "https://d1hny4jmju3rds.cloudfront.net/cloudinary/insights.png",
  "link" : "http://www.insightsonindia.com",
  "class" : ""

},
{
  "image" : "https://d1hny4jmju3rds.cloudfront.net/partners/i-quanta.png",
  "link" : "http://www.iquanta.in/",
  "class" : ""

}]
}
