{
	"quotes" :[
		{
			"id" : 1,
			"imageUrl" : "https://d1hny4jmju3rds.cloudfront.net/womens_day/quote1-eleanor-bg.jpg",
			"author" : "Eleanor Roosevelt",
			"quote" : "A woman is like a tea bag – you never know how strong she is until she gets in hot water.",
			"occupation" : "First Lady, USA (1933-45)"
		},
		{
			"id" : 2,
			"imageUrl" : "https://d1hny4jmju3rds.cloudfront.net/womens_day/quote2-ayn-bg.jpg",
			"author" : "Ayn Rand",
			"quote" : "The question isn’t who’s going to let me; it’s who is going to stop me.",
			"occupation" : "Novelist and Philosopher"
		},
		{
			"id" : 3,
			"imageUrl" : "https://d1hny4jmju3rds.cloudfront.net/womens_day/quote3-taylor-bg.jpg",
			"author" : "Taylor Swift",
			"quote" : "Happiness and confidence are the prettiest things a girl can wear.",
			"occupation" : "Popular singer and popstar"
		},
		{
			"id" : 4,
			"imageUrl" : "https://d1hny4jmju3rds.cloudfront.net/womens_day/quote4-mala-bg.jpg",
			"author" : "Malala Yousafzai",
			"quote" : "We realize the importance of our voices only when we are silenced.",
			"occupation" : "Youngest Nobel Prize Laureate"
		},
		{
			"id" : 5,
			"imageUrl" : "https://d1hny4jmju3rds.cloudfront.net/womens_day/quote5-thatcher-bg.jpg",
			"author" : "Margaret Thatcher",
			"quote" : "In politics, if you want anything said, ask a man; if you want anything done, ask a woman.",
			"occupation" : "Prime Minister, United Kingdom (1979-90)"
		},
		{
			"id" : 6,
			"imageUrl" : "https://d1hny4jmju3rds.cloudfront.net/womens_day/quote6-maya-bg.jpg",
			"author" : "Maya Angelou",
			"quote" : "Nothing cam dim the light that shines from within.",
			"occupation" : "American Poet and Activist"
		},
		{
			"id" : 7,
			"imageUrl" : "https://d1hny4jmju3rds.cloudfront.net/womens_day/quote7-priyanka-bg.jpg",
			"author" : "Priyanka Chopra",
			"quote" : "You need to find what’s unique about yourself and make that your strength.",
			"occupation" : "Actress and Singer, International Cinema"
		},
		{
			"id" : 8,
			"imageUrl" : "https://d1hny4jmju3rds.cloudfront.net/womens_day/quote8-kangana-bg.jpg",
			"author" : "Kangana Ranaut",
			"quote" : "I wanted to be the person who could be their own hero.",
			"occupation" : "National Film Award Winner"
		},
		{
			"id" : 9,
			"imageUrl" : "https://d1hny4jmju3rds.cloudfront.net/womens_day/quote9-nandita-bg.jpg",
			"author" : "Nandita Das",
			"quote" : "I defined myself through nurturing many different interests. How I looked was unimportant.",
			"occupation" : "Film Actress and Director"
		}
	]
}