{
	"quotes" :[
		{
			"id" : 1,
			"imageUrl" : "https://d1hny4jmju3rds.cloudfront.net/womens_day/quote1-eleanor-bg.jpg",
			"author" : "J.K. Rowling",
			"quote" : "It's so difficult to describe depression to someone who's never been there because it's not sadness",
			"occupation" : "Author of the Bestselling Harry Potter Series"
		},
		{
			"id" : 2,
			"imageUrl" : "https://d1hny4jmju3rds.cloudfront.net/womens_day/quote2-ayn-bg.jpg",
			"author" : "David Mitchell",
			"quote" : "You are allowed to feel messed up & inside out. It doesn't mean you are defective - it just means you're human",
			"occupation" : "Author of the Bestseller, Cloud Atlas"
		},
		{
			"id" : 3,
			"imageUrl" : "https://d1hny4jmju3rds.cloudfront.net/womens_day/quote3-taylor-bg.jpg",
			"author" : "Robbie Williams",
			"quote" : "Depression isn't about, 'Woe is me, my life is this, that and the other', it's like having the worst flu all day that you just can't kick",
			"occupation" : "Popular English Singer, Songwriter and Actor"
		},
		{
			"id" : 4,
			"imageUrl" : "https://d1hny4jmju3rds.cloudfront.net/womens_day/quote4-mala-bg.jpg",
			"author" : "St. Francis of Assisi",
			"quote" : "Start by doing what's necessary; then do what's possible, and suddenly you are doing the impossible",
			"occupation" : ""
		},
		{
			"id" : 5,
			"imageUrl" : "https://d1hny4jmju3rds.cloudfront.net/womens_day/quote5-thatcher-bg.jpg",
			"author" : "Deepika Padukone",
			"quote" : "People talk about physical fitness, but mental health is equally important. ",
			"occupation" : "Actor, Indian & International Cinema"
		},
		{
			"id" : 6,
			"imageUrl" : "https://d1hny4jmju3rds.cloudfront.net/womens_day/quote6-maya-bg.jpg",
			"author" : "Johnny Depp",
			"quote" : "People cry not because they're weak. It's because they've been strong for too long",
			"occupation" : "Actor, International Cinema"
		},
		{
			"id" : 7,
			"imageUrl" : "https://d1hny4jmju3rds.cloudfront.net/womens_day/quote7-priyanka-bg.jpg",
			"author" : "Andrew Solomon",
			"quote" : "“Grief is depression in proportion to circumstance; depression is grief out of proportion to circumstance.” ",
			"occupation" : "Author of the Bestseller,The Noonday Demon: An Atlas of Depression"
		},
		{
			"id" : 8,
			"imageUrl" : "https://d1hny4jmju3rds.cloudfront.net/womens_day/quote8-kangana-bg.jpg",
			"author" : "Oscar Wilde",
			"quote" : "Suffering is one very long moment. We cannot divide it by seasons. ",
			"occupation" : "Famous 19th Century Irish Playwright, Novelist, Essayist, and Poet"
		},
		{
			"id" : 9,
			"imageUrl" : "https://d1hny4jmju3rds.cloudfront.net/womens_day/quote9-nandita-bg.jpg",
			"author" : "Victor Hugo",
			"quote" : "Great griefs exhaust. The man into whom they enter feels something taken from him. ",
			"occupation" : "Famous French Poet & Author of  Les Misérables"
		},
		{
			"id" : 10,
			"imageUrl" : "https://d1hny4jmju3rds.cloudfront.net/womens_day/quote9-nandita-bg.jpg",
			"author" : "Vincent Van Gogh",
			"quote" : "Though I am often in the depths of misery, there is still calmness, pure harmony and music inside me.",
			"occupation" : "Famous Dutch Post-Impressionist Painter"
		}
	]
}