{

	"whats-your-shape/result" : {
						"identifier" : "PSYGMT",
						"title" : "What's Your Shape?",
						"description" : "Your personality can make favourable to certain shapes. In return, your chosen shapes can tell you about your personality. So, what’s your shape?",
						"imageUrl": "https://d1hny4jmju3rds.cloudfront.net/shape_test/facebook-share.png",
						"utm_source": "test_shapetest",
						"utm_medium": "FB-Campaign-socialshare",
						"mixpanel-itemName": "Shape Test", 
						"url": "whats-your-shape"
					},


	"truecolour/result" : {
						"identifier" : "TRUCLR",
						"title" : "WHAT'S YOUR COLOUR?",
						"description" : "Answer questions that most fit your personality to get your true color. You can be blue, orange, gold or green. All four are completely different, so which one are you?",
						"imageUrl": "https://d1hny4jmju3rds.cloudfront.net/true_color/lndex_image.jpg",
						"utm_source": "test_truecolour",
						"utm_medium": "FB-Campaign-socialshare",
						"mixpanel-itemName": "True Colour",
						"url": "truecolour"
					},

	"truecolourpage/result" : {
						"identifier" : "TRUCLR",
						"title" : "WHAT'S YOUR COLOUR?",
						"description" : "Answer questions that most fit your personality to get your true color. You can be blue, orange, gold or green. All four are completely different, so which one are you?",
						"imageUrl": "https://d1hny4jmju3rds.cloudfront.net/true_color/lndex_image.jpg",
						"utm_source": "test_truecolour",
						"utm_medium": "FB-Campaign-socialshare",
						"mixpanel-itemName": "True Colour",
						"url": "truecolour"
					},				

	"habitometer" : {
		  				"identifier": "HBTMTR",
		  				"title" : "YOUR INTERNET HABIT-O-METER",
						"description" : "Worried that you're becoming too addicted to the internet? Answer these questions to see what the Habit-o-Meter tells you!",
						"imageUrl": "https://d1hny4jmju3rds.cloudfront.net/habitometer/habitometerCard/habit-o.png",
						"utm_source": "test_internethabitometer",
						"utm_medium": "FB-Campaign-socialshare",
						"mixpanel-itemName": "Habit O Meter",
						"url": "habitometer"	
		  			},

	"discoverYourself/result": {

						"identifier": "DSVRYS",
						"title": "DISCOVER YOUR INNATE NATURE",
						"description": "Get a little playful peek into your psyche with this test. You may find something you want to change about yourself!",
						"imageUrl" : "https://d1hny4jmju3rds.cloudfront.net/selfHelpHolderPage/innate_nature/innate-2.png",
						"utm_source": "test_innate",
						"utm_medium": "FB-Campaign-socialshare",
						"mixpanel-itemName": "Discover Yourself",
						"url": "discoverYourself"
					},
	"decide-your-new-year-resolution/result": {

				"identifier": "NYRSHT",
				"title": "Decide My New Year Resolution in 2017",
				"description": "Finding it difficult to decide which new year resolution to take in 2017? Take this quiz made by psychologists and make the right resolution!",
				"imageUrl" : "https://d1hny4jmju3rds.cloudfront.net/selfHelpHolderPage/innate_nature/innate-2.png",
				"utm_source": "test_resolution",
				"utm_medium": "FB-Campaign-socialshare",
				"mixpanel-itemName": "New Year Resolution",
				"url": "newYear"
	},
	
	"share-positive-chats": {

							"identifier": "SHPVCH",
							"title": "I had a great conversation with an expert on YourDOST, it was very helpfull to me. Try it out - it's confidential.",
							"description": "Something bothering you? Don't keep it in, talk it out with our experts on YourDOST",
							"imageUrl": "https://d1hny4jmju3rds.cloudfront.net/cloudinary/logo_1.png",
							"utm_source": "FB",
							"utm_medium": "web",
							"utm_campaign": "share_chatexp", 
							"mixpanel-itemName": "Share Positive Chats",
							"url": ""
						},
	"donate" : {

		"identifier": "SPTWRD",
		"title": " Did you just hit a roadblock and are looking for guidance to kick that off?",
		"description": "You can try speaking to experts at YourDOST. Do take a look and try. You might meet the best coach for your life.",
		"imageUrl": "https://d1hny4jmju3rds.cloudfront.net/cloudinary/logo_1.png",
		"utm_source": "FB",
		"utm_medium": "web",
		"utm_campaign": "share_spreadword", 
		"mixpanel-itemName": "Spread The Word",
		"url": ""
	}					

}
