[
	{
		"title": "1. Use ‘What’ instead of ‘Why’.",
		"content": "Certain words have a positive connotation while the others have negative. Therefore to be more polite and descriptive it is important that we use the word ‘What’ instead of ‘Why’ which is more accusing and direct. Example: It is always nice to ask someone “What made you do this?” Rather than “Why did you do this?"
	},
	{
		"title": "2. Put it in a question form",
		"content": "When you want your partner to do something for you, put it in a question form rather than a statement. The response is more likely to be positive since it is a more politer form. Example: Ask, “Can you get me a glass of what?” instead of “Go get me a glass of water."
	},
	{
		"title": "3. Turn your complaints into requests",
		"content": "If you see a regular pattern in your partner’s behavior and you want them to change it, put it in a form of a request rather than a complaint. For example it is always you who has to pick and drop your child to school, tuitions and play while your partner takes no ownership, you can say  “If I drop her to school, would you please pick her up?"
	},
	{
		"title": "4. Talk less, Listen more",
		"content": "The basic requirement of a relationship is to listen to the other. Feeling heard not only gives your partner a sense that there is someone to understand them but also increases your knowledge about them."
	},
	{
		"title": "5. Use of ‘I’",
		"content": "It is important that we take the ownership of what we speak and feel and take the ‘I’ stand. Instead of accusing your partner to spoil your mood, you can say, “I was feeling like….” or “I felt really humiliated/sad/angry the other day” instead of “You made me feel this way“."
	},
	{
		"title": "6. Appreciate the other",
		"content": "t is human nature to pinpoint faults in others but ina  relationship, it is important to acknowledge the good that they do. Never forget to use the two magical words: Thank you and sorry. Also, acknowledge their presence when they are with you. Setting aside your mobile/TV/tablet  can really make a difference in the relationship."
	},
	{
		"title": "7. Do not let negative feeling over power you",
		"content": "Never reply when angry. It is suggest to take a step back if you see things heating up and resume when both have cooled down."
	},
	{
		"title": "8. Avoid exaggeration",
		"content": "It a way of expressing our pent up feelings of distress.It might help to give an instant relief as it works as an ego booster but does not work on the favour of marital harmony."
	},
	{
		"title": "9. Do not assume instead Clarify your doubt",
		"content": "It is a human tendency to play the role of  a mind reader where we assume what the other person might be thinking which might not be hundred percent sure instead to avoid the discomfort we can clarify our doubt openly with our partner."
	},
	{
		"title": "10. Use Humor",
		"content": "Having to use humor in a conflict shows the openness, comfort, and commitment people have towards each other that they are able to deal with the tension in a more constructive manner. One does not necessarily need to be funny to be able to add humour."
	}
]