{
	"the-depression-epidemic-in-india" : {

		"id" : 1,
		"imageUrl" : "https://d1hny4jmju3rds.cloudfront.net/who_depression_day/stories/depression-lp-innerpage.jpg",
		"url" : "the-depression-epidemic-in-india",
		"location" : "Maharashtra",
		"name" : "",
		"excerpt" :"“Depression: Let’s Talk”; WHO has declared this as the theme for this year’s ‘World Health Day’ - observed annually on April 7.",
		"title" :"The Depression Epidemic in India",
		"para1" : "<p>“Depression: Let’s Talk”; WHO has declared this as the theme for this year’s ‘World Health Day’ - observed annually on April 7. </p><p>This is a strong indicator of the serious effects and wide spread of depression in the recent years.  Instances of depression in India have reached alarmingly high numbers. According to the WHO, nearly 57 million Indians suffer from depression and rising. In simpler terms, 1 in every 22 people suffer from depression in the country. To add to that, 36% of Indians are likely to suffer from depression at some point in their lives. </p>",
		"para2" : "<p>Even more alarming is the fact that 42.5% of corporate employees in India suffer from depression. A lot of reasons have come to light which aggravate this illness. Stiff global competition has led to lower job security. To add to that, employees have to deal with demanding schedules and high stress at work. These conditions of intense pressure lead to the deterioration of employees’ mental health.</p>",
		"para3" : "<p>A major hurdle that depression patients face in India is the lack of resources for professional intervention in the form of counselling as well a lack of willingness to seek professional help for mental health issues. The Indian government has estimated that 1 in 5 in the country need psychological or psychiatric counselling. Only when more and more depression patients seek help can we truly gain more clarity about the causes and treatments for depression and other mental disorders.</p>",
		"para4" : "<p>Another major issue surrounding depression and other mental disorders in India is a lack of awareness as well severe societal stigma against the illnesses and those who suffer from it. If left untreated, depression leads to a deterioration in the personal and professional relationships, as well as the quality of life of the sufferer. This leads a lot of people to take the extreme step of ending their lives. The average suicide rate in India is 20.9 for every lakh people and is the second leading cause of death among those in the age group of 15-29.</p><p>These stats have made one thing clear - it’s time to bring the conversation on depression out into the open and act. It is time that the country acknowledges and addresses the stigma around this often deadly illness. #LetsTalk about depression.</p>"
	},
	"shailaja-shares-her-battle-with-depression" : {

		"id" : 1,
		"imageUrl" : "https://d1hny4jmju3rds.cloudfront.net/who_depression_day/stories/1.jpg",
		"url" : "shailaja-shares-her-battle-with-depression",
		"location" : "Maharashtra",
		"name" : "Shailaja",
		"excerpt" :"Shailaja Shares Her Battle With DepressionForced to run away from home because of domestic abuse, she raised her two children single-handedly by working 18 hours/day for 20 years.",
		"title" :"Shailaja Shares Her Battle With Depression",
		"para1" : "<p>Depression is not feeling sad once in a blue moon, it is rather a persistent feeling of sadness and worthlessness. There is a lack of desire to engage in any pleasurable activities. Shailaja Vishwanath battled depression but overcame the condition with the support of her family.</p><p>Depression, bipolar disorder, schizophrenia were terms of Psychology vaguely familiar to Shailaja when she was a student in 1998. Three years later, she fell victim to the insidious vice of mental illness herself. It affected her family and also led her to the verge of committing suicide. She was lost and decided to seek professional help to battle her condition.</p>",
		"para2" : "<p>Being a professional psychologist herself, she clarifies that there are no universal symptoms of depression. The stigma of mental illness is such that the symptoms are often undetected, unresolved and even shamed by the society. The first symptoms are only detected with extreme behavioural reactions.</p>",
		"para3" : "<p>Shailaja suffered from insomnia, suicidal tendencies, hallucinations and extreme, violent mood swings. She couldn’t sing or write anymore despite being skilled at both these things. Having conversations with anybody had become impossible for her. </p><p>Even after recovery, she found it difficult to trust people, open up or even speak like she did before the illness. Eventually, with time and dedicated support, these feelings became a thing of the past.</p>",
		"para4" : "<p>Shailaja did not shy away from approaching a therapist. She was also supported by her family throughout her ordeal. This helped her win the battle against depression. <p>Mental ailments are just as important as chronic illnesses like cancer and AIDS, and must be treated so. Shailaja, with her knowledge and experience, suggests people suffering from depression or any other mental illness to seek treatment and address them like any physical health concern. To quote her directly, “It is your battle and if you don't fight then who will?”</p>"
	},
	"ajinkya-kohle-battled-depression-in-a-foreign-land" : {

		"id" : 2,
		"imageUrl" : "https://d1hny4jmju3rds.cloudfront.net/who_depression_day/stories/2.jpg",
		"url" : "ajinkya-kohle-battled-depression-in-a-foreign-land",
		"descriptor" : "Bangalore",
		"name" : "Ajinkya Kohle",
		"excerpt" :"Accepting his depression helped Ajinkya deal with his pain better and even understand himself. ",
		"title" :"Ajinkya Kohle Battled Depression In A Foreign Land",
		"para1" : "<p>Ajinkya is a 26-year-old resident of Pune. He openly shares the story of his struggle with depression. Mental illnesses are still so stigmatised in the Indian culture that this is a very brave step by Ajinkya.<p></p>Being a bright student, he completed his engineering from a prestigious institute in India. He then moved to the USA to pursue a Masters in Engineering. He found it difficult to befriend new people and naturally missed his family back home. A lack of emotional support worsened his situation, and depression began to silently creep in.</p>",
		"para2" : "<p>Ajinkya was scared, stressed, and suffered from insomnia. Despite his declining performance, he couldn't couldn’t bring himself to study. He resisted getting support from friends and colleagues. When he couldn’t take it anymore, he decided to return to India. ",
		"para3" : "<p>Returning home should have been easy, but it wasn't. Ajinkya found it difficult to adjust with his relatives. While friends and family were supportive, relatives and acquaintances gossiped about his failure. They each had an individual hypothesis about his return. <p></p>To distract himself from such monotonous justifications, he renewed his hobby of reading. While browsing through the internet he came across some information on Depression. To his surprise, he found that he related to all the symptoms mentioned. He continued his research into the condition through books and articles until he could positively confirm that he indeed was suffering from it.</p>",
		"para4" : "<p>Finally, Ajinkya resumed studies at an Indian university and spent quality time learning photography. He kept himself occupied and fought against judgement and his own low confidence. <p></p>From being depressed to securing an M. Tech degree from a renowned university, Ajinkya has come a long way. He has overcome the deep-running trust issues which curtailed him from opening up to people even when he needed it. Battling depression was an important chapter in his life, teaching him several lessons. He accepts that his pain is much better now and that he is more aware of himself.<p>"
	},
	"this-is-what-google-did-when-she-searched-how-to-commit-suicide" : {

		"id" : 3,
		"imageUrl" : "https://d1hny4jmju3rds.cloudfront.net/who_depression_day/stories/3.jpg",
		"url" : "this-is-what-google-did-when-she-searched-how-to-commit-suicide",
		"descriptor" : "Uttar Pradesh",
		"name" : "Anonymous",
		"excerpt" :"Just before attempting suicide a girl decided to Google “How to commit suicide?” What Google did next is laudable. ",
		"title" :"This is what Google did when she searched “How to commit suicide”",
		"para1" : "<p>More often than not we approach a friend when we need help. Here’s how Google acted like a best friend to a girl who was about to end her life. </p>",
		"para2" : "<p>A 24 years old girl who was traumatised and depressed decided to commit suicide. After landing a government job, her partner was pressurised by his family to leave her. Unable to cope with this incident, the girl decided to end her life by jumping into the Yamuna canal, 4 km away from Saharanpur.</p>",
		"para3" : "<p>Right before committing the act, she thought of finding an easier method to end her life. She found herself typing “How to commit suicide” into Google. Instead of showing her ways of committing suicide, Google displayed “Suicide Helpline Numbers.”</p><p>Unable to think any further, she dialled one of the numbers which connected her to the Deputy Inspector General of Police, who convinced her to get counseling. He even convinced her to come to his office. The girl reached the DIG’s office and narrated her story to him.</p>",
		"para4" :"<p>The DIG, with the assistance of the staff at the women’s police station, got experts to counsel to the girl.</p><p>Technology saved this girl’s life and all of it thanks to Google for being so sensitive and alert. By thoughtfully displaying suicide helpline numbers instead of methods to commit suicide, Google indeed was a friend in need.</p>"	
	}
}