{

	"stories" : [
		{
			"id" : 1,
			"imageUrl" : "https://d1hny4jmju3rds.cloudfront.net/who_depression_day/stories/1-thumb.jpg",
			"url" : "shailaja-shares-her-battle-with-depression",
			"descriptor" : "",
			"name" : "Shailaja",
			"excerpt" :"Shailaja fell victim to the insidious vice of depression which she battled by seeking timely professional help.",
			"title" :"Shailaja Shares Her Battle With Depression"
		},
		{
			"id" : 2,
			"imageUrl" : "https://d1hny4jmju3rds.cloudfront.net/who_depression_day/stories/2-thumb.jpg",
			"url" : "ajinkya-kohle-battled-depression-in-a-foreign-land",
			"descriptor" : "",
			"name" : "Ajinkya Kohle",
			"excerpt" :"Accepting his depression helped Ajinkya deal with his pain better and even understand himself. ",
			"title" :"Ajinkya Kohle Battled Depression In A Foreign Land"
		},
		{
			"id" : 3,
			"imageUrl" : "https://d1hny4jmju3rds.cloudfront.net/who_depression_day/stories/3-thumb.jpg",
			"url" : "this-is-what-google-did-when-she-searched-how-to-commit-suicide",
			"descriptor" : "",
			"name" : "Anonymous",
			"excerpt" :"Just before attempting suicide a girl decided to Google “How to commit suicide?” What Google did next is laudable. ",
			"title" :"This is what Google did when she searched “How to commit suicide”"
		}
	]
}