{

	"stories" : [
		{

			"id" : 27,
			"imageUrl" : "https://s3-ap-southeast-1.amazonaws.com/yourdost-images/womens_day/womensday-raveena.jpg",
			"url" : "raveenas-fight-against-depression",
			"descriptor" : "Depression Survivor",
			"name" : "Raveena Mital",
			"excerpt" :"Raveena lost her railings when she met her first pitfall towards her passion and got into depression. This story is about how she clawed her way back to normalcy.",
			"title" :"Raveena’s fight against depression"
		},
		{

			"id" : 25,
			"imageUrl" : "https://s3-ap-southeast-1.amazonaws.com/yourdost-images/womens_day/womensday-madhumitha.jpg",
			"url" : "madhumitha-fought-against-all-odds-to-deal-with-physical-disability",
			"descriptor" : "Battled Stereotypes",
			"name" : "Madhumitha Venkataraman",
			"excerpt" :" Being a woman and a person with disability, Madhumitha learnt to celebrate every form of diversity – gender, disability, LGBT, religion.",
			"title" :"Madhumitha Fought Against All Odds To Deal With Physical Disability, Discrimination & Stereotypes"
		},
		{
			
			"id" : 26,
			"imageUrl" : "https://s3-ap-southeast-1.amazonaws.com/yourdost-images/womens_day/womensday-pranu.jpg",
			"url" : "pranu-battled-poverty-since-early-childhood-but-never-gave-up-on-life",
			"descriptor" : "Battled Poverty",
			"name" : "Pranu Rai",
			"excerpt" :"From early childhood, Pranu battled Poverty to such an extent that she did not even have food to have at times.",
			"title" :"Pranu Battled Poverty Since Early Childhood But Never Gave Up On Life"
		},
		{

			"id" : 22,
			"imageUrl" : "https://s3-ap-southeast-1.amazonaws.com/yourdost-images/womens_day/womensday-brainy.jpg",
			"url" : "how-brainy-peter-split-second-decision-saved-her-in-her-night-of-horror",
			"descriptor" : "Attempt-to-rape survivor",
			"name" : "Brainy Peter",
			"excerpt" :"This story is about how Brainy Peter’s presence of mind saved her from a drunk taxi driver.",
			"title" :"How Brainy Peter’s Split Second Decision Saved Her In Her Night Of Horror"
		},
		{
			
			"id" : 23,
			"imageUrl" : "https://s3-ap-southeast-1.amazonaws.com/yourdost-images/womens_day/womensday-mihika.jpg",
			"url" : "mihika-fought-every-challenge-that-came-her-way-even-after-the-tragic-accident ",
			"descriptor" : "Survivor of a Massive Accident",
			"name" : "Mihika",
			"excerpt" :"A massive road accident took away her father’s life, left her mother deal with a complex surgery and herself cope with all this alone.",
			"title" :"Mihika Fought Every Challenge That Came Her Way Even After The Tragic Accident."
		},
		{
			
			"id" : 24,
			"imageUrl" : "https://s3-ap-southeast-1.amazonaws.com/yourdost-images/womens_day/womensday-uma.jpg",
			"url" : "unable-to-handle-her-husbands-torture-and-infidelity-uma-chose-to-live-her-life-as-a-single-mother",
			"descriptor" : "Single Mother",
			"name" : "Uma Maheshwari",
			"excerpt" :"Uma Maheshwari was physically tortured for just giving birth a baby girl and then she left her husband to begin her life again.",
			"title" :"Unable To Handle Her Husband’s Torture And Infidelity, Uma Chose To Live Her Life As A Single Mother"
		},
		{

			"id" : 19,
			"imageUrl" : "https://s3-ap-southeast-1.amazonaws.com/yourdost-images/womens_day/womensday-lakshmi.jpg",
			"url" : "life-of-hardships-and-thriving-against-odds",
			"descriptor" : "Family Matriarch",
			"name" : "Lakshmi",
			"excerpt" :"Lakshmi helps her sister through similar struggles that she went through as a young woman.",
			"title" :"Lakshmi’s Life Of Hardships And Thriving Against Odds"
		},
		{
			
			"id" : 20,
			"imageUrl" : "https://s3-ap-southeast-1.amazonaws.com/yourdost-images/womens_day/womensday-shivaranjani.jpg",
			"url" : "single-mother-teacher-and-a-fighter",
			"descriptor" : "Single Mother",
			"name" : "Shivaranjani",
			"excerpt" :"Shivaranjani’s daughter describes how her mother fought adverse circumstances to raise her and her brother.",
			"title" :"Shivaranjani - Single mother, teacher, fighter."
		},
		{
			
			"id" : 21,
			"imageUrl" : "https://s3-ap-southeast-1.amazonaws.com/yourdost-images/womens_day/womensday-monica.jpg",
			"url" : "monica-won-over-bell-palsy-despite-10-months-of-extreme-suffering",
			"descriptor" : "Coped with Bell Palsy",
			"name" : "Monica Ram",
			"excerpt" :" Three years back Monica was diagnosed with Bell Palsy but despite 10 months of suffering she fought hard against her condition.",
			"title" :"Monica Won Over Bell Palsy Despite 10 Months Of Extreme Suffering"
		},
		{
			
			"id" : 17,
			"imageUrl" : "https://s3-ap-southeast-1.amazonaws.com/yourdost-images/womens_day/womensday-GENERIC.jpg",
			"url" : "once-a-mother-of-a-daughter-with-down-syndrome",
			"descriptor" : "Dedicated Mother",
			"name" : "Esther Thomas",
			"excerpt" :"With a newborn suffering from Down Syndrome, Esther acted quickly to give her daughter & other Down sufferers and caregivers a better life.",
			"title" :"Once A Mother Of A Daughter With Down Syndrome, Now Has Her Own Centre To Help Others"
		},
		{

			"id" : 16,
			"imageUrl" : "https://s3-ap-southeast-1.amazonaws.com/yourdost-images/womens_day/womensday-hema.jpg",
			"url" : "the-woman-who-has-battled-lupus-for-a-decade",
			"descriptor" : "Lupus Warrior",
			"name" : "Hema Rajagopalan",
			"excerpt" :"Despite Hema Rajagopalan's battle with Lupus, she has managed to stay positive and live a happy and successful life against all odds",
			"title" :"Hema, Who Has Battled Lupus For A Decade Is A Paragon Of Positivity And Resilience To Us All"
		},
		{
			
			"id" : 18,
			"imageUrl" : "https://s3-ap-southeast-1.amazonaws.com/yourdost-images/womens_day/womensday-deepthi.jpg",
			"url" : "deepthi-is-valiantly-fighting-against-a-neuromuscular-disorder-called-myasthenia-gravis",
			"descriptor" : "Braved Myasthenia Gravis",
			"name" : "Deepthi Sudhir Nair",
			"excerpt" :"Deepthi’s life turned upside down as she was suddenly struck by Myasthenia Gravis, a chronic condition which weakens the skeletal muscles.",
			"title" :"Deepthi Is Valiantly Fighting Against A Neuromuscular Disorder Called Myasthenia Gravis"
		},
		{
			"id" : 10,
			"imageUrl" : "https://s3-ap-southeast-1.amazonaws.com/yourdost-images/womens_day/womensday-nancy.jpg",
			"url" : "the-girl-who-fought-paralysis-after-tragic-accident-for-6-months-to-begin-walking-again",
			"descriptor" : "Paralysis Defeater",
			"name" : "Nancy",
			"excerpt" :"Doctors had no medication to help Nancy move again after the tragic accident but she is able to walk again solely through her determination.",
			"title" :"The Girl Who Fought Paralysis After A Tragic Accident For 6 Months To Begin Walking Again"
		},
		{
			"id" : 11,
			"imageUrl" : "https://s3-ap-southeast-1.amazonaws.com/yourdost-images/womens_day/womensday-anamika.jpg",
			"url" : "on-positivity-and-letting-go-anamika-fight-against-cancer",
			"descriptor" : "Cancer Survivor",
			"name" : "Anamika Chakravarty",
			"excerpt" :"A story of fighting cancer and the effect of chemotherapy by letting go.",
			"title" :"On Positivity and Letting Go - Anamika’s Fight Against Cancer. "
		},
		{
			"id" : 12,
			"imageUrl" : "https://s3-ap-southeast-1.amazonaws.com/yourdost-images/womens_day/womensday-somaya.jpg",
			"url" : "a-young-author-coped-with-depression-after-losing-her-sister-to-domestic-violence",
			"descriptor" : " Depression Survivor",
			"name" : "Somaya Iqubal Khan",
			"excerpt" :"Unable to handle her sister’s tragic death, Somaya battled depression but stood up strong to help silently suffering other domestic victims.",
			"title" :"Somaya, A Young Author Coped With Depression After Losing Her Sister To Domestic Violence"
		},
		{
			"id" : 13,
			"imageUrl" : "https://s3-ap-southeast-1.amazonaws.com/yourdost-images/womens_day/womensday-surbhi.jpg",
			"url" : "a-wife-who-fought-all-odds-to-retain-her-husband-sight",
			"descriptor" : "Self Motivator ",
			"name" : "Surbhi Mishra",
			"excerpt" :" When her husband was diagnosed with an incurable eye disease, Surbhi stood up strong to fight every obstacle of life.",
			"title" :"Surbhi, A Wife Who Fought All Odds To Retain Her Husband’s Sight"
		},
		{
			"id" : 14,
			"imageUrl" : "https://s3-ap-southeast-1.amazonaws.com/yourdost-images/womens_day/womensday-asha.jpg",
			"url" : "how-asha-kothawan-helped-bring-up-her-child-with-down-syndrome",
			"descriptor" : "Courageous Parent",
			"name" : "Asha Kothiwan",
			"excerpt" :"Mother of 4 who worked hard to get her child with down syndrome upto a point of being able to sustain himself independently.",
			"title" :"'He makes me proud every day,' - How Asha Kothawan helped bring up her child with down syndrome"
		},
		{
			"id" : 15,
			"imageUrl" : "https://s3-ap-southeast-1.amazonaws.com/yourdost-images/womens_day/womensday-aarthi.jpg",
			"url" : "the-girl-who-positively-challenged-her-physical-condition",
			"descriptor" : "Fought Physical",
			"name" : "Aarthi Sampath",
			"excerpt" :"Aarthi was just 11 years old when she was diagnosed with Muscular Dystrophy but despite several obstacles, she never gave up on positivity. ",
			"title" :"Aarthi, The Girl Who Positively Challenged Her Physical Condition"
		},
		{
			"id" : 7,
			"imageUrl" : "https://s3-ap-southeast-1.amazonaws.com/yourdost-images/womens_day/womensday-sarika.jpg",
			"url" : "the-woman-who-survived-cancer-now-educates-many-others-like-her-through-anandi-sheroes",
			"descriptor" : "Cancer Survivor",
			"name" : "Sarika Rana",
			"excerpt" :"Sarika Rana battled Cancer, to form Anandi Sheroes to educate & create awareness about the stigmas, treatments & support other patients.",
			"title" :"Sarika, Who Survived Cancer Now, Educates Many Others Like Her Through Anandi Sheroes"
		},
		{
			"id" : 8,
			"imageUrl" : "https://s3-ap-southeast-1.amazonaws.com/yourdost-images/womens_day/womensday-supraja+(1).jpg",
			"url" : "with-an-early-marriage-had-a-baby-but-didnt-give-up-her-career",
			"descriptor" : "A Resilient Soul",
			"name" : "Supraja Sirala",
			"excerpt" :"An early marriage, a baby while pursuing an academic course, Supraja is a superwoman who handled much more than most people can.",
			"title" :"Supraja, With An Early Marriage Had A Baby But Didn’t Give Up Her Career"
		},
		{
			"id" : 9,
			"imageUrl" : "https://s3-ap-southeast-1.amazonaws.com/yourdost-images/womens_day/womensday-sowndharya.jpg",
			"url" : "a-teenager-who-fought-family-hardships-to-emerge-successful",
			"descriptor" : "Epitome of Resilience",
			"name" : "Sowndharya Iyer",
			"excerpt" :"At the age of 13, after her father’s demise, Sowndharya took up all responsibilities & choose to fight back every single time tragedy struck",
			"title" :"Sowndharya, A Teenager, Who Fought Family Hardships To Emerge Successful"
		},
		{
			"id" : 4,
			"imageUrl" : "https://s3-ap-southeast-1.amazonaws.com/yourdost-images/womens_day/womensday-sreoshi.jpg",
			"url" : "the-start-up-girl-who-fought-2-giant-diseases-and-bounced-back ",
			"descriptor" : "Resolute Fighter",
			"name" : "Sreoshi Bakshi",
			"excerpt" :"Founder of a successful start-up now, Sreoshi had a tough time dealing with tuberculosis and subsequent depression some years back.",
			"title" :"Sreoshi, The Start-up Girl Who Fought 2 Giant Diseases and Bounced Back"
		},
		{
			"id" : 5,
			"imageUrl" : "https://s3-ap-southeast-1.amazonaws.com/yourdost-images/womens_day/womensday-seema.jpg",
			"url" : "india-only-female-commando-trainer-who-is-also-a-filmmaker-and-firefighter",
			"descriptor" : "India’s 1st Female Commando",
			"name" : "Seema Rao",
			"excerpt" :"India’s only female commando trainer and a 7th-degree black belt holder in military martial arts, she does not charge for her services!",
			"title" :"Seema, India’s Only Female Commando Trainer Who Is Also a Filmmaker and Firefighter!"
		},
		{
			"id" : 6,
			"imageUrl" : "https://s3-ap-southeast-1.amazonaws.com/yourdost-images/womens_day/womensday-neela.jpg",
			"url" : "the-girl-who-took-a-bold-stand-against-physical-assault-and-overcome-all-odds-against-society",
			"descriptor" : "Boldness  Redefined",
			"name" : "Neela Mendu",
			"excerpt" :"After almost being raped, Neela battled depression and came out stronger and became truly independent",
			"title" :"Neela, the girl who took a bold stand against physical assault and overcome all odds against society"
		},
		{
			"id" : 1,
			"imageUrl" : "https://s3-ap-southeast-1.amazonaws.com/yourdost-images/womens_day/womensday-nirmala.jpg",
			"url" : "the-single-mother-who-rose-from-the-clutches-of-poverty",
			"descriptor" : "Single Mother",
			"name" : "Nirmala Ingle",
			"excerpt" :"Forced to run away from home because of domestic abuse, she raised her two children single-handedly by working 18 hours/day for 20 years.",
			"title" :"The Single Mother Who Rose From The Clutches Of Poverty"
		},
		{
			"id" : 2,
			"imageUrl" : "https://s3-ap-southeast-1.amazonaws.com/yourdost-images/womens_day/womensday-farida.jpg",
			"url" : "the-woman-who-has-been-fighting-cancer-for-20-years-now",
			"descriptor" : "Cancer Survivor",
			"name" : "Farida Rizwan",
			"excerpt" :"A counselor by profession, Farida has been fighting with cancer for 20 years now. She also helped many cancer patients across the globe.",
			"title" :"The Woman Who Has Been Fighting Cancer For 20 Years Now"
		},
		{
			"id" : 3,
			"imageUrl" : "https://s3-ap-southeast-1.amazonaws.com/yourdost-images/womens_day/womensday-shivangi.jpg",
			"url" : "the-girl-who-fought-a-rare-disease-and-emerged-on-top",
			"descriptor" : "Rare Disease Fighter",
			"name" : "Shivangi Raghav",
			"excerpt" :"Inflicted with a rare disease since birth, Shivangi grew up in challenging situations. Yet, she completed her education & is now a teacher.",
			"title" :"The Girl Who Fought A Rare Disease and Emerged on Top"
		}
		
	]
}