{
  "teams" : [
    {
      "image" : "https://d1hny4jmju3rds.cloudfront.net/team/teams/YD.jpg"
    },
    {
      "image" : "https://d1hny4jmju3rds.cloudfront.net/team/teams/Tech.jpg"
    },
    {
      "image" : "https://d1hny4jmju3rds.cloudfront.net/team/teams/Operations.jpg"
    },
    {
      "image" : "https://d1hny4jmju3rds.cloudfront.net/team/teams/Marketing.jpg"
    }
  ],
  "advisors" : [
    {
      "name" : "Dr C R Chandrashekar",
      "image" : "https://d1hny4jmju3rds.cloudfront.net/cloudinary/Chandrashekar.png",
      "gifImage" : "" ,
      "socialLink" : "http://www.deccanchronicle.com/lifestyle/health-and-wellbeing/010417/urban-legend-the-peoples-psychiatrist-and-his-happiness-hypothesis.html",
      "designation" : "Advisor",
      "experience" : "Ex. Prof - NIMHANS <br/> (Psychiatry)"
    },
    {
      "name" : "Dr Pradeep Yammiyavar",
      "image" : "https://d1hny4jmju3rds.cloudfront.net/cloudinary/yammiyavar.png",
      "gifImage" : "" ,
      "socialLink" : "https://www.linkedin.com/in/pradeep-yammiyavar-3052252/",
      "designation" : "Advisor",
      "experience" : "Psychotherapist & Professor IIT Guwahati"
    },
    {
      "name" : "Dr Archana Tyagi",
      "image" : "https://d1hny4jmju3rds.cloudfront.net/cloudinary/archana.jpg",
      "gifImage" : "" ,
      "socialLink" : "https://in.linkedin.com/in/drarchanatyagi",
      "designation" : "Advisor",
      "experience" : "Psychotherapist & Coach <br/> &nbsp; &nbsp;"
    },
    {
    	"name" : "Dr Chakravarthy Mazumdar",
    	"image" : "https://media.licdn.com/mpr/mpr/shrinknp_200_200/p/4/000/180/015/3b3184c.jpg",
    	"gifImage" : "" ,
    	"socialLink" : "https://www.linkedin.com/in/drcmazumdar/",
    	"designation" : "Advisor",
      "experience" : "Co-Founder Healthcaremagic<br/> &nbsp; &nbsp;"
  	},
  	{
    	"name" : "Phanindra Sama",
    	"image" : "https://d1hny4jmju3rds.cloudfront.net/team/advisors/phanindra-sama.jpg",
    	"gifImage" : "" ,
    	"socialLink" : "https://www.linkedin.com/in/phanisama/",
    	"designation" : "Investor",
      "experience" : "Founder Redbus <br/> &nbsp; &nbsp;"
    },
    {
      "name" : "Sanjay Anandaram",
      "image" : "http://bw-image.s3.amazonaws.com/s3fs-public/old_img/469526.jpg",
      "gifImage" : "" ,
      "socialLink" : "https://www.linkedin.com/in/sanjayanandaram/",
      "designation" : "Mentor",
      "experience" : "Venture Partner, SeedFund <br/> &nbsp; &nbsp;"
    },
    {
      "name" : "SAIF Partners",
      "image" : "https://d1hny4jmju3rds.cloudfront.net/team/advisors/Saif_partners.jpg",
      "gifImage" : "" ,
      "socialLink" : "https://www.linkedin.com/company-beta/670652/",
      "designation" : "Investor",
      "experience" : ""
    },
    {
      "name" : "Nu Ventures",
      "image" : "https://d1hny4jmju3rds.cloudfront.net/team/advisors/NuVentures.jpg",
      "socialLink":"https://www.linkedin.com/company-beta/6411706/",
      "gifImage" : "",
      "designation":" Investor",
      "experience" : ""
    }
  ],
  "team" : [
    {
    	"name" : "Richa Singh",
    	"image" : "https://d1hny4jmju3rds.cloudfront.net/team/Richa.jpg",
    	"gifImage" : "" ,
    	"socialLink" : "https://www.linkedin.com/in/richa0387",
    	"designation" : "CEO & Co Founder"
    },
    {
    	"name" : "Puneet Manuja",
    	"image" : "https://d1hny4jmju3rds.cloudfront.net/team/Puneeth.jpg",
    	"gifImage" : "" ,
    	"socialLink" : "https://www.linkedin.com/in/puneetmanuja/",
    	"designation" : "COO & Co Founder"
    },
    {
    	"name" : "Satyajeet Nandekar",
    	"image" : "https://d1hny4jmju3rds.cloudfront.net/cloudinary/satyajeet.jpg",
    	"gifImage" : "" ,
    	"socialLink" : "https://www.linkedin.com/in/satyajeet-nandekar-308a3515/",
    	"designation" : "Co-founder"
    },
    {
    	"name" : "Akshat Kansal",
    	"image" : "https://d1hny4jmju3rds.cloudfront.net/team/Akshat.jpg",
    	"gifImage" : "" ,
    	"socialLink" : "https://www.linkedin.com/in/akshatkansal/",
    	"designation" : "Director - Engineering"
    },
    {
      "name" : "Robert Philip",
      "image" : "https://d1hny4jmju3rds.cloudfront.net/team/Robert.jpg",
      "gifImage" : "" ,
      "socialLink" : "https://www.linkedin.com/in/rbarthol/",
      "designation" : "Director - Operations"
    },
    {
      "name" : "Shruti Singhal",
      "image" : "https://d1hny4jmju3rds.cloudfront.net/cloudinary/shruti.jpg",
      "gifImage" : "" ,
      "socialLink" : "https://yourdost.com/counselor/Shruti-Singhal-7251",
      "designation" : "Lead Psychologist"
    },
     {
      "name" : "Neelima Pradhan",
      "image" : "https://d1hny4jmju3rds.cloudfront.net/team/Neelima_big.jpg",
      "gifImage" : "" ,
      "socialLink" : "https://www.linkedin.com/in/neelima-pradhan-32396a50/",
      "designation" : "Psychologist"
    },
    {
      "name" : "Nelson Vinod",
      "image" : "https://d1hny4jmju3rds.cloudfront.net/team/Nelson.jpeg",
      "gifImage" : "" ,
      "socialLink" : "https://www.linkedin.com/in/nelsonvinodmoses/",
      "designation" : "Content"
    },
    {
      "name" : "Abdul Rehman Khairdi",
      "image" : "https://d1hny4jmju3rds.cloudfront.net/team/Abdul.jpg",
      "gifImage" : "" ,
      "socialLink" : "https://www.linkedin.com/in/abdulrehmankhairdi/",
      "designation" : "Engineering"
    },
    {
      "name" : "Aishwarya Sathyanarayanan",
      "image" : "https://d1hny4jmju3rds.cloudfront.net/team/Aishwarya.jpg",
      "gifImage" : "" ,
      "socialLink" : "https://www.linkedin.com/in/aishwarya-sathyanarayanan/",
      "designation" : "Psychologist"
    },
    {
      "name" : "Akshay Kumar",
      "image" : "https://d1hny4jmju3rds.cloudfront.net/team/Akshay.jpg",
      "gifImage" : "" ,
      "socialLink" : "#",
      "designation" : "Engineering"
    },
    {
      "name" : "Ankita Chandak",
      "image" : "https://d1hny4jmju3rds.cloudfront.net/team/Ankita-chandak.jpg",
      "gifImage" : "" ,
      "socialLink" : "https://www.linkedin.com/in/chandakankita",
      "designation" : "Marketing"
    },
    {
      "name" : "Ankita Reddy",
      "image" : "https://d1hny4jmju3rds.cloudfront.net/team/Ankita-Accounts.jpg",
      "gifImage" : "" ,
      "socialLink" : "https://www.linkedin.com/in/ankita-reddy-856a93b6/",
      "designation" : "Corporate Sales"
    },
    {
      "name" : "Ankita Singhal",
      "image" : "https://d1hny4jmju3rds.cloudfront.net/team/Ankita-singal.jpg",
      "gifImage" : "" ,
      "socialLink" : "https://www.linkedin.com/in/ankita-singhal-3485731b/",
      "designation" : "Engineering"
    },
    {
      "name" : "Crystal Dsouza",
      "image" : "https://d1hny4jmju3rds.cloudfront.net/team/Crystal.jpg",
      "gifImage" : "" ,
      "socialLink" : "https://www.linkedin.com/in/crystal-l-dsouza/",
      "designation" : "Corporate Sales"
    },
    {
      "name" : "Dasari Sridhar",
      "image" : "https://d1hny4jmju3rds.cloudfront.net/team/Sridhar.jpg",
      "gifImage" : "" ,
      "socialLink" : "https://www.linkedin.com/in/sridhar-reddy-47b91940/",
      "designation" : "Engineering"
    },
    {
      "name" : "Dayal Selvaraj",
      "image" : "https://d1hny4jmju3rds.cloudfront.net/team/Dayal.jpg",
      "gifImage" : "" ,
      "socialLink" : "https://www.linkedin.com/in/dayal-s-22427a40/",
      "designation" : "Design"
    },
    {
      "name" : "Jenish Ponnamparambath",
      "image" : "https://d1hny4jmju3rds.cloudfront.net/team/Jenish.jpg",
      "gifImage" : "" ,
      "socialLink" : "https://www.linkedin.com/in/jenish-p-46454615/",
      "designation" : "Content"
    },
    {
      "name" : "Jigar Bharat Gohil",
      "image" : "https://d1hny4jmju3rds.cloudfront.net/team/Jigar.jpg",
      "gifImage" : "" ,
      "socialLink" : "#",
      "designation" : "Operations"
    },
    {
      "name" : "Mukheer Ahmed",
      "image" : "https://d1hny4jmju3rds.cloudfront.net/team/Mukheer.jpg",
      "gifImage" : "" ,
      "socialLink" : "#",
      "designation" : "Operations"
    },
    {
      "name" : "Praveen Kumar N.",
      "image" : "https://d1hny4jmju3rds.cloudfront.net/team/Praveen-Kumar.jpg",
      "gifImage" : "" ,
      "socialLink" : "https://www.linkedin.com/in/praveen-kumar-n-11b72659/",
      "designation" : "Engineering"
    },
    {
      "name" : "Praveen Reddy J N",
      "image" : "https://d1hny4jmju3rds.cloudfront.net/team/Praveen-Reddy.jpg",
      "gifImage" : "" ,
      "socialLink" : "https://www.linkedin.com/in/praveen-reddy-j-n-3b6b0040/",
      "designation" : "Engineering"
    },
    {
      "name" : "Shankar",
      "image" : "https://d1hny4jmju3rds.cloudfront.net/team/Shankar.jpg",
      "gifImage" : "" ,
      "socialLink" : "https://www.linkedin.com/in/shankar-m-b0857920/",
      "designation" : "Design"
    },
    {
      "name" : "Shreyaa Krritika Das",
      "image" : "https://d1hny4jmju3rds.cloudfront.net/team/Shreya.jpg",
      "gifImage" : "" ,
      "socialLink" : "https://www.linkedin.com/in/krritika/",
      "designation" : "Design"
    },
    {
      "name" : "Shruti Sabharwal",
      "image" : "https://d1hny4jmju3rds.cloudfront.net/team/Sruthi.jpg",
      "gifImage" : "" ,
      "socialLink" : "https://www.linkedin.com/in/shruti-sabharwal-8b9350132/",
      "designation" : "Operations"
    },
    {
      "name" : "Sushma Hebbar",
      "image" : "https://d1hny4jmju3rds.cloudfront.net/team/Sushma.jpg",
      "gifImage" : "" ,
      "socialLink" : "https://www.linkedin.com/in/sushma-hebbar-2b752b62/",
      "designation" : "Psychologist"
    },
    {
      "name" : "Swekriti Bhatnagar",
      "image" : "https://d1hny4jmju3rds.cloudfront.net/team/Swekriti.jpg",
      "gifImage" : "" ,
      "socialLink" : "https://www.linkedin.com/in/swekriti-bhatnagar-23b219127/",
      "designation" : "Psychologist"
    },
    {
      "name" : "Uthista Ram Thota",
      "image" : "https://d1hny4jmju3rds.cloudfront.net/team/Uthista.jpg",
      "gifImage" : "" ,
      "socialLink" : "https://yourdost.com/counselor/Uthista--83783",
      "designation" : "Psychologist"
    },
    {
    	"name" : "Penny",
    	"image" : "https://d1hny4jmju3rds.cloudfront.net/team/penny.jpg",
    	"gifImage" : "" ,
    	"socialLink" : "https://www.facebook.com/cfo.penny/",
    	"designation" : "Chief Fun Officer"
    }
  ],

  "campusAmbassadors" : [
    {
      "name":"Aalap Shah",
      "designation":"Campus Ambassador",
      "image":"https://d1hny4jmju3rds.cloudfront.net/cloudinary/aalap.jpg",
      "socialLink":"https://www.linkedin.com/profile/view?id=399839239",
      "gifImage":""
    },
    {
      "name":"Sushobhit Chaoudhary",
      "designation":"Campus Ambassador",
      "image":"https://d1hny4jmju3rds.cloudfront.net/cloudinary/sushobhit.jpg",
      "socialLink":"https://www.linkedin.com/profile/view?id=94097664",
      "gifImage":""
    },
    {
      "name" : "Sushmit Choudhary",
      "designation":"Campus Ambassador",
      "image" : "https://d1hny4jmju3rds.cloudfront.net/cloudinary/sushmit.jpg",
      "socialLink":"#",
      "gifImage" : ""
    }
  ]
}
