[{
	"message" : "i was thinking to personally meet a professional life coach or something because i was getting overwhelmed with my recursive thoughts but since i have you guys helping me... i think my search has ended here",
	"author" : "BTech, preparing for banking exam and struggling to find herself"
},
{
	"message" : "Thank you so much for all your help, god bless you, you are such a beautiful soul",
	"author" : "Young girl stressed about her relationship"
},
{
	"message" : "seriously feels good, the work you guys are doing for others, hats off I am so thankful to you for such an inspiring reply. Really a heartfelt thanks. I have already started working towards getting a job.",
	"author" : "Gay person feeling rejected from society, speaking to us at 3am and then again few days later"
},
{
	"message" : "Thanks a lot, its a brilliant initiative. I certainly feel better",
	"author" : "Preparing for IAS exams and feeling directionless"
},
{
	"message" : "i am not going to give up...let life throw any thing on me",
	"author" : "Dejected, lost due to failure in exams"
}]
