[{
	"text" : "BUILD HEALTHY PERSONAL RELATIONSHIPS?",
	"category" : 3
},
{
	"text" : "HAVE A MORE PRODUCTIVE WORK LIFE?",
	"category" : 11
},
{
	"text" : "WORK TOWARDS YOUR GOAL WITH ENTHUSIASM?",
	"category" : 1
},
{
	"text" : "BUILD A MORE CONFIDENT SELF?",
	"category" : 39
},
{
	"text" : "FIGHT SOCIETAL PRESSURE?",
	"category" : 21
},
{
	"text" : "IMPROVE YOUR INNER SELF?",
	"category" : 28
},
{
	"text" : "LEAD FROM WITHIN?",
	"category" : 14
},
{
	"text" : "SHARE YOUR GRIEF?",
	"category" : 17
}]