[{
	"message" : "I heard about YourDOST from a media source. Initially, I had my doubts: Who would want to open up to a stranger on the internet? Why would someone want to help me for free? After using the service, my views changed completely. People at YourDOST were genuinely interested in helping me out; they were always there when I needed help. I'm no longer solving my problems alone, since I have 'Special Friends' to talk to.",
	"author" : "Chaitanya Dhruv",
	"occupation" : "Co-founder, NoChini.com",
	"imageUrl" : "https://d1hny4jmju3rds.cloudfront.net/cloudinary/dhruv.png"
},
{
	"message" : "My journey with YourDost started when my friend saw their ad in the newspaper. Initially I was not open to this, but I gave it a try by sending a message to one counselor. Her response was not only soothing and helpful, it was also detailed. Based on her suggestion, I did an online chat with another counselor, which went on for almost 2 hours! I am not a person who can open up quickly, but I did with them. They are very encouraging, have a lot of patience and answer all your questions honestly, even if you think they are silly. Helping people who desperately need some kind of support is such an honorable job. They are such an inspiration, I feel like joining them too!",
	"author"  : "Sanjana",
	"occupation" : "Student, B.Tech, 1st year",
	"imageUrl" : "https://d1hny4jmju3rds.cloudfront.net/cloudinary/avatar1.png"

},
{
	"message" : "I would like to extend my deep gratitude to the entire YourDOST team, they have helped change my life for the better. It was wonderful to be able to share my deep, personal problems, with the YourDOST counselors, and to be able to find resolutions to these problems.",
	"author"  : " Bhavesh Patel",
	"occupation" : "Technical Lead",
	"imageUrl" : "https://d1hny4jmju3rds.cloudfront.net/cloudinary/bhavesh.png"

},
{
	"message" : "YourDOST provides a trusted forum to express our feelings and seek valuable advice. I was able to discuss my personal problems with a counselor, and she gave me wonderful support, along with practical solutions to implement. Whatever questions you may have, you can share it with full assurance that it will be kept anonymous, and that you will not be judged. I am now more positive about life, relationships and profession. All thanks to the strong support by the exceptional counselors!",
	"author"  : " Shantanu Kulkarni",
	"occupation" : "Human Resources",
	"imageUrl" : "https://d1hny4jmju3rds.cloudfront.net/cloudinary/avatar2.png"

}]
