[{
	"message" : "I was unemployed for about 2 months. There was a lot of pressure building on me. I had begun to feel that things would not improve in my life. Around this time, I got to know about YourDOST on YouTube I signed up here and then talked to a counsellor. She listened to me carefully and offered genuine advice.. I felt very relieved by sharing my problems. A big THANK YOU to the YourDOST Team!",
	"author" : "Shehbaz Mistry",
	"occupation" : "Working Professional, Dubai",
	"imageUrl" : "https://d2w4fhi5bhd90e.cloudfront.net/homeVariation/shehbaz_mistry.svg"
},
{
	"message" : "At first, I was a bit sceptical about this website but I still signed up. The counsellors welcomed me warmly and they treated my concerns with great priority. After about 8 months of great sessions, I feel I am a changed person and my life has improved vastly. My personal favourite DOST is Candice – she is one of the best counsellors here. I am a proud user of this platform and I would like to step forth and say that you should try it as you will not be disappointed on this website.",
	"author" : "Navneil Bakshi",
	"occupation" : "Working Professional, West Bengal",
	"imageUrl" : "https://d2w4fhi5bhd90e.cloudfront.net/homeVariation/Navneil Bakshi.svg"
},
{
	"message" : "I was suffering from post-partum depression. It was like hell – I had not experienced such mental pain before. I would experience strong urges to commit suicide and to run away from everyone. I felt there was nobody to help me and things were getting worse with each day. I felt that my suffering would never end.Then, I came to know about YourDOST through a newspaper. I immediately went to the website and sent a message to a counsellor. Her reply not only helped me but also gave me hope that my suffering would end. I am much better now. Thank you YourDOST ",
	"author" : "Madhuri Nanduri",
	"occupation" : "Housewife, Hyderabad",
	"imageUrl" : "https://d2w4fhi5bhd90e.cloudfront.net/homeVariation/Madhuri Nanduri.svg"	
},
{
	"message" : "During B.Tech, I found it difficult to cope up with studies and hence, fell into a spiral of negative thinking and despair. Several backlogs in B.Tech had left me very worried and my life was miserable. When I got to know about YourDOST, I signed up on the website. Earlier, I was a bit hesitant in opening up but they made me comfortable. The counsellors helped me find the root cause of my issues, suggested techniques to overcome stress and negative thinking.In about 4 months, my life has improved a lot. am glad I came forward and shared my problems with them. Thank you YourDOST!",
	"author" : "Shaik Abdul Feroz",
	"occupation" : "Student, B.Tech",
	"imageUrl" : "https://d2w4fhi5bhd90e.cloudfront.net/homeVariation/shaik_abdul_feroz.svg"
}]
