[{
	"message" : "I was unemployed for about 2 months. There was a lot of pressure building on me as I had dues and expenses to take care of. I had begun to feel that things would not improve in my life. Around this time, I got to know about YourDOST on YouTube. I decided to talk to the experts here about my stress. I signed up here and then talked to a counsellor. She listened to me carefully and offered genuine advice. She also advised me to stay calm and positive. I felt very relieved by sharing my problems. YourDOST acted as a true friend to me. A big THANK YOU to the YourDOST Team!",
	"author" : "Shehbaz Mistry",
	"occupation" : "Working Professional, Dubai",
	"imageUrl" : "https://d1763776ly2p7c.cloudfront.net/images/homepage/testimonials/Shehbaz+mistry.jpg"
},
{
	"message" : "At first, I was a bit sceptical about this website but I still signed up. The counsellors welcomed me warmly and they treated my concerns with great priority. After about 8 months of great sessions, I feel I am a changed person and my life has improved vastly. My personal favourite DOST is Candice – she is one of the best counsellors here. I am a proud user of this platform and I would like to step forth and say that you should try it as you will not be disappointed on this website.",
	"author" : "Navneil Bakshi",
	"occupation" : "Working Professional, West Bengal",
	"imageUrl" : "https://d1763776ly2p7c.cloudfront.net/images/homepage/testimonials/Navneil+Bakshi.png"
},
{
	"message" : "I heard about YourDOST from a media source. Initially, I had my doubts: Who would want to open up to a stranger on the internet? Why would someone want to help me for free? After using the service, my views changed completely. People at YourDOST were genuinely interested in helping me out; they were always there when I needed help. I'm no longer solving my problems alone, since I have the YourDOST experts to talk to.",
	"author" : "Chaitanya Dhruv",
	"occupation" : "Co-founder, NoChini.com",
	"imageUrl" : "https://d1hny4jmju3rds.cloudfront.net/cloudinary/dhruv.png"
},
{
	"message" : "My journey with YourDost started when my friend saw their ad in the newspaper. Initially I was not open to this, but I gave it a try by sending a message to one expert. Her response was not only soothing and helpful, it was also detailed. Based on her suggestion, I did an online chat with another expert, which went on for almost 2 hours! I am not a person who can open up quickly, but I did with them. They are very encouraging, have a lot of patience and answer all your questions honestly, even if you think they are silly. Helping people who desperately need some kind of support is such an honorable job. They are such an inspiration, I feel like joining them too!",
	"author"  : "Sanjana",
	"occupation" : "Btech student 1st year",
	"imageUrl" : "https://d1hny4jmju3rds.cloudfront.net/cloudinary/avatar1.png"

},
{
	"message" : "I would like to extend my deep gratitude to the entire YourDOST team, they have helped change my life for the better. It was wonderful to be able to share my deep, personal problems, with the YourDOST experts, and to be able to find resolutions to these problems.",
	"author"  : " Bhavesh patel",
	"occupation" : "Technical lead",
	"imageUrl" : "https://d1hny4jmju3rds.cloudfront.net/cloudinary/bhavesh.png"

},
{
	"message" : "YourDOST provides a trusted forum to express our feelings and seek valuable advice. I was able to discuss my personal problems with an expert, and she gave me wonderful support, along with practical solutions to implement. Whatever questions you may have, you can share it with full assurance that it will be kept anonymous, and that you will not be judged. I am now more positive about life, relationships and profession. All thanks to the strong support by the exceptional experts!",
	"author"  : " Shantanu Kulkarni",
	"occupation" : "Human Resources",
	"imageUrl" : "https://d1hny4jmju3rds.cloudfront.net/cloudinary/avatar2.png"

}]
