{
"REDDY" : [{
	"id" : 123 ,
	"title" : "Online Counselling & Emotional Wellness Coach | YourDOST",
	"description" : "Dogs have lived with human beings for more than 15,000 years. They were selectively bred to get particular behaviour, colour, capabilities and physical qualities. Gradually different types of dogs developed",
	"imageUrl" : "http://yourdost-blog-images.s3-ap-southeast-1.amazonaws.com/wp-content/uploads/2016/01/08204121/domestic-dog-1-compressor.jpg" 
	}],
"SRIDHAR" : [{
	"id" : 456 ,
	"title" : "Online Counselling & Emotional Wellness Coach | YourDOST",
	"description" : "Dogs have lived with human beings for more than 15,000 years. They were selectively bred to get particular behaviour, colour, capabilities and physical qualities. Gradually different types of dogs developed",
	"imageUrl" : "http://yourdost-blog-images.s3-ap-southeast-1.amazonaws.com/wp-content/uploads/2016/01/08204121/domestic-dog-1-compressor.jpg" 
	}]	
}