{
	"breakup" : {
		"imageUrl" : "https://d1hny4jmju3rds.cloudfront.net/valentines/Design-1_BG-compressor.png",
		"mainHeader" : "Coping with a difficult <br/><span class=\"vface-txt\">break-up?</span>",
		"faceText" : "break-up ?",
		"content" :"Valentine’s day after a heartbreak can be really tough.",
		"chatText" : "Want to know how to be happy again?",
		"metaData" : {
			"title" : "How To Deal With Valentine’s Day After A Tough Break-up",
			"description" : "Coping with a break-up can be tough, especially when Valentine’s Day approaches. Chat with relationship experts and know how to deal with it.",
			"imageUrl" : "https://d1hny4jmju3rds.cloudfront.net/valentines/Design-1_BG-compressor.png"
		}
	},
	"single" : {
		"imageUrl" : "https://d1hny4jmju3rds.cloudfront.net/valentines/Design-2_BG-compressor.png",
		"mainHeader" : "Feeling left out because you are <span class=\"vface-txt\">single?</span>",
		"faceText" : "single ?",
		"content" :"It can be difficult to be single, especially on the Valentine’s day.",
		"chatText" : "Want to know how to be happy again?",
		"metaData" : {
			"title" : "How To Deal With Valentine’s Day If You Are Single",
			"description" : "Being single can feel difficult and stressful, especially when Valentine’s Day approaches. Chat with experts and know how to be happy.",
			"imageUrl" : "https://d1hny4jmju3rds.cloudfront.net/valentines/Design-2_BG-compressor.png"
		}
	},
	"how-to-de-stress" : {
		"imageUrl" : "https://d1hny4jmju3rds.cloudfront.net/valentines/Design-3_BG-compressor.png",
		"mainHeader" : "Is Valentine’s Day on your <span class=\"vface-txt\">mind?</span>",
		"faceText" : "mind",
		"content" :"About 65%* people experience stress on Valentine&#39;s day.",
		"chatText" : "Want to know how to be stress-free?",
		"metaData" : {
			"title" : "How To Have A Stress-Free Valentine’s Day",
			"description" : "Valentine’s Day can be stressful – for singles and couples. Chat with experts and know how to be stress-free.",
			"imageUrl" : "https://d1hny4jmju3rds.cloudfront.net/valentines/Design-3_BG-compressor.png"
		}
	},
	"partners-expectations" : {
		"imageUrl" : "https://d1hny4jmju3rds.cloudfront.net/valentines/Design-4_BG-compressor.png",
		"mainHeader" : "Nervous about your partner’s <span class=\"vface-txt\">expectations?</span>",
		"faceText" : "expectations?",
		"content" :"It can be tough to understand your partner’s wishes, especially on Valentine’s day.",
		"chatText" : "Want the right advice?",
		"color": "#241F3B",
		"metaData" : {
			"title" : "How To Deal With Partner’s Expectations About Valentine’s Day",
			"description" : "Expressing love in just the right way and making your partner happy can get stressful. Chat with experts and know how to do it.",
			"imageUrl" : "https://d1hny4jmju3rds.cloudfront.net/valentines/Design-4_BG-compressor.png"
		}
	}

}