[{
	"heading" : "Never too late.",
	"description" : "Seems like you are in a habit of using the internet, however, it is at a mild stage so, you can get it back under control. Do try for it! Try to get more awareness about internet usage and how it can become more and how to keep it under control. ",
	"photo" : "https://d1hny4jmju3rds.cloudfront.net/cloudinary/dark-25.png",
	"mobilePhoto" : "https://d1hny4jmju3rds.cloudfront.net/cloudinary/dark-25-mob.png"
},
{
	"heading" : "Frequent internet usage.",
	"description" : "If it is not causing any issues in your functioning in personal, professional, and/or social life, then it is alright. But it would be nice to become more aware and regulated about the frequency of usage. In case it is causing any issues in your social, professional or personal functioning, do consult a professional.",
	"photo" : "https://d1hny4jmju3rds.cloudfront.net/cloudinary/dark-50.png",
	"mobilePhoto" : "https://d1hny4jmju3rds.cloudfront.net/cloudinary/dark-50-mob.png"
},
{
	"heading" : "High engagement in internet usage.",
	"description" : "You seem to be experiencing  problems in functioning occasionally /frequently because of the Internet. You should consider their full impact on your life. It certainly can turn addictive. start working on it today and get things back under control. ",
	"photo":"https://d1hny4jmju3rds.cloudfront.net/cloudinary/dark-75.png",
	"mobilePhoto":"https://d1hny4jmju3rds.cloudfront.net/cloudinary/dark-75-mob.png"
},
{
	"heading" : "Problematic / Compulsive Internet usage.",
	"description" : "Your Internet usage seems to be causing significant issues in your personal, social, and/or professional life. You must try and evaluate the impact of the Internet on your life and address the problems caused by your Internet usage. ",
	"photo" : "https://d1hny4jmju3rds.cloudfront.net/cloudinary/dark-100.png",
	"mobilePhoto" : "https://d1hny4jmju3rds.cloudfront.net/cloudinary/dark-100-mob.png"
}]