{
    "h1": {
        "title": "Alchoholism",
        "metaTitle": "Alcoholism | Effects & Treatment methods",
        "metaDescription": "Learn more about alocohol addiction, the reason for becoming addicted & the ways to overcome it",
        "bannerImg": "https://d1hny4jmju3rds.cloudfront.net/hubs_and_spokes_images/anxiety-bg.png",
        "bannerH1": "Getting rid of alcohol addiction may seem difficult but we are here to help you!.",
        "bannerH2": "Don't keep it in.",
        "h2": [
            {
                "title": "What is Alchoholism?",
                "content": "<p>Alcoholism in medical context is said to exist when two or more of the following conditions is present: a person addicted to large amounts of drinks for a long time, unable to cut down, strongly desires alcohol and wastes a lot of time in drinking, unable to fulfil responsibilities because of this addiction, other social and health problems, withdrawal symptoms when stopping as alcohol tolerance has taken place with use. Risky situations include <a href=\"http://www.quitalcohol.com/dangers-of-drinking-and-driving.html\"> drinking and driving</a> or having unsafe sex among many other behaviours.</p>",
                "imgUrl": "https://d1hny4jmju3rds.cloudfront.net/hubs_and_spokes_images/addiction/alcholism.jpg",
                "altImage": "Alchoholism"
            },
            {
                "title": "Factors",
                "content" : "<p>There are many factors that can lead to alcoholism. However, there are a few common reasons people turn to heavy and regular drinking in the first place. Some of these include:</p><ol><li><strong>To relieve stress</strong></li></ol><p style=\"margin-left:40px\">Many people consume alcohol to relax from the many stresses of their day to day life. Thus, they are likely to develop a dependence on alcohol. Alcohol is a depressant and sedative so many feel comfort in the soothing feeling that comes over them while intoxicated. However, by drinking too often, it requires more and more alcohol to produce the same results, causing people to become heavy and frequent drinkers.</p><ol start=\"2\"><li><strong>To neglect responsibilities</strong></li></ol><p style=\"margin-left:40px\">While some people drink after dealing with their daily stresses, some alcoholics neglect their responsibilities altogether, including taking care of their families, attending school or work, caring for themselves and more.</p><ol start=\"3\"><li><strong>To overcome anxiety or a traumatic event</strong></li></ol><p style=\"margin-left:40px\">Drinking lowers people&rsquo;s inhibitions and makes them more comfortable in social situations. Thus, lowering anxiety caused naturally or after any traumatic event.</p><ol start=\"4\"><li><strong>To become isolated</strong></li></ol><p style=\"margin-left:40px\">There are many people who do not have strong support networks of friends and family are more vulnerable to develop an addiction to alcohol in attempts of embracing that loneliness.</p><ol start=\"5\"><li><strong>To feel good</strong></li></ol><p style=\"margin-left:40px\">Some simply enjoy being high. For those people, continual use of alcohol eventually causes an addiction, which can quickly become a complete dependence.</p><ol start=\"6\"><li><strong>Family members had an addiction</strong></li></ol><p style=\"margin-left:40px\">Growing up with members of the family&mdash;those you look up to most as a child&mdash;who are alcoholics can make it confusing for people to see that it&rsquo;s not the norm to drink so much and so often. For them, it&rsquo;s common to develop the habit themselves.</p><ol start=\"7\"><li><strong>To cope with loss</strong></li></ol><p style=\"margin-left:40px\">Losing someone can take a serious toll on a person&rsquo;s mental and emotional stability. Drinking can be a way to cope with that loss, even if they know it&rsquo;s only a temporary distraction from their situation.</p>"
            },
            {
                "title" : "Effects of Alcohol",
                "content":"<p>Coming to effects of alcoholism, it can have both long- and short-term effects on an individual. For many alcoholics, there are many health problems associated with their destructive drinking behaviour, such as:</p><ol><li>Brain and liver damage</li><li>Inflammation of the pancreas</li><li>Problems with immune-system functionality</li><li>Heart problems, including an irregular heartbeat</li><li>An increased risk for mental illnesses, including depression</li><li>An increased risk for developing cancer</li><li>Damage to the foetus (if a woman drinks during pregnancy)</li></ol>"
            },
            {
                "title": "Alcoholism Treatment",
                "content" : "<p>Treating alcoholism can be done, but its success depends on a number of factors. These include an alcoholic&rsquo;s:</p><ol><li>Current state of health</li><li>Available social support</li><li>Level of motivation</li><li>Pre-existing psychiatric disorder (if one applies)</li></ol><p>Additionally, because alcoholics have become physically dependent on the substance, it&rsquo;s important to know that many alcoholics do not want to seek treatment. It&rsquo;s up to friends, family and other people in their lives to help them want to seek treatment for their disease. If someone wants to use conventional medicine to treat their addiction, there are three stages the treatment is divided into:</p><ol><li><strong>Detoxification &ndash;</strong> stopping use of alcohol altogether (this can be a medical emergency, so it&rsquo;s important to have a licensed medical professional for this.)</li><li><strong>Rehabilitation &ndash;</strong> attending counselling and taking medications&mdash;this step can be done in an &nbsp;in-patient or out-patient set up</li><li><strong>Maintenance of Sobriety &ndash;</strong> taking steps on one&rsquo;s own behalf to refrain from alcohol use; attending regular group therapy sessions, such as Alcoholics Anonymous (AA); getting a sponsor.</li></ol>"
            }
        ]
    },
    "faqs" :[

        {
            "id" : 1,
            "question" : "All my friends drink, however I am not comfortable drinking. What should I do? They keep making fun of me for not drinking.",
            "url":"alcoholism",
            "answer" :"<p>Hanging out with peers and peer encouragement and competition is an effective and natural form of growth during our teens and young adulthood. Peer pressure is a by-product of need for peers. Differentiate between peers and friends. Good friends respect our personality and choices. Develop assertiveness – ‘the confidence to say ‘no’’.</p><p>The fun part can be taken in your stride as fun. Let that not feel like mocking. If you are feeling mocked, maybe it is time to decide your belongingness to this group.</p>",
            "category" : "alcoholism",
            "hub" :"addiction"
        },
        {
            "id" : 2,
            "question" : "I drink a lot. I thought I could control it but I am not able to do so. It is very hard for me to quit drinking. What can I do?",
            "url":"alcoholism",
            "answer" :"<p>Alcohol addiction is an illness and it takes more than just willpower and motivation to quit. When people start taking drugs, they don’t plan to get addicted. They like how the drug makes them feel. They believe they can control how much and how often they can take the drug. However, drugs gradually change the brain physiology in a significant way. Drug users start to need the drug just to feel normal. This is the reason quitting becomes so difficult. However, if you've made up your mind, there are a few tips that could help you:</p><p>1. Make a list of all the reasons why you want to quit. If possible, even write down a few of them on a sheet of paper and put it up in your room. It serves as a reminder.</p><p>2. Don't think of reducing the alcohol intake. Stop it altogether. After all, you started with a single drink and came to this stage. That can happen again. So the day you decide to quit, you shouldn't even have a sip.</p><p>3. Discard or&nbsp;give away any stock you may have of alcohol.</p><p>4. Don't remain hungry. Always keep a candy or a snack bar with you and have whenever you feel an urge. Alternately, drink juice or lemonade to get rid of the craving.</p><p>5. Start walking or engaging in any other exercise at the peak time of your drinking e.g 7-8 in the evening.</p><p>6. Sleep well and get enough rest.</p><p>If you still find it difficult to stay quit, seek consultation with a psychiatrist at the earliest. He'll put you on medication to control the craving as well as to take care of the withdrawal symptoms. You can also visit a clinical psychologist to resolve the underlying reason for your addiction. Whatever you do, you must act now. Quitting alcohol will become more and more difficult with each passing day. Our best wishes to you!</p>",
            "category" : "alcoholism",
            "hub" :"addiction"
        }
    ]
}
