{
    "h1": {
        "title": "Drug Addiction",
        "metaTitle": "Drug Addiction | Symptoms & Treatment",
        "metaDescription": "Read to know more about the topic drug addiction, what are its symptoms & the ways to overcome it",
        "bannerImg": "https://d1hny4jmju3rds.cloudfront.net/hubs_and_spokes_images/anxiety-bg.png",
        "bannerH1": "Getting rid of an addiction may seem difficult but we are here to help you!",
        "bannerH2": "Don't keep it in.",
        "h2": [
            {
                "title": "What is Drug Addiction?",
                "content": "<p>Drug addiction is a chronic brain disease which compels a person to seek drugs, despite of its harmful and negative consequences. Drug addiction is said to be a brain disease because the abuse of drugs leads to changes in the structure and function of the brain. Most people initially decide to take drugs voluntary, but over time with repeated drug abuse the changes in the brain can affect a person&#39;s self-control. They will not able to make sound decisions and this creates an intense impulse to take drugs. It is because of these changes in the brain that it is so challenging for a person who is addicted to stop abusing drugs.</p><p>The very first question that arises in our mind when we talk about drug abuse is, what is drug? How does it actually affect a person addicted to it?</p><p>Drugs are chemicals that tap into the brain&#39;s communication system and disrupt the way nerve cells normally send, receive, and process information. There are at least two ways that drugs are able to do this: by imitating the brain&#39;s natural chemical messengers, and/or overstimulating the &quot;reward circuit&quot; of the brain.Some drugs, such as <strong>marijuana</strong> and <strong>heroin</strong>, have a similar structure to chemical messengers, called neurotransmitters, which are naturally produced by the brain. Because of this similarity, these drugs are able to &quot;fool&quot; the brain&#39;s receptors and activate nerve cells to send abnormal messages.Other drugs, such as <strong>cocaine</strong> or <strong>methamphetamine</strong>, can activate the nerve cells to release abnormally large amounts of natural neurotransmitters, or prevent the normal recycling of these brain chemicals. This in turn shuts off the signal between neurons. This disruption produces a greatly amplified message that ultimately interrupts normal communication patterns within the neurons.</p><p>Nearly all drugs, directly or indirectly, target the brain&#39;s reward system by flooding the circuit with dopamine. Dopamine is a neurotransmitter present in regions of the brain that control movement, emotion, motivation, and feelings of pleasure. When this system is overstimulated with the use of drugs then our normal response to natural behaviours that are linked to survival (eating, spending time with loved ones, etc.), produces euphoric effects. This reaction sets in motion a pattern that teaches people to repeat the behaviour of abusing drugs and thus getting more and more addicted.</p><p>As a person continues to abuse drugs, the brain adapts to the dopamine surges and starts producing less dopamine or reduce dopamine receptors. The user must therefore keep abusing drugs to bring his or her dopamine function back to &#39;&#39;normal&#39;&#39; or use more drugs to achieve a dopamine high.</p>",
                "imgUrl": "https://d1hny4jmju3rds.cloudfront.net/hubs_and_spokes_images/addiction/drug+addiction.jpg",
                "altImage": "Anxiety"
            },
            {
                "title": "Factors",
                "content": "<p>Now when we know how drugs affects our brain activity, a question arises in mind as to why some people get addicted while others do not. What factors influence the use of drugs? Well, there is no single reason for this, but there are few biological, social environment and other development factors influencing the use of drugs.</p><ol> <li><strong>Biological factors</strong></li></ol><p style=\"margin-left: 40px;\">The genetic factors (the genes a person is born with), in combination with other environmental factors are responsible for the drug addiction. Additionally, gender, ethnicity, and the presence of other mental disorders like stress and depression may influence risk for drug abuse and its vulnerability.</p><ol start=\"2\"> <li><strong>Environmental factors</strong></li></ol><p style=\"margin-left: 40px;\">There are lots of environmental factors that influence the addiction of drugs. Factors such as peer pressure, family, physical and sexual abuse, stress, and parental involvement can greatly influence the course of drug abuse and addiction in a person&#39;s life.</p><ol start=\"2\">  <li><strong>Developmental factors</strong></li></ol><p style=\"margin-left: 40px;\">Developmental stages in a person&#39;s life affect drug addiction especially at the adolescent stage. This is because adolescents&#39; brains are still developing in the areas that govern decision-making, judgment, and self-control. Adolescent are especially prone to risk-taking behaviours, including trying drugs, and other new things. Although taking drugs at any age can lead to addiction, but the earlier it begins, the more serious it is likely progress.</p>"
            },
            {
                "title": "Overcome Drug Addiction",
                "content": "<p>Drug addiction is a preventable disease but managing drug intake may be a big step. If we reduce our drug use, we may still crave them for some time after. Thus we should not to be too hard on our self if we don&rsquo;t reach our immediate goal. Trying several times may be part of reducing our use and it is important to keep trying. It may be helpful to have someone we can talk to. This may be a friend, a family member or a counsellor. Some suggestions for helping to manage drug use may include:</p><ol> <li><strong>Make it difficult to access drugs</strong></li></ol><p style=\"margin-left: 40px;\">For example, if we are trying to stop drugs, then we need not buy it,keep our self away from people who supply it, avoid going to places which arouses us for drug intake, so that they are no more tempting us to use drug. Distract yourself when you feel like taking drugs. Some ideas are hanging out with friends who are not taking the drug, going for a run or walk, listening to music</p><ol start=\"2\">    <li><strong>Emotional support</strong></li></ol><p style=\"margin-left: 40px;\"><strong>​​​​​​​​​​​​​​</strong>If possible, get support from family and friends. They may be more supportive if they know that we are trying to reduce its use. They can make you understand how important your life is for them. Even just talking to someone can be helpful in reducing drug intake.</p><ol start=\"3\">  <li><strong>Counselling</strong></li></ol><p style=\"margin-left: 40px;\"><strong>​​​​​​​​​​​​​​​​​​​​​</strong>It may be helpful to connect to a counsellor, especially who specialize in drug and alcohol treatment. A good counsellor can help to work out how best to manage the drug use. Counselling can either be done in a group or individually.</p><ol start=\"4\">   <li><strong>Self-help</strong></li></ol><p style=\"margin-left: 40px;\"><strong>​​​​​​​​​​​​​​​​​​​​​</strong>This is another form of treatment for people who have drug dependencies. Self-help groups are made up of those people who are affected by a particular drug problem. Instead of a group being run by a professional it is run by the members of the group. Alcoholics Anonymous and Narcotics Anonymous are examples of self-help groups</p><ol start=\"5\">  <li><strong>Medical Treatment</strong></li></ol><p style=\"margin-left: 40px;\"><strong>​​​​​​​​​​​​​​​​​​​​​</strong>Reducing one&rsquo;s drug intake may be done with the assistance of other drugs. The function of these drugs depends on what they are replacing. Methadone, Naltrexone and Buprenorphine are drugs used to help reduce heroin intake. Medical treatment is often done along with counselling.</p>"
            }
        ]
    }
}
