{
    "h1": {
        "title": "Porn Addiction",
        "metaTitle": "What is Porn Addiction | Symptoms & Treatment",
        "metaDescription": "Here is an in detail article about porn addiction, its symptoms & how one can one quit from this condition",
        "bannerImg": "https://d1hny4jmju3rds.cloudfront.net/hubs_and_spokes_images/anxiety-bg.png",
        "bannerH1": "Getting rid of an addiction may seem difficult but we are here to help you!",
        "bannerH2": "Don't keep it in.",
        "h2": [
            {
                "title": "What is Porn Addiction?",
                "content": "<p>A common form of sex addiction is addiction to pornography. It is a problematic preoccupation with sexualized imagery that lasts 6 months or longer and may cause significant problems around physical, mental, social, or financial well-being of a user. Porn addiction can better be understood through principles of &ldquo;operant conditioning.&rdquo;Cybersex (sexual arousal involving internet) is said to have rewarding and reinforcing properties, the main element of operant conditioning, making people more and more addicted to pornography. This is where a certain behaviour (watching porn) is &ldquo;reinforced,&rdquo; or rewarded (getting pleasure, stress reduction), which in turn encourages a person to do it repeatedly again and again. The negative effects of <a href=\"https://yourdost.com/blog/2015/11/what-is-the-relationship-between-pornography-and-depression.html?yd_source=HubSpoke&amp;yd_medium=InternalLinking&amp;yd_content=Addiction&amp;yd_campaign=\">pornography may come up as depression</a>, social isolation, career loss, decreased productivity, or financial consequences.</p><p>A person is said to be a porn addict when seeking sexual pleasure becomes excessive, impulsive, or comes at the expense of other valued behaviours and is outside of their control. For e.g. If a person is spending hours and hours in watching porn, he is leaving his other important work. He neglects his responsibilities, forget that he has a world outside this addiction.</p>",
                "imgUrl": "https://d1hny4jmju3rds.cloudfront.net/hubs_and_spokes_images/addiction/Porn+addiction.jpg",
                "altImage": "Anxiety"
            },
            {
                "title": "Symptoms of Porn Addiction",
                "content": "<p>We can however categorize three main steps while diagnosing porn addiction:</p><ol>  <li><strong>Obsession to a certain point with sexual imagery</strong></li></ol><p style=\"margin-left: 40px;\">Porn addicts waste most of their time typically at least 11 hours per week searching for and looking at pornography. An urge to watch porn becomes so high that sometimes they dedicate double or even triple of their amount of time. They get so much involved in seeking pleasure out of it that they will be obsessed to watch it, to feel better.</p><ol start=\"2\">   <li><strong>Loss of control over the use of porn</strong></li></ol><p style=\"margin-left: 40px;\">How hard porn addicts try to quit or limit their use of porn, all their effort goes in vain. It is really tough for them to control on their urge. They may stop for a day or two, like by discarding their entire collection and stopping online subscriptions, but it hardly takes time for them to resume and quickly return to it.</p><ol start=\"3\">   <li><strong>Negative consequences faced due to the compulsive use of porn</strong></li></ol><p style=\"margin-left: 40px;\">Porn addicts experience a lot of negative consequences like lack of concentration and focus, issues in the personal and professional front, forgetting their basic responsibility, and health issues which later make them feel guilty and depressed, but still they find themselves helpless to come out of it.</p><p>Watching pornography leads to an urge to masturbate. In other words, pornography is usually a precursor to masturbation, another common form of sexual addiction. In masturbate addiction, the compulsive need to masturbate becomes so overwhelming that the addict does not have the power to keep himself away from masturbating. This overpowering desire is at the base of most forms of sexual addiction. Many porn addicts and compulsive masturbators also engage in other forms of sexually addictive behaviour, like affairs, prostitution, virtual sex games, webcam mutual masturbation sessions, casual and/or anonymous sex (online or in-person), and strip clubs. A significant percentage of porn addicts are so much involved watching it, that they start fantasizing about erotic imagery.</p>"
            },
            {
                "title": "Masturbation Addiction",
                "content": "<p>Masturbation addiction is referred to as a &quot;process&quot; addiction because the euphoric feeling, or getting high, comes from chemicals released into the brain, rather than from an external source like drugs or alcohol. As the mind becomes accustomed to the release of these chemicals, it searches out for continued sources of that high. And when it is not fulfilled, then the person feels uncomfortable, irritated and out of control. He gets angry, depressed, get mood swings which affect his overall life and personality.</p><p>&nbsp;There is a perception that masturbation is harmless because it&rsquo;s just a sex with your own self. It does not harm any other person. This perception or thinking is what encourages people to get involved more and more into it. But there is much more to masturbation than what we see. Since we are basically made of three part - body, soul, and spirit &ndash; masturbation thus, affects us physically, emotionally, and spiritually.</p><ol>   <li>    <p><strong>Physical Aspects</strong></p>    </li></ol><p style=\"margin-left: 40px;\"><strong>​​​​​​​​​​​​​​</strong>Masturbation addiction comes from the flood of chemicals that are released into the brain during orgasm. As the brain begins to crave for arousal and feel high, the addict trains himself to climax quicker. In addition, the addict becomes accustomed to the sensations of masturbation, sometimes to the point that normal sexual activity with the partner is not satisfying.</p><ol start=\"2\"> <li><strong>Emotional and spiritual Aspects</strong></li></ol><p style=\"margin-left: 40px;\">Masturbation is about having sex with yourself, there is no need to please anyone else. Thus, the very nature of it is being a selfish act. The emotional nature tends to follow the same course. As sex becomes little more than another way to meet our own physical needs, the tendency is to ignore the emotional needs of our spouse as well. Spouse becomes nothing more than an object for our sexual satisfaction. One problem with addictive masturbation is that it is non-relationship sex. Instead of healthy, loving sex with another person, compulsive masturbation leads to shallow, fantasy-based sex alone.</p>"
            },
            {
                "title": "Overcome Porn Addiction",
                "content": "<p>There are few ways through which we can overcome porn Addiction.The first important thing is the determination, the want to quit porn. If we are not committed, we will only be quitting until the next time we look. So somewhere we need to be serious to come out of it. The following ways can help to come out of Porn addiction.</p><ol><li><strong>Minimising temptations</strong></li></ol><p style=\"margin-left: 40px;\"><strong>​​​​​​​​​​​​​​​​​​​​​</strong>If computers and internet are major factors for porn addiction then we can have a control over them to reduce temptations. We can clean our computer by deleting any pornography saved onto computer itself. Check viruses, search terms, and websites we visit. Setting up a censor to be safe from pornography on the internet is also an effective way. Block sites meant for adults.</p><ol start=\"2\"> <li><strong>Healthier habits</strong></li></ol><p style=\"margin-left: 40px;\"><strong>​​​​​​​​​​​​​​​​​​​​​</strong>Get too busy for porn. Try to add new hobbies so that it keeps us engaged and away from the thought of watching porn. Spend more time with family and friends, as being alone may tempt to watch it. Create positive reinforcement. Reward yourself with something you like, (shopping, movie, candies) for every time you succeed to control over watching porn. Making a &ldquo;To Do&rdquo; list also helps as it keeps a person engaged and motivated for other things.</p><ol start=\"3\">    <li><strong>Helping others</strong></li></ol><p style=\"margin-left: 40px;\"><strong>​​​​​​​​​​​​​​​​​​​​​</strong>Replace all bad habits with good ones. Try to help others, as it will make us feel happy. For e.g., if someone else is addicted to pornography, without being judgemental try to explain them its negative effects. Doing so, will make us come out of it too. Even talking about our own concern to others helps us to get a better positive outlook for the problem. We can also take help of a counsellor if this addiction still bothers us.</p>"
            }
        ]
    },
    "faqs" : [

        {
            "id" : 1,
            "question" : "I masturbate around 3-4 times a day, is it normal? I want to reduce it but how?",
            "url":"porn-addiction",
            "category" : "porn-addiction",
            "hub":"addiction"
        },
        {
            "id" : 2,
            "question" : "I am addicted to porn. Is there anyway out?",
            "url":"porn-addiction",
            "category" : "porn-addiction",
            "hub":"addiction"
        },
        {
            "id" : 3,
            "question" : "I basically masturbate twice or even more in a day. I often either imagine random girl or watch porn as I do it. So I want to know if it is harmful to me if i continue it on a daily basis? I have a small penis and I have heard masturbating daily can help in increasing the penis size, so I do it.",
            "url":"porn-addiction",
            "category" : "porn-addiction",
            "hub":"addiction"
        },
        {
            "id" : 4,
            "question" : "All my friends have girlfriends. No one has time for me. I don't feel like going to office. I feel low and lonely. I watch porn many times a day and this leaves me more frustrated. What can i do?",
            "url":"porn-addiction",
            "category" : "porn-addiction",
            "hub":"addiction"
        },
        {
            "id" : 5,
            "question" : "I like watching porn but then I tend to feel guilty about it. Is it wrong to watch porn?",
            "url":"porn-addiction",
            "category" : "porn-addiction",
            "hub":"addiction"
        }
    ]
}
