{

	"images" : [
		{
			"id" : 1,
			"imageUrl" : "https://d1hny4jmju3rds.cloudfront.net/who_depression_day/lp/statistics/1.jpg",
			"url" : "https://www.youtube.com/embed/-IXkKz8RDtk",
			"descriptor" : "",
			"name" : "Shailaja",
			"excerpt" :"Shailaja fell victim to the insidious vice of depression which she battled by seeking timely professional help.",
			"title" :"A tail of courage and depression",
			"mins_read": "12 mins read"
		},
		{
			"id" : 2,
			"imageUrl" : "https://d1hny4jmju3rds.cloudfront.net/who_depression_day/lp/statistics/2.jpg",
			"url" : "https://www.youtube.com/embed/Xxl9ZyoVOhc",
			"descriptor" : "",
			"name" : "Ajinkya Kohle",
			"excerpt" :"Accepting his depression helped Ajinkya deal with his pain better and even understand himself. ",
			"title" :"John Doe's battle with depression",
			"mins_read": "9 mins read"
		},
		{
			"id" : 3,
			"imageUrl" : "https://d1hny4jmju3rds.cloudfront.net/who_depression_day/lp/statistics/3.jpg",
			"url" : "https://www.youtube.com/embed/M4HvR6qgqzE",
			"descriptor" : "",
			"name" : "Anonymous",
			"excerpt" :"Just before attempting suicide a girl decided to Google “How to commit suicide?” What Google did next is laudable. ",
			"title" :"If depression was a helpful anxiety",
			"mins_read": "5 mins read"
		},{
			"id" : 4,
			"imageUrl" : "https://d1hny4jmju3rds.cloudfront.net/who_depression_day/lp/statistics/4.jpg",
			"url" : "https://www.youtube.com/embed/7AsGX5yD0zI",
			"descriptor" : "",
			"name" : "Shailaja",
			"excerpt" :"Shailaja fell victim to the insidious vice of depression which she battled by seeking timely professional help.",
			"title" :"My journey of depression",
			"mins_read": "3 mins read"
		},
		{
			"id" : 5,
			"imageUrl" : "https://d1hny4jmju3rds.cloudfront.net/who_depression_day/lp/statistics/5.jpg",
			"url" : "https://www.youtube.com/embed/vb_uFWBy16k",
			"descriptor" : "",
			"name" : "Ajinkya Kohle",
			"excerpt" :"Accepting his depression helped Ajinkya deal with his pain better and even understand himself. ",
			"title" :"Deepika Padukone's journey of depression",
			"mins_read": "12 mins read"
		},
		{
			"id" : 6,
			"imageUrl" : "https://d1hny4jmju3rds.cloudfront.net/who_depression_day/lp/statistics/6.jpg",
			"url" : "this-is-what-google-did-when-she-searched-how-to-commit-suicide",
			"descriptor" : "",
			"name" : "Anonymous",
			"excerpt" :"Just before attempting suicide a girl decided to Google “How to commit suicide?” What Google did next is laudable. ",
			"title" :"This is what Google did when she searched “How to commit suicide”",
			"mins_read": "12 mins read"
		},
		{
			"id" : 7,
			"imageUrl" : "https://d1hny4jmju3rds.cloudfront.net/who_depression_day/lp/statistics/7.jpg",
			"url" : "https://www.youtube.com/embed/-IXkKz8RDtk",
			"descriptor" : "",
			"name" : "Shailaja",
			"excerpt" :"Shailaja fell victim to the insidious vice of depression which she battled by seeking timely professional help.",
			"title" :"A tail of courage and depression",
			"mins_read": "12 mins read"
		},
		{
			"id" : 8,
			"imageUrl" : "https://d1hny4jmju3rds.cloudfront.net/who_depression_day/lp/statistics/8.jpg",
			"url" : "https://www.youtube.com/embed/Xxl9ZyoVOhc",
			"descriptor" : "",
			"name" : "Ajinkya Kohle",
			"excerpt" :"Accepting his depression helped Ajinkya deal with his pain better and even understand himself. ",
			"title" :"John Doe's battle with depression",
			"mins_read": "9 mins read"
		},
		{
			"id" : 9,
			"imageUrl" : "https://d1hny4jmju3rds.cloudfront.net/who_depression_day/lp/statistics/9.jpg",
			"url" : "https://www.youtube.com/embed/M4HvR6qgqzE",
			"descriptor" : "",
			"name" : "Anonymous",
			"excerpt" :"Just before attempting suicide a girl decided to Google “How to commit suicide?” What Google did next is laudable. ",
			"title" :"If depression was a helpful anxiety",
			"mins_read": "5 mins read"
		},{
			"id" : 10,
			"imageUrl" : "https://d1hny4jmju3rds.cloudfront.net/who_depression_day/lp/statistics/10.jpg",
			"url" : "https://www.youtube.com/embed/7AsGX5yD0zI",
			"descriptor" : "",
			"name" : "Shailaja",
			"excerpt" :"Shailaja fell victim to the insidious vice of depression which she battled by seeking timely professional help.",
			"title" :"My journey of depression",
			"mins_read": "3 mins read"
		},
		{
			"id" : 11,
			"imageUrl" : "https://d1hny4jmju3rds.cloudfront.net/who_depression_day/lp/statistics/11.jpg",
			"url" : "https://www.youtube.com/embed/vb_uFWBy16k",
			"descriptor" : "",
			"name" : "Ajinkya Kohle",
			"excerpt" :"Accepting his depression helped Ajinkya deal with his pain better and even understand himself. ",
			"title" :"Deepika Padukone's journey of depression",
			"mins_read": "12 mins read"
		},
		{
			"id" : 12,
			"imageUrl" : "https://d1hny4jmju3rds.cloudfront.net/who_depression_day/lp/statistics/12.jpg",
			"url" : "this-is-what-google-did-when-she-searched-how-to-commit-suicide",
			"descriptor" : "",
			"name" : "Anonymous",
			"excerpt" :"Just before attempting suicide a girl decided to Google “How to commit suicide?” What Google did next is laudable. ",
			"title" :"This is what Google did when she searched “How to commit suicide”",
			"mins_read": "12 mins read"
		}
	]
}