{

	"stories" : [
		{
			"id" : 1,
			"imageUrl" : "https://d1hny4jmju3rds.cloudfront.net/who_depression_day/stories/aman/dep-stories-Aman-625x327.jpg",
			"mobileImageUrl" : "https://d1hny4jmju3rds.cloudfront.net/who_depression_day/stories/aman/dep-stories-Aman-320x320.jpg",
			"url" : "http://yourdost.com/blog/2017/04/amans-life-turned-upside-down-when-his-girlfriend-cheated-on-him-with-another-man.html",
			"descriptor" : "",
			"name" : "Aman",
			"excerpt" :"Aman’s Life Turned Upside Down When His Girlfriend Cheated On Him With Another Man",
			"title" :"Aman’s Life Turned Upside Down When His Girlfriend Cheated On Him With Another Man",
			"mins_read": "2 mins read"
		},
		{
			"id" : 2,
			"imageUrl" : "https://d1hny4jmju3rds.cloudfront.net/who_depression_day/stories/shafreen/dep-stories-Shafreen-Khanchi-625x327.jpg",
			"mobileImageUrl" : "https://d1hny4jmju3rds.cloudfront.net/who_depression_day/stories/shafreen/dep-stories-Shafreen-Khanchi-320x320.jpg",
			"url" : "http://yourdost.com/blog/2017/04/while-coping-with-her-brothers-demise-shafreen-also-battled-depression.html",
			"descriptor" : "",
			"name" : "Shafreen",
			"excerpt" :"While Coping With Her Brother’s Demise, Shafreen Also Battled Depression",
			"title" :"While Coping With Her Brother’s Demise, Shafreen Also Battled Depression",
			"mins_read": "2 mins read"
		},
		{
			"id" : 3,
			"imageUrl" : "https://d1hny4jmju3rds.cloudfront.net/who_depression_day/stories/zafrin/dep-stories-Zafrin Khan-625x327.jpg",
			"mobileImageUrl" : "https://d1hny4jmju3rds.cloudfront.net/who_depression_day/stories/zafrin/dep-stories-Zafrin-Khan-320x320.jpg",
			"url" : "http://yourdost.com/blog/2017/04/zafrins-tough-time-with-family-boyfriends.html",
			"descriptor" : "",
			"name" : "Zafrin",
			"excerpt" :"Zafrin’s Tough Time With Family & Boyfriends",
			"title" :"Zafrin’s Tough Time With Family & Boyfriends",
			"mins_read": "2 mins read"
		},
		{
			"id" : 4,
			"imageUrl" : "https://d1hny4jmju3rds.cloudfront.net/who_depression_day/stories/hari/dep-stories-Hari-625x327.jpg",
			"mobileImageUrl" : "https://d1hny4jmju3rds.cloudfront.net/who_depression_day/stories/hari/dep-stories-Hari-320x320.jpg",
			"url" : "http://yourdost.com/blog/2017/04/dont-leave-depression-to-destiny-rather-seek-help-says-hari.html",
			"descriptor" : "",
			"name" : "Hari ",
			"excerpt" :"Don’t Leave Depression to Destiny; Rather Seek Help, Says Hari",
			"title" :"Don’t Leave Depression to Destiny; Rather Seek Help, Says Hari",
			"mins_read": "2 mins read"
		}
	]
}