{

	"posts" : [
		{
			"id" : 1,
			"imageUrl" : "https://d1hny4jmju3rds.cloudfront.net/who_depression_day/posts/trending/otherillness/otherillnesses-640x350.jpg",
			"url" : "http://yourdost.com/blog/2017/04/if-other-illnesses-were-treated-like-mental-illness.html",
			"descriptor" : "",
			"name" : "",
			"excerpt" :"",
			"title" :"If Other Illnesses Were Treated Like Mental Illness",
			"type": "post"
		},
		{
			"id" : 2,
			"imageUrl" : "https://d1hny4jmju3rds.cloudfront.net/who_depression_day/posts/trending/openlettertoboyfriend/openlettertoboyfriend.jpg",
			"url" : "http://yourdost.com/blog/2017/03/open-letter-to-my-ex-boyfriend-who-left-me-but-doesnt-know-what-happened-next.html",
			"descriptor" : "",
			"name" : "",
			"excerpt" :"",
			"title" :"Open Letter To My Ex-Boyfriend Who Left Me But Doesn’t Know What Happened Next",
			"type": "post"
		},
		{
			"id" : 3,
			"imageUrl" : "https://d1hny4jmju3rds.cloudfront.net/who_depression_day/posts/trending/sadhguru/sadhguruu-450x450.jpg",
			"url" : "http://yourdost.com/blog/2017/03/sadhguru-on-depression.html",
			"descriptor" : "",
			"name" : "",
			"excerpt" :"",
			"title" :"Here’s What The Sadhguru Has To Say On Depression",
			"type": "post"
		},
		{
			"id" : 4,
			"imageUrl" : "https://d1hny4jmju3rds.cloudfront.net/who_depression_day/posts/trending/entrepreneursdepression/entrepreneursdepression-450x450.jpg",
			"url" : "http://yourdost.com/blog/2017/04/entrepreneurs-speak-of-depression.html",
			"descriptor" : "",
			"name" : "",
			"excerpt" :"",
			"title" :"Entrepreneurs Open up About Depression",
			"type": "post"
		},
		{
			"id" : 5,
			"imageUrl" : "https://d1hny4jmju3rds.cloudfront.net/who_depression_day/posts/trending/yogapositions/yogapositions-450x450.jpg",
			"url" : "http://yourdost.com/blog/2017/03/yoga-asanas-that-are-instant-mood-lifters.html",
			"descriptor" : "",
			"name" : "",
			"excerpt" :"",
			"title" :"Yoga Asanas That Are Instant Mood Lifters",
			"type": "post"
		},
		{
			"id" : 3,
			"imageUrl" : "https://d1hny4jmju3rds.cloudfront.net/who_depression_day/posts/trending/lifesupdown/lifesupdown-450x450.jpg",
			"url" : "http://yourdost.com/blog/2017/04/lifes-ups-downs.html",
			"descriptor" : "",
			"name" : "",
			"excerpt" :"",
			"title" :"Life’s Ups & Downs",
			"type": "post"
		},
		{
			"id" : 4,
			"imageUrl" : "https://d1hny4jmju3rds.cloudfront.net/who_depression_day/posts/trending/4harmfulthings/4harmfulthings-450*450.jpg",
			"url" : "http://yourdost.com/blog/2017/03/4-harmful-things-people-do-when-depressed.html",
			"descriptor" : "",
			"name" : "",
			"excerpt" :"",
			"title" :"4 Harmful Things People Do When Depressed",
			"type": "post"
		},
		{
			"id" : 5,
			"imageUrl" : "https://d1hny4jmju3rds.cloudfront.net/who_depression_day/posts/trending/whatitfeelsliketolivewithdepression/whatitfeelsliketolivewithdepression-450x450.jpg",
			"url" : "http://yourdost.com/blog/2017/03/what-is-it-like-to-live-with-depression.html",
			"descriptor" : "",
			"name" : "",
			"excerpt" :"",
			"title" :"What Is It Like To Live With Depression?",
			"type": "post"
		},
		{
			"id" : 6,
			"imageUrl" : "https://d1hny4jmju3rds.cloudfront.net/who_depression_day/posts/trending/alternativetherapies/alternativetherapies-450x450.jpg",
			"url" : "http://yourdost.com/blog/2017/03/alternative-therapies-to-battle-depression.html",
			"descriptor" : "",
			"name" : "",
			"excerpt" :"",
			"title" :"Alternative Therapies To Battle Depression",
			"type": "post"
		},
		{
			"id" : 7,
			"imageUrl" : "https://d1hny4jmju3rds.cloudfront.net/who_depression_day/posts/trending/7strangequestions/strangequestions-450x450.jpg",
			"url" : "http://yourdost.com/blog/2017/03/7-strange-questions-that-can-help-you-find-if-you-are-depressed.html",
			"descriptor" : "",
			"name" : "",
			"excerpt" :"",
			"title" :"7 Strange Questions To Find If You Are Depressed",
			"type": "post"
		},
		{
			"id" : 8,
			"imageUrl" : "https://d1hny4jmju3rds.cloudfront.net/who_depression_day/posts/trending/6thingsthatcausedepression/6thingsthatcausedepression-450x450.jpg",
			"url" : "http://yourdost.com/blog/2017/03/6-unusual-things-that-can-cause-depression.html",
			"descriptor" : "",
			"name" : "",
			"excerpt" :"",
			"title" :"6 Unusual Things That Can Cause Depression",
			"type": "post"
		},
		{
			"id" : 9,
			"imageUrl" : "https://d1hny4jmju3rds.cloudfront.net/who_depression_day/posts/trending/openletter/march-openletter-640x350.jpg",
			"url" : "http://yourdost.com/blog/2017/03/an-open-letter-to-psychologists-from-a-person-with-mental-disorder.html",
			"descriptor" : "",
			"name" : "",
			"excerpt" :"",
			"title" :"An Open Letter To A Psychologist",
			"type": "post"
		},
		{
			"id" : 10,
			"imageUrl" : "https://d1hny4jmju3rds.cloudfront.net/who_depression_day/posts/trending/puppy/march-postpuppydepression-640x350.jpg",
			"url" : "http://yourdost.com/blog/2017/03/can-puppies-make-you-depressed.html",
			"descriptor" : "",
			"name" : "",
			"excerpt" :"",
			"title" :"Can Puppies Make You Depressed?",
			"type": "post"
		},
		{
			"id" : 11,
			"imageUrl" : "https://d1hny4jmju3rds.cloudfront.net/who_depression_day/posts/trending/homemakerdepression/homemakerdepression-450x450.jpg",
			"url" : "http://yourdost.com/blog/2017/03/depression-in-homemakers-a-long-ignored-crisis.html",
			"descriptor" : "",
			"name" : "",
			"excerpt" :"",
			"title" :"Depression In Homemakers: A Long Ignored Crisis",
			"type": "post"
		},
		{
			"id" : 12,
			"imageUrl" : "https://d1hny4jmju3rds.cloudfront.net/who_depression_day/posts/trending/waystocope/waystocope-450x450.jpg",
			"url" : "http://yourdost.com/blog/2017/03/how-can-you-come-out-of-depression-by-yourself.html",
			"descriptor" : "",
			"name" : "",
			"excerpt" :"",
			"title" :"How Can You Come Out Of Depression By Yourself?",
			"type": "post"
		},
		{
			"id" : 13,
			"imageUrl" : "https://d1hny4jmju3rds.cloudfront.net/who_depression_day/posts/trending/identifysignsofdepression/identifysignsofdepression-450x450.jpg",
			"url" : "http://yourdost.com/blog/2017/03/how-can-you-identify-the-signs-of-depression-in-you.html",
			"descriptor" : "",
			"name" : "",
			"excerpt" :"",
			"title" :"How Can You Identify The Signs Of Depression In You?",
			"type": "post"
		},
		{
			"id" : 14,
			"imageUrl" : "https://d1hny4jmju3rds.cloudfront.net/who_depression_day/posts/trending/arjun-bhardwaj/arjun-bhardwaj-450x450.jpg",
			"url" : "http://yourdost.com/blog/2017/04/depression-snuffs-another-young-life-in-india-rip-arjun-bhardwaj.html",
			"descriptor" : "",
			"name" : "",
			"excerpt" :"",
			"title" :"Depression Snuffs Another Young Life In India: RIP Arjun Bhardwaj",
			"type": "post"
		}
	]
}