{

	"videos" : [
		{
			"id" : 1,
			"imageUrl" : "https://d1hny4jmju3rds.cloudfront.net/who_depression_day/posts/videos/Kirti-Kulhari-640x350.jpg",
			"url" : "http://yourdost.com/blog/2017/03/exclusive-conversation-with-falak-ali-of-pink-on-mental-health.html",
			"videoUrl" : "https://www.youtube.com/embed/-IXkKz8RDtk",
			"descriptor" : "",
			"name" : "",
			"excerpt" :"",
			"title" :"Exclusive Conversation with Falak Ali, of Pink on Mental Health",
			"type": "video"
		},
		{
			"id" : 2,
			"imageUrl" : "https://d1hny4jmju3rds.cloudfront.net/who_depression_day/posts/videos/AIB-4-640x350.jpg",
			"url" : "http://yourdost.com/blog/2017/03/i-had-a-black-dog-his-name-was-depression.html",
			"videoUrl" : "https://www.youtube.com/embed/VJISQqAJ7hM",
			"descriptor" : "",
			"name" : "",
			"excerpt" :"",
			"title" :"AIB talks about Depression",
			"type": "video"
		},
		{
			"id" : 3,
			"imageUrl" : "https://d1hny4jmju3rds.cloudfront.net/who_depression_day/posts/videos/Shradha-sharma-450x450.jpg",
			"url" : "http://yourdost.com/blog/2017/03/message-to-entrepreneurs-from-shradha-sharma-founder-yourstory.html",
			"videoUrl" : "https://www.youtube.com/embed/v3kv6rwqygE",
			"descriptor" : "",
			"name" : "",
			"excerpt" :"",
			"title" :"Message to Entrepreneurs – From Shradha Sharma (Founder, YourStory)",
			"type": "video"
		},
		{
			"id" : 4,
			"imageUrl" : "https://d1hny4jmju3rds.cloudfront.net/who_depression_day/posts/videos/Shubhrata-450x450.jpg",
			"url" : "http://yourdost.com/blog/2017/03/why-we-need-to-talk-about-depression-shubhrata-prakash.html",
			"videoUrl" : "https://www.youtube.com/embed/eSG2xGdarOA",
			"descriptor" : "",
			"name" : "",
			"excerpt" :"",
			"title" :"Why We Need To Talk About Depression – Shubhrata Prakash",
			"type": "video"
		},
		{
			"id" : 5,
			"imageUrl" : "https://d1hny4jmju3rds.cloudfront.net/who_depression_day/posts/videos/laama-450x450.jpg",
			"url" : "http://yourdost.com/blog/2017/03/depression-the-black-dog-letstalk.html",
			"videoUrl" : "https://www.youtube.com/embed/orFAjsoQrX4",
			"descriptor" : "",
			"name" : "",
			"excerpt" :"",
			"title" :"Spiritual Gurus on Depression",
			"type": "video"
		}
	]
}