{
	"full-stack-java-developer": {
									"topic": "Full Stack Java Developer",
									"category": "Engineering",
									"location": "Bangalore, India",
									"subtopics": [
													{
														"title": "Job Description",
														"description": ["We are looking for full stack developer for our startup YourDOST (www.yourdost.com). We are looking for highly motivated and qualified front end developer with good knowledge of Java, Spring framework to be a part of our group."]	
													},
													{
														"title": "Responsibilities",
														"description": ["Work closely with backend developers and UI/UX designers", "UI integration with back-end REST APIs", "Developing cross platform/browser/device compatible web applications", "Back-end support "]	
													},
													{
														"title": "Desired Skills",
														"description": ["Experience working with front end MVC frameworks specially Backbone JS", "Experience working with HTML, CSS, Javascript, jQuery", "Experience working with Java", "Working knowledge of Hibernate and Spring framework", "Excellent communication and teamwork skills, a great work ethic and attitude", "We are looking for people with past experience in building web applications."]
													}
												 ]
								 },

	"graphic-designer": {
							"topic": "Graphic Designer",
							"category": "Marketing",
							"location": "Bangalore, India",
							"subtopics": [
											{
												"title": "Job Description",
												"description": ["Looking for creative folks who are competent in design tools like Photoshop and Illustrator to join our budding startup. They will be given complete freedom to put their creative and design skills to use for designing our marketing campaigns. If you are creative, hardworking and enthusiastic to join a startup - this is the place to be. Look at our blog (blog.yourdost.com) and facebook page (facebook.com/yourtruedost) to get an idea of the kind of graphics we do."]
											}
										 ]
						},

	"ui-ux-designer": {
							"topic": "UI/UX Designer",
							"category": "Engineering",
							"location": "Bangalore, India",
							"subtopics": [
											{
												"title": "Job Description",
												"description": ["We are looking for a UX/UI designer to help our users achieve a great experience interacting on YourDOST. This role will work closely with our developers and product managers in planning and implementing new features, and in using data to continuously improve our product."]
											}, 
											{
												"title": "Skills/Experience Desired",
												"description": ["Ability and experience of using various tools for designing mock ups / wireframes, for enabling collaboration, rapid A/B testing", "Ability to research and design for relevant user personas.", "Working knowledge of HTML, CSS, Javascript, jQuery.", "Ability to work in sprint-based cycles", "Ability to create interaction documents along with the wireframes/designs rolled out.", "Experience working with both web and mobile applications.", "Great teamwork and communication skills to be an effective member of our diverse and chaotic work environment.", "great work ethic and attitude!"]

											}
										 ],
							"note": "Compensation will be commensurate with industry standards and merit."
					  },

	"quality-assurance": {
							"topic": "Quality Assurance",
							"category": "Engineering",
							"location": "Bangalore, India",
							"subtopics": [
											{
												"title": "Job Description",
												"description": ["Looking for a person who loves to break code and products to find bugs. Someone who could think like a user and also corner cases that might exist."]
											}
										 ]
						 },

	"consultant-psychologist": {
									"topic": "Consultant Psychologist",
									"category": "Operations",
									"location": "Bangalore, India",
									"subtopics": [
													{
														"title": "Job Description",
														"description": ["We are looking for enthusiastic psychologists and counselors to join YourDOST. YourDOST is an online emotional wellness platform that aims to increase awareness regarding mental wellness and break the prevalent social stigma attached to seeking psychological help. At YourDOST, users can anonymously seek emotional support from experts consisting of life coaches, psychologists and other experienced individuals."]
													},
													{
														"title": "Requirement",
														"description": ["Minimum qualification MSc Psychology", "Hands on experience in the field of counselling or other domain", "Open to work during the night shift (you have to work online from your own place)", "Good motivational speaker/writer", "Comfortable with online counseling", "Good command over written english", ""]
													}
												 ]

								},

	"marketing-intern": {
							"topic": "Marketing (Intern)",
							"category": "Marketing",
							"location": "Bangalore, India",
							"subtopics": [
											{
												"title": "Job Description",
												"description": ["We are looking for enthusiastic and creative folks who could bring fresh ways of thinking to take the company to next level. If you are creative, enthusiastic, hard working individual who is looking for a big playground to explore their talent and want to do something meaningful in life, YourDOST is a place for you."]
											}
										 ]
						},

	"community-manager": {
							"topic": "Community Manager",
							"category": "Marketing",
							"location": "Bangalore, India",
							"subtopics": [
											{
												"title": "Job Description",
												"description": ["We are looking for an enthusiastic person who is great with his / her communication skills and is passionate about managing the community of YourDOST customers and experts, designing and executing programs to increase engagement and increase customer & Expert satisfaction. It is for someone who is creative but also very organized such that he/she can setup and optimize processes and measure impact."]
											},
											{
												"title": "Requirement",
												"description": ["Excellent written and verbal communication skills (English)", "0-3 yrs of work - experience", "Positive attitude", "Good knowledge MS office(MS Word, Excel)", "Structured and goal oriented"]
											}
										 ]
						 },

	"in-house-psychologist": {
								"topic": "In-House Psychologist",
								"category": "Operations",
								"location": "Bangalore, India",
								"subtopics": [
												{
													"title": "Job Description",
													"description": ["We are looking for smart people who believe in the power of transforming someone's life by listening to their problems and providing them a helping hand. Not only they are wonderful counselors but also willing to go an extra mile and build a community of experts."]
												},
												{
													"title": "Responsibilities",
													"description": ["Providing Online Counselling to clients", "Providing Online Counselling to clients", "Becoming the quality gatekeeper", "Engaging Experts in various activities", "Creating various self help modules"]
												},
												{
													"title": "Requirement",
													"description": ["Minimum Masters in Psychology (Clinical Preferred)", "Belief in effectiveness of online counselling", "Great Communication Skills (written and verbal)", "Good negotiating skills", "Creativity", "Ability to organise and design programs"]
												}
											 ]
							 },

	"community-manager-intern": {
									"topic": "Community Manager (Intern)",
									"category": "Marketing",
									"location": "Bangalore, India",
									"subtopics": [
													{
														"title": "Job Description",
														"description": ["We are looking for enthusiastic and creative folks who could bring fresh ways of thinking to take the company to next level. Primary responsibility would be to engage and manage YourDOST user community on various online channels include social media, mobile and email. If you are creative, enthusiastic, hard working individual who is looking for a big playground to explore their talent and want to do something meaningful in life, YourDOST is a place for you."]
													}
												 ]
								},

	"senior-psychologist": {
								"topic": "Senior Psychologist", 
								"category": "Operations",
								"location": "Bangalore, India",
								"subtopics": [
												{
													"title": "Job Description",
													"description": ["We are looking for smart people who believe in the power of transforming someone's life by listening to their problems and providing them a helping hand. Not only they are experienced counselors but also great content creators, visualizers and are passionate about the field"]
												},
												{
													"title": "Responsibilities",
													"description": ["Providing Online Counselling to clients", "Supervising experts on the platform", "Design self help modules", "Creating Training programs for experts", "Engaging Experts in various activities"]
												},
												{
													"title": "Requirement", 
													"description": ["Educational Background in Psychology + experience in dealing with clients", "Minimum 5 yrs of counselling experience", "Belief in effectiveness of online counselling", "Great Communication Skills (written and verbal)", "Ability to organise and design programs", "Should enjoy working in team"]
												}
											 ]
						   },
	"happiness-officer-hr-and-admin": {
										"topic": "Happiness Officer - HR and Admin", 
										"category": "Operations",
										"location": "Bangalore, India",
										"subtopics": [
														{
															"title": "Job Description",
															"description": ["We are looking for a HR & Admin Officer who will be supporting us on all HR, Admin & Payroll matters to the Leadership team and all employees"]
														},
														{
															"title": "Responsibilities",
															"description": ["Coordinating interviews with candidates & Hiring Managers", "Ensuring that Joining and Exit formalities are completed satisfactorily and all HR records are maintained as per norms", "Co-ordinating with Payroll service provider on all payroll matters and providing timely payroll inputs for processing", "Timely response and successful closure of all employee queries", "Managing House Keeping and all administration matters", "Vendor Management and coordination, including processing all Vendor payments", "Travel Management - Booking taxi, flight & train tickets, hotel bookings etc", "Asset & facilities Management (equipment maintenance, repairs and renovations)", "Organising and Managing all office events."]
														}, 
														{
															"title": "Requirement",
															"description": ["You are a graduate with minimum 2 years of relevant experience", "You possess good Interpersonal skills", "You are someone with high energy & drive"]
														}
													 ]
									  },

	"product-manager": {
							"topic": "Product Manager",
							"category": "Product Management",
							"location": "Bangalore, India",
							"subtopics": [
											{
												"title": "Responsibilities", 
												"description": ["Managing the entire product roadmap from strategic planning to tactical activities. We are lean, so this role will oversee a LOT of things, large and small!", "Work closely with the technology team to enable efficient and good releases, and service the other functions of the organization with their product / dev needs.", "Do competition and market analysis through regular research and customer feedback / interviews, and direct the product roadmap accordingly.", "Use data to understand the product performance and to influence further product planning.", "Develop product pricing and positioning strategies."]
											},
											{
												"title": "Requirements",
												"description": ["At least 3 years of relevant product management experience. Additional experience in other relevant fields will be valued.", "Knowledgeable in technology.", "Hands on knowledge of various tools around agile collaboration, wireframing, and analytics.", "Experience of working in agile environments will be a plus.", "Computer Science or Engineering degree is a strong but not critical plus.", "Ability to interact in a diverse and chaotic team environment"]
											}
										 ]
					   },
	"growth-hacker": {
						"topic": "Growth Hacker",
						"category": "Marketing",
						"location": "Bangalore, India",
						"subtopics": [
										{
											"title": "Responsibilities", 
											"description": ["Managing the entire acquisition strategy of marketing for all organic and inorganic channels (digital, partnerships, offline events etc.)", "Developing a strategy for in product marketing and virality to scale the user base."]
										},
										{
											"title": "Requirements",
											"description": ["3+ years of relevant marketing/ growth hacking experience", "Knowledgeable in technology.", "Computer Science/ Engineering degree with an MBA a strong plus."]
										}
									 ]
					 },

	"content-lead": {
						"topic": "Content Lead",
						"category": "Marketing",
						"location": "Bangalore, India",
						"subtopics": [
										{
											"title": "Responsibilities", 
											"description": ["Managing the entire content life cycle from strategic planning to tactical activities.", "Leading content marketing including partnerships, social media, PR, media coverage etc.", "Driving offline events, social experiments to develop content"]
										},
										{
											"title": "Requirements",
											"description": ["3+ years of content marketing experience", "Knowledgeable in technology.", "Journalism/ Media background a strong plus."]
										}
									 ]
					},

	"storyteller-content-writer-editor": {
											"topic": "Storyteller (Content Writer/ Editor)",
											"category": "Marketing",
											"location": "Bangalore, India",
											"subtopics": [
															{
																"title": "Responsibilities", 
																"description": ["Creating, Editing and Publishing content esp stories in the form of text, audio and video", "Driving social experiments and campaign to source such stories"]
															}
														 ]
										 },

	"operations-head": {
							"topic": "Operations Head",
							"category": "Operations",
							"location": "Bangalore, India",
							"subtopics": [
											{
												"title": "Responsibilities",
												"description": ["Understand business plans and conceptualize solutions and processes for tomorrow's scale", "Responsible for expert operations - Costs vs budgeted Incomes", "Reducing Service Turn Around Time", "Reducing Cost per service", "Getting more experts on the platform", "Increasing experts engagement on the platform", "Ensuring high quality of service on the platform", "Increase availability of Experts", "Drive revenue for service from experts", "Managing community of experts and users"]
											},
											{
												"title": "Requirements",
												"description": ["5+ years of experience in Operations", "Setup / Scaled call-center", "Good communication Skills", "Manage delivery; maintain quality and ensure deliverables", "Sales and cost optimization bent of mind", "Data driven in all approaches", "Should be able to conceptualize and leverage technology to drive efficiency and cost management", "Execute high impact, high pressure projects that involve interacting with experts"]
											}
										 ]
						},
	"operations-intern": {
							"topic": "Operations Intern",
							"category": "Operations",
							"location": "Bangalore, India",
							"subtopics": [
											{
												"title": "Job Description",
												"description": "We are looking for startup enthusiast who are passionate about setting up and optimizing processes for running the operations smoothly, doing root cause analysis of certain operational bottlenecks and subsequently enhancing process flow"
											},
											{
												"title": "Requirements",
												"description": ["Excellent written and verbal communication skills(English)", "Positive attitude", "Have good knowledge MS office(MS Word, Excel)", "Structured and goal oriented", "Startup enthusiast"]
											}
										 ]
						 }	

}	