{
	"jobBackgroundTitle": "COME AND WORK AT YOURDOST",
	"jobBackgroundSubtitle": "Emotional Wellness Coach",
	"jobInfoTitle": "WHAT WE ARE BUILDING",
	"jobInfoDesc": "YourDOST is your emotional wellness coach who stands by you in your entire life journey. The platform allows you to get in touch with professionally trained experts to help you cope with issues related to personal, professional and academic life. They help you discover the best version of you.",
	"jobPickImages": ["https://d1hny4jmju3rds.cloudfront.net/job_page/team-pick-1.png", "https://d1hny4jmju3rds.cloudfront.net/job_page/team-pick-2.png", "https://d1hny4jmju3rds.cloudfront.net/job_page/team-pick-3.png", "https://d1hny4jmju3rds.cloudfront.net/job_page/team-pick-4.png"],
	"jobRequirements": [
							{
								"title": "GREAT SKILLS",
								"description": "There are many variations of passages of ipsum available, but the majority have suffered alteration in one form.",
								"iconUrl": "https://d1hny4jmju3rds.cloudfront.net/job_page/skill.png"
							},
							{
								"title": "RELEVANT EXPERIENCE",
								"description": "There are many variations of passages of ipsum available, but the majority have suffered alteration in one form.",
								"iconUrl": "https://d1hny4jmju3rds.cloudfront.net/job_page/portfolio.png"
							},
							{
								"title": "CREATIVITY",
								"description": "There are many variations of passages of ipsum available, but the majority have suffered alteration in one form.",
								"iconUrl": "https://d1hny4jmju3rds.cloudfront.net/job_page/creativity.png"
							},
							{
								"title": "SELF-MANAGEMENT CAPACITY",
								"description": "There are many variations of passages of ipsum available, but the majority have suffered alteration in one form.",
								"iconUrl": "https://d1hny4jmju3rds.cloudfront.net/job_page/self-management-capicity.png"
							},
							{
								"title": "QUALITY COMMITMENT",
								"description": "There are many variations of passages of ipsum available, but the majority have suffered alteration in one form.",
								"iconUrl": "https://d1hny4jmju3rds.cloudfront.net/job_page/quality-commitment.png"
							},
							{
								"title": "FOCUS ON RESULTS",
								"description": "There are many variations of passages of ipsum available, but the majority have suffered alteration in one form.",
								"iconUrl": "https://d1hny4jmju3rds.cloudfront.net/job_page/focus-on-result.png"
							}

						],
	"jobOpenRolesTitle": "OPEN ROLES",
	"jobOpenRolesDescription": "YourDOST is a fast growing company and we're expanding both our Bangalore office and our team.",
	"jobOpenings": [
						{
							"categoryTitle": "ENGINEERING",
							"categoryJob": [
												{
													"title": "Full Stack Java Developer",
													"subtitle": "Full Time · Bangalore",
													"url": "full-stack-java-developer"
												}

											]
						},
						{
							"categoryTitle": "MARKETING",
							"categoryJob": [
												{
													"title": "Marketing (Intern)",
													"subtitle": "Internship · Bangalore",
													"url": "marketing-intern"
												},
												{
													"title": "Growth Hacker",
													"subtitle": "Full Time · Bangalore",
													"url": "growth-hacker"
												},
												{
													"title": "Content Lead",
													"subtitle": "Full Time · Bangalore",
													"url": "content-lead"
												},
												{
													"title": "Storyteller (Content Writer/ Editor)",
													"subtitle": "Full Time · Bangalore",
													"url": "storyteller-content-writer-editor"
												},
												{
													"title": "Community Manager",
													"subtitle": "Full Time · Bangalore",
													"url": "community-manager"
												},
												{
													"title": "Community Manager (Intern)",
													"subtitle": "Internship · Bangalore",
													"url": "community-manager-intern"
												}


											]
						},
						{
							"categoryTitle": "OPERATIONS",
							"categoryJob": [
												{
													"title": "Operations Intern",
													"subtitle": "Internship · Bangalore",
													"url": "operations-intern"
												}

											]
						},
						{
							"categoryTitle": "PRODUCT MANAGEMENT",
							"categoryJob": [
												{
													"title": "Product Manager",
													"subtitle": "Full Time · Bangalore",
													"url": "product-manager"
												}
												

											]
						}

				   ],
	"jobRecruitmentProcessTitle": "WHAT DOES THE RECRUITMENT PROCESS LOOK LIKE AT YOURDOST?",

	"jobRecruitmentProcessStep": [
									{
										"title": "1. PHONE SCREENS",
										"description": "This is an introductory call between the applicant and the hiring manager or a representative. The purpose of this call is to understand the background of the candidate better, and also for the candidate to know more about YourDOST and the role in question."
									},
									{
										"title": "2. FIRST INTERVIEW",
										"description": "This is a face to face conversation where we try and understand the applicant’s knowledge and skill set better. The applicant can also ask more questions about the role in question."
									},
									{
										"title": "3. PRACTICAL TEST",
										"description": "Where relevant, the applicant will also be asked to work on a case study which will be related to the role in question. This will be reviewed carefully by the hiring managers, at the same level of priority as the face to face interviews. There may be a telephone call to discuss the test submission."
									},
									{
										"title": "4. SECOND INTERVIEW",
										"description": "Qualifying candidates will be called back for another round of discussion or two with the senior members of the organization."
									},
									{
										"title": "5. REFERENCE CHECKS",
										"description": "Candidates nearing potential hire status will be put through a reference check to get a basic validation of their professional background."
									},
									{
										"title": "6. OFFER",
										"description": "Identified hires will be made an offer to join us. And we will be impatiently waiting for you to work with us and take YourDOST to new heights!"
									}
								 ]
}