{
	"low" : {

		"header" : "low",
		"sub-header" : "But no worries! Do not lose hope at all. A coach or a buddy can really help you in making your New Year resolutions a success.",
		"cta" : "CHECK THE NEW YEAR PLANS",
		"footer" : "The best part is that all of this is absolutely FREE! Sounds Interesting?",
		"content" : {

			"text" : "We are here to help you succeed. Our experts have designed special plans to achieve New Year Resolutions. These plans come with",
			"keypoints" : ["Dedicated Coach"," 24*7 Support","Tips and Techniques"]
		}
	},
	"moderate" : {

		"header" : "moderate",
		"sub-header" : "Well, you are all set to make your New Year Resolution successful. All you need is a small push and some support to keep you going.",
		"cta" : "CHECK THE NEW YEAR PLANS",
		"footer" : "The best part is that all of this is absolutely FREE! Sounds Interesting?",
		"content" : {

			"text" : "Our experts can help you out here. They have curated and designed plans to keep you on the right track. These plans come with",
			"keypoints" : ["Dedicated Coach"," 24*7 Support","Tips and Techniques"]
		}
	},
	"high" : {

		"header" : "high!",
		"sub-header" : "Congratulations! You are going to nail your New Year Resolution. With your amazing enthusiasm and plenty of practicality, you will be able to achieve your New Year Resolution.",
		"cta" : "TALK TO AN EXPERT",
		"footer" : "",
		"content" : {

			"text" : "Just in case, if you feel a bit low in the year, you can talk to any of our 700+ experts. They will motivate you and make you cheerful and committed again.",
			"keypoints" : []
		}
	}
}