{
	"questions" : [
		{
    		"question" : "Were you able to keep up with your last year’s resolution?",
    		"qNo" : 1
		},
		{
    		"question" : "I have only one resolution to achieve this year",
    		"qNo" : 2
		},
		{
    		"question" : "Have you decided your monthly targets for your resolution?",
    		"qNo" : 3
	    },
	    {
			"question" : "Are you confident enough to pull it off without failing:",
			"qNo" : 4
	    },
	    {
    		"question": "I am very motivated to work on my resolution:",
    		"qNo" : 5
	    },
	    {
    		"question" : "Is your resolution for this year different from your resolution(s) in the last few years?",
    		"qNo" : 6
	    },
	    {	
    		"question" : "Do you think your resolution is easy?",
    		"qNo" : 7
	    }
	]
}