{
    "h1": {
        "title": "Dysthymia or Persistent Depressive Disorder (PDD)",
        "metaTitle": "What is Dysthymia or PDD | Symptoms, Causes & Treatment",
        "metaDescription": "Dysthymia is also known as Persistent Depressive Disorder (PDD). Know more about its causes, its signs & different ways to treat it.",
        "bannerImg": "https://d1hny4jmju3rds.cloudfront.net/hubs_and_spokes_images/depression/Depression.png",
        "bannerH1": "Don't let depression consume you, help is available",
        "bannerH2": "Talk to our experts now!",
        "h2": [
            {
                "title": "What is Dysthymia?",
                "content": "<p>As individuals we all feel happy at times, and sad in response to a few other experiences. But then, one eventually returns back to a &ldquo;euthymic&rdquo; mood. Euthymic mood is defined as a state of &lsquo;okayness&rsquo;, where an individual is neither happy nor sad. This is a neutral mood. Failure of returning to the euthymic mood can be considered a psychological problem. Dysthymia is one such diagnosable state that can reduce the zest and effectiveness of an individual towards life in general.</p><p>Dysthymia is a mood disorder. Moods are different than emotions such that they are not a response to a specific stimulus. It is the underlying emotional tone or attitude prevailing across various life situations and experiences.</p><p>Dysthymia is defined as a pervasive persistent sadness in mood over a period of years. It can also be understood as chronic depression. The symptoms are similar to major depression, but can be milder in intensity and spread over a period of long time. In children and adolescents, it can be diagnosed if the same feeling continues for more than a year. In children, depression may reflect as aggression, irritability or withdrawal.</p>",
                "imgUrl": "https://d1hny4jmju3rds.cloudfront.net/hubs_and_spokes_images/depression/Dysthymia.jpg",
                "altImage": "Dysthymia?"
            },
            {
                "title": "Symptoms of Dysthymia",
                "content": "<p>A few symptoms of dysthymia are: -</p><ol>   <li>Sadness of mood through a day, everyday, for no apparent reason</li>    <li>Constant weepiness</li> <li>Lack of interest in anything routine as well as activities of enjoyment earlier</li>    <li>Feeling drained and exhausted throughout the day</li>   <li><a href=\"https://yourdost.com/blog/2015/12/20-tips-for-better-sleep.html?yd_source=HubSpoke&amp;yd_medium=InternalLinking&amp;yd_content=Depression&amp;yd_campaign=\">Sleep difficulties</a> &ndash; excessive sleepiness or inability to have a restful sleep</li>    <li>Eating difficulties &ndash; excessive eating or not having adequate appetite</li>   <li>Problems in higher mental processes (attention, concentration, memory, problem-solving, decision-making, etc.)</li> <li>Failed attempts of trying different things and not having direction in their efforts</li>   <li>At times it can be accompanied by suicidal ideation</li></ol><p>Dysthymia often gets reflected as part of a person&rsquo;s personality, and thus goes unnoticed and untreated as a disorder. Individuals with dysthymia get caught in an endless loop of helplessness and hopelessness affecting all the areas of their lives &ndash; careers, interpersonal relationships, effectiveness in one&rsquo;s functioning as well as the routine life. Family responses to individuals having dysthymia (due to lack of knowledge of the individual&rsquo;s condition) can become criticizing and demanding. On one hand family members can try hard to motivate them, encourage them and on the other accuse them of being lazy, having lack of initiative, want to always be dependent on others etc. Such dual reactions of family members can intensify the condition of dysthymia.</p>"
            },
            {
                "title": "Causes of Dysthymia",
                "content": "<p>While the major causes of dysthymia are unknown, few debatable causes are mentioned below: -</p><ol> <li>Possibly a medical condition</li>   <li>Due to predisposition of depression in a family</li>    <li>Life stressors and uncertainty</li> <li>Trauma &ndash; like loss of a parent during teen years, or constant physical or sexual abuse</li><li>Underlying medical condition like diabetes or thyroid problems</li></ol>"
            },
            {
                "title": "Treatment of Dysthymia",
                "content": "<p>Treating dysthymia requires a combination of medicine and psychotherapy. While medical help can be sought by a psychiatrist, given here are the psychotherapeutic parameters -</p><ol>   <li>Consistent positive strokes/reinforcement, like a &lsquo;nurturing parent&rsquo; (concept of Transactional Analysis), can soothe the internal conflict and chaos within the individual. Similarly, unconditional positive regard and empathy (concept of Carl Roger&rsquo;s humanitarian school of thought) can help the client reinterpret their emotions.</li>    <li>Psychodynamic school of thought uses catharsis. For instance, if the triggers of dysthymia have been identified as trauma, or life stressors, the counsellor\therapist helps regain faith and hope. Here the individual tries new approaches to understand their lives and relationships.</li>  <li>Cognitive school of thought believes that depression is caused due to irrational beliefs for example, &lsquo;nothing good can ever happen to me&rsquo;, &lsquo;if my mother does not accept me, I am good for nothing&rsquo;, &lsquo;what is the purpose of trying if I will only fail&rsquo;, etc. Restructuring of one&rsquo;s beliefs can help an individual fight dysthymia.</li>   <li>Behavioural school of thought uses assertiveness training (learning to understand and express oneself and acquiring the ability to say &lsquo;no&rsquo;), modeling (creating a support system where the individual is positively influenced by other members), etc.</li>    <li>Systems and family therapy encourages to think of a person with symptoms as &lsquo;the identified person&rsquo; (all members of the family have their share of problems, but only one person is seen as the problem-creator). Here, family therapy can help increase communication and ascertain the recovery of the individual with dysthymia by empowering relationships and creating a strong network of support.</li></ol><p>A few suggestions for individuals dealing with dysthymia: -</p><ol>    <li>Slow &amp; steady wins the race - Expect change to be slow. If you consistently feel sad at a point of -5 for example, aim for -4. Do not look for signs of +1.</li>    <li>How do I feel? - Overindulging in motivational or positivity lectures may only give a temporary boost. For a more consistent change, explore your emotions in the area of trust, hope, self-doubt, initiative and guilt.</li>   <li>Enjoy making decisions - Relearn effective mechanisms to take decisions, solve problems and take on the challenges in life; starting from very small initiatives.</li>  <li>Take credit - Acknowledge and pat yourself on the back for small successes, instead of focusing on failures.</li>   <li>Relinquish guilt - To err is human they say. Accept your humanness and allow yourself to make mistakes. Take mistakes as opportunities to learn and bring a change.</li>    <li>Play - My personal favourite is playing sports, board games and video games repeatedly by challenging oneself to a higher score.</li>   <li>Talk! - Feel free to share and express thoughts without fear of judgment. It can be extremely healing to vent out.</li> <li>Move - Don&rsquo;t underestimate the power of movement. Indulge in any kind of physical activity at least once a day - walk, jump, exercise, do yoga, dance..anything that gets your body in action. It releases all those feel good hormones.</li> <li>Read literature and watch movies as a way to feel other people&rsquo;s feelings without personal despondency.</li></ol><p>Dysthymia can seem very handicapping for the person suffering from it. Self-management may be difficult and a combination of medicine and psychotherapy can be effective in many cases. Educating families about the disorder and helping them learn to respond and ways of engaging with the person dealing with dysthymia can speed-up the therapeutic process.</p>"
            }
        ]
    }
}