{
    "h1": {
        "title": "Major Depression or Unipolar Disorder",
        "metaTitle": "Clinical or Major Depression | Symptoms & Treatment",
        "metaDescription": "Major depression also known as clinical or unipolar depression is one of common & serious mental illness. Read to know more about its symptoms & treatment",
        "bannerImg": "https://d1hny4jmju3rds.cloudfront.net/hubs_and_spokes_images/depression/Depression.png",
        "bannerH1": "Don't let depression consume you, help is available",
        "bannerH2": "Talk to our experts now!",
        "h2": [
            {
                "title": "What is Major Depression?",
                "content": "<p>Depression is a word most of us would have heard or used at some point of time in our lives. Depression mainly refers to a constant feeling of sadness, along with lowered levels of energy and a lack of interest.</p><p>Though sadness is usually a normal reaction to loss, disappointments or setbacks but what characterizes the sadness in major depression is that it persists continuously for two weeks or even more. This sadness is debilitating, affects our work or academic lives, personal lives as well as our social lives. For example you may notice you are very often not in the mood to meet your friends, or engage in an activity that you used to enjoy quite a bit earlier.&nbsp;</p><p>You may also begin to feel a change in your appetite and sleep patterns, a change in your weight as well as energy levels on a daily basis. An episode of depression is identified, by constant low levels of interest and energy over an extended period of time. This is evident in the ways one seems to be losing touch with their hobbies, seem exhausted during the day, and find it overly difficult to get out of bed, even after sleeping for ten solid hours. A depressive episode is also characterized by feelings of lowered self-esteem and confidence as well as thoughts such as &ldquo;I&rsquo;m worthless and good for nothing&rdquo;or &ldquo;I don&rsquo;t think things will ever get better&rdquo;, &ldquo;I wish I wasn&rsquo;t alive&rdquo;.</p><p>A major depression (also called Clinical Depression or Unipolar Depression) is a common and serious medical illness that negatively affects how you feel the way you think and how you act.</p><p>It is seen to affect about <a href=\"https:/www.gstatic.com/healthricherkp/pdf/major_depression_en_IN.pdf\">10 million people every yea</a>r in India. In adults major depression also affects women twice as much as men.</p>",
                "imgUrl": "https://d1hny4jmju3rds.cloudfront.net/hubs_and_spokes_images/depression/Clinical+Depression.jpg",
                "altImage": "Major Depression"
            },
            {
                "title": "Symptoms of Major Depression",
                "content": "<p>A diagnosis of Major Depression can only be made by a licensed medical professional. But here are a few indicators that may help you decide if you need to consult with a practitioner at the earliest.</p><p>Many people may experience:</p><ol>    <li><strong>Mood</strong>: Increased anxiety, general discontent, feelings of guilt, sadness arising from feeling helpless and hopeless about the future, inability to feel pleasure, feeling lonely, mood swings, or emotional distress</li>   <li><strong>Behavioural</strong>: Agitation, excessive crying, irritability, crankiness, self-harm, or social isolation</li>    <li><strong>Sleep</strong>: early awakening, excess sleepiness, insomnia, or restless sleep, not feeling refreshed after sleeping and difficulty getting out of bed</li>    <li><strong>Whole body</strong>: excessive hunger, loss of appetite, fatigue and tiredness, restlessness and constipation</li>  <li><strong>Cognitive</strong>: lack of concentration,<a href=\"https://yourdost.com/blog/2016/06/hacks-to-improve-memory.html?yd_source=HubSpoke&amp;yd_medium=InternalLinking&amp;yd_content=Depression&amp;yd_campaign=\"> trouble with memory</a>, making decisions, slowness in thought, or thoughts of suicide and lack of interest</li>   <li><strong>Social</strong>: Isolation or avoiding engaging with people, low self-confidence and low self-esteem</li>   <li><strong>Psychological</strong>: depression or repeatedly going over thoughts, thoughts about self-harm, death or suicide</li>   <li><strong>Pain</strong>: Especially in areas such as the back or headaches or other pains that have no physical causal explanations</li>  <li><strong>Other common factors</strong>: Alcohol, narcotics or other substance use and abuse, or an already existing medical condition</li></ol><p>Not everyone who is depressed, experience all the symptoms mentioned above. Some may experience just a few, while others may experience a gamut of them. Your doctor may diagnose you with&nbsp;<a href=\"http://www.webmd.com/depression/guide/major-depression\">major depression</a>&nbsp;if you have five or more of these symptoms on most days for a minimum of 2 weeks or longer. At least one of the symptoms must be a depressed mood or loss of interest in activities. A diagnosis can be ruled out if these symptoms follow any kind of substance ingestion, a clinical diagnosis of other mood disorder diagnosis.</p><p>The development of a major depressive disorder is invariably seen to coincide with but not restricted to a diagnosis of a terminal or a life-long disease such as cancer, diabetes or cardiac conditions. &nbsp;Other risk factors could include personal or a family history of depression, major life changes or trauma as well as certain medications.</p>"
            },
            {
                "title": "Treatment for Major Depression",
                "content": "<p>As opposed to popular belief, depression is not a sign of weakness and one cannot be expected to &ldquo;snap out of it at will&rdquo; either. Treatment often times takes place over a long period of time and may include either one or a combination of medication and therapy.</p>"
            }
        ]
    }
}