{
    "h1": {
        "title": "Postpartum Depression",
        "metaTitle": "Postpartum Depression (PPD) | Symptoms & Treatment",
        "metaDescription": "Read to know more about PPD, its symptoms & best ways to treat it which includes psychotherapy, medication & more",
        "bannerImg": "https://d1hny4jmju3rds.cloudfront.net/hubs_and_spokes_images/depression/Depression.png",
        "bannerH1": "Don't let depression consume you, help is available",
        "bannerH2": "Talk to our experts now!",
        "h2": [
            {
                "title": "What is Postpartum Depression?",
                "content": "<p>Postpartum depression is the depression that some women experience after childbirth, stillbirth or miscarriage, due to the change in hormone levels in her body. It must be distinguished from &lsquo;<a href=\"http://americanpregnancy.org/first-year-of-life/baby-blues/\">baby blues</a>&rsquo; which lasts for a couple of weeks after child birth and disappears. Postpartum depression is a serious condition that requires medical attention and care.&nbsp; In some cases, postpartum depression could lead to postpartum psychosis, which is a severe form of depression. Postpartum psychosis demands immediate medical attention, since it puts the lives of the mother and those around the mother in danger.</p><p>A mother is at greater risk of contracting postpartum depression if she has been diagnosed with postpartum depression during previous pregnancies, has depression and does not get support and love from those around her during this life altering phase. A mother is at greater risk of developing postpartum psychosis if anyone in the family suffers from bipolar.</p><p>Postpartum depression typically starts a day or two after the delivery of the child, but it may start anytime up to 6 months from delivery. The <a href=\"https://yourdost.com/blog/2016/07/battling-postpartum-depression.html?yd_source=HubSpoke&amp;yd_medium=InternalLinking&amp;yd_content=Depression&amp;yd_campaign=\">mother could also develop postpartum depression</a> after the &lsquo;baby blues&rsquo; have disappeared.</p>",
                "imgUrl": "https://d1hny4jmju3rds.cloudfront.net/hubs_and_spokes_images/depression/Postpartum+Depression.jpg",
                "altImage": "Postpartum Depression"
            },
            {
                "title": "Symptoms of Psychotic Depression",
                "content": "<ol><li>Delusions</li><li>Hallucinations</li><li>Anxiety</li><li>Agitation and restlessness</li><li>Insomnia</li><li>Difficulty in concentrating, memory loss, difficulty in retaining information</li></ol><p>There could be physical symptoms like constipation and muscle ache and headaches too.</p>"
            },
            {
                "title": "Postpartum Depression Treatment",
                "content": "<p>Postpartum depression is generally treated with psychotherapy or medication or both.</p><ol> <li><strong>Psychotherapy</strong>: Psychotherapy, also called talk therapy, is where the new mother can talk out about her feelings and worries with a trained mental health professional. Becoming part of a support group, where a mother can find other new mothers who have the same concerns, can also help.</li> <li><strong>Medication</strong>: The medication are generally antidepressants. However, caution must be exercised if the mother is breastfeeding as the antidepressants, if enter the child&rsquo;s body, must not cause any reactions.</li>    <li><strong>Electroconvulsive Therapy (ECT)</strong>: In severe cases, like postpartum psychosis, electroconvulsive therapy is administered. It is a process where small amounts of shocks are administered to the brain to produce brain waves to those produced during a seizure. The chemical changes that occur in the body as a result of the electric currents, helps fighting the feelings of psychosis and depression.&nbsp; However, ECT could interfere with breastfeeding and hence should be administered only in severe cases, as per the advice of a doctor.</li></ol>"
            }
        ]
    }
}