{
    "h1": {
        "title": "Psychotic Depression",
        "metaTitle": "What is Psychotic Depression | Symptoms & Treatment",
        "metaDescription": "Psychotic Depression means a person has symptoms of both psychosis & depression. Know more about its symptoms & treatment",
        "bannerImg": "https://d1hny4jmju3rds.cloudfront.net/hubs_and_spokes_images/depression/Depression.png",
        "bannerH1": "Don't let depression consume you, help is available",
        "bannerH2": "Talk to our experts now!",
        "h2": [
            {
                "title": "What is Psychotic Depression?",
                "content": "<p>As the name suggests, a person who suffers from psychotic depression has symptoms of both psychosis and depression. Psychotic depression is a subset of major depression, when there is a depressive disorder, with psychotic symptoms.</p><p>A psychotic person is a person who is out of touch with reality. They may have strange and illogical ideas about something. The psychosis can be hallucinations (hearing voices telling you that you are no good or worthless), and delusions (intense and overwhelming feelings of worthlessness, failure or having committed a sin). The person suffering from psychotic depression may think that others can hear their thoughts or they are trying to harm them. He may even be convinced that he may have been possessed by a devil or the police are trying to find him for a crime, which in reality, he did not commit. It&rsquo;s been seen that psychotic depression affects roughly 1 out every 4 persons being admitted for depression treatment.</p><p>A person with psychotic depression may get very upset or enraged, for no apparent reason, or a very silly reason. People with schizophrenia usually experience psychotic depression. The difference between psychotic depression and schizophrenia is that&nbsp;in psychotic depression the psychotic thoughts are all in line with depressive thoughts, while in schizophrenia they are very bizarre and random. People suffering from psychotic depression may be ashamed of their thoughts and feelings and may try to hide it from people. This makes its diagnosis even more difficult.</p><p>Having psychotic depressive episodes increases the chances of developing <a href=\"https://yourdost.com/blog/2015/11/bipolar-disorder-causes-symptoms-and-tips.html??yd_source=HubSpoke&amp;yd_medium=InternalLinking&amp;yd_content=Depression&amp;yd_campaign=\">bipolar disorder</a> and could also lead to suicidal behavior.</p>",
                "imgUrl": "https://d1hny4jmju3rds.cloudfront.net/hubs_and_spokes_images/depression/Psychotic+depression.jpg",
                "altImage": "Psychotic Depression"
            },
            {
                "title": "Symptoms of Psychotic Depression",
                "content": "<ol><li>Delusions</li><li>Hallucinations</li><li>Anxiety</li><li>Agitation and restlessness</li><li>Insomnia</li><li>Difficulty in concentrating, memory loss, difficulty in retaining information</li></ol><p>There could be physical symptoms like constipation and muscle ache and headaches too.</p>"
            },
            {
                "title": "Treatment for Psychotic Depression",
                "content": "<p>Psychotic depression is typically treated in a hospital setting, as a hospital setting allows for constant supervision of the patient. Antidepressants and anti-psychotic medication are used to stabilize the patient&rsquo;s emotions.</p><p>Antipsychotic drugs are drugs that influence communication of neurotransmitters to nerve cells in areas of the brain that regulate our ability to perceive and organize information about things around us. There are a number of antipsychotic, or neuroleptic, medications commonly used today, including risperidone, olanzapine, quetiapine, aripiprazole, ziprasidone, and asenapine. While most of these drugs have side effects, the side effects can be treated when taken under doctor&rsquo;s prescription</p>"
            },
            {
                "title": "Does Treatment for Psychotic Depression Always Work?",
                "content": "<p>Treatment available for psychotic depression is quite effective. People are able to recover from it usually with a few months. But doctors may advise a continual medical follow up as it may be necessary. If the medication does not work to end the psychosis depression, the doctors may recommend <a href=\"http://www.mayoclinic.org/tests-procedures/electroconvulsive-therapy/basics/definition/prc-20014161\">Electroconvulsive therapy</a> commonly known as (ECT). It is therefore very important for the patient to work with the doctors to find the most effective drugs which would have the least side effect on the patient. As psychotic depression is quite serious, there is a greater risk of suicide.</p>"
            }
        ]
    }
}