{
    "h1": {
        "title": "Seasonal Affective Disorder (SAD)",
        "metaTitle": "Seasonal Affective Disorder | Causes, Symptoms & Treatment",
        "metaDescription": "SAD, also known as winter, summer or seasonal depression. Read to know more about its causes, symptoms & right time to take the treatment",
        "bannerImg": "https://d1hny4jmju3rds.cloudfront.net/hubs_and_spokes_images/depression/Depression.png",
        "bannerH1": "Don't let depression consume you, help is available",
        "bannerH2": "Talk to our experts now!",
        "h2": [
            {
                "title": "Introduction",
                "content": "<p>Seasonal affective disorder (SAD), also known as <strong>winter depression, winter blues, summer depression, summertime sadness, or seasonal depression</strong>, is a mood disorder subset in which people who has normal mental health throughout most of the year experience depressive symptoms at the same time each year, most commonly in the winter.</p>",
                "imgUrl": "https://d1hny4jmju3rds.cloudfront.net/hubs_and_spokes_images/depression/Seasonal+Affective+Disorder.jpg",
                "altImage": "Seasonal Affective Disorder"
            },
            {
                "title": "Symptoms of SAD",
                "content": "<p>In general, people may experience:</p><ol>   <li>Mood: anger, anxiety, apathy, general discontent, hopelessness, inability to feel pleasure, loneliness, loss of interest, mood swings, or sadness</li>  <li>Whole body: appetite changes, excessive hunger, fatigue, loss of appetite, or restlessness</li> <li>Sleep: excess sleepiness, insomnia, or sleep deprivation</li>   <li>Behavioural: crying, irritability, or social isolation</li> <li>Psychological: depression or repeatedly going over thoughts</li>    <li>Weight: weight gain or weight loss</li> <li>Also common: <a href=\"https://yourdost.com/blog/2015/04/want-to-improve-concentration-a-simple-change-in-habits-can-make-a-big-difference-2.html?yd_source=HubSpoke&amp;yd_medium=InternalLinking&amp;yd_content=Depression&amp;yd_campaign=\">lack of concentration</a></li></ol>"
            },
            {
                "title": "Causes of SAD",
                "content": "<p>The specific cause of seasonal affective disorder remains unknown. Some factors that may come into play include:</p><ol> <li><strong>Your biological clock (circadian rhythm).</strong> The reduced level of sunlight in fall and winter may cause winter-onset SAD. This decrease in sunlight may disrupt your body&#39;s internal clock and lead to feelings of depression.</li>   <li><strong>Serotonin levels. </strong>A drop in serotonin, a brain chemical (neurotransmitter) that affects mood, might play a role in SAD. Reduced sunlight can cause a drop in serotonin that may trigger depression.</li>   <li><strong>Melatonin levels. </strong>The change in season can disrupt the balance of the body&#39;s level of melatonin, which plays a role in sleep patterns and mood.</li></ol>"
            },
            {
                "title": "Treatment of SAD",
                "content": "<p>It can be treated by consulting any medical professional. It resolves within months. Treatment includes light therapy (phototherapy), talk therapy and medications.</p><p><strong>When to see a doctor?</strong></p><p>It&#39;s normal to have some days when you feel down. But if you feel down for days at a time and you can&#39;t get motivated to do activities you normally enjoy, see your doctor. This is especially important if your sleep patterns and appetite have changed or if you feel hopeless, think about suicide, or turn to alcohol for comfort or relaxation.<br /><br />Take signs and symptoms of seasonal affective disorder seriously. As with other types of depression, SAD can get worse and lead to problems if it&#39;s not treated. These can include:</p><ul>  <li>Suicidal thoughts or behavior</li>  <li>Social withdrawal</li>  <li>School or work problems</li>    <li>Substance abuse</li></ul><p><strong>Lifestyle &amp; Home Remedies</strong></p><p>Treatment includes light therapy (phototherapy), talk therapy and medications. Here are some of the home remedies that can be done for SAD:</p><ol>    <li><strong>Make your environment sunnier and brighter:</strong>&nbsp;Open blinds, trim tree branches that block sunlight or add skylights to your home. Sit closer to bright windows while at home or in the office.</li>  <li><strong>Get outside:</strong>&nbsp;Take a long walk, eat lunch at a nearby park, or simply sit on a bench and soak up the sun. Even on cold or cloudy days, outdoor light can help.</li><li><strong>Exercise regularly:&nbsp;</strong>Exercise and other types of physical activity help relieve stress and anxiety, both of which can increase SAD symptoms.</li><li><strong>Mind-body therapies</strong> that may help relieve depression symptoms include:</li></ol><ul style=\"margin-left:40px\"><li>Acupuncture</li><li>Yoga</li><li>Meditation</li><li>Guided imagery</li><li>Massage therapy</li></ul>"
            }
        ]
    }
}