{
    "h1": {
        "title": "Depression treatment",
        "metaTitle": "Effective Treatments to deal with Depression | YourDOST Articles",
        "metaDescription": "Read to know about the how to overcome depression & the best treatements that can be taken for it",
        "bannerImg": "https://d1hny4jmju3rds.cloudfront.net/hubs_and_spokes_images/depression/Depression.png",
        "bannerH1": "Don't let depression consume you, help is available",
        "bannerH2": "Talk to our experts now!",
        "h2": [
            {
                "title": "",
                "content": "<p>Depression is a serious mental illness commonly seen in today&rsquo;s world. The life has become so fast that we face stress in our day to day life. We hardly get time to relax ourselves and too much of strain leads to depression. There are lot of factors that causes depression. It could be because of family, career, death of a dear one, financial crisis, health issues, <a href=\"https://yourdost.com/blog/2015/11/breakup-not-the-end-of-the-world.html?yd_source=HubSpoke&amp;yd_medium=InternalLinking&amp;yd_content=Depression&amp;yd_campaign=\">break ups</a>, marriage issues, and every such factor where a person feel helpless or overcome the situation. Earlier it was worst when depression was never diagnosed and was treated as a state of mind. Fortunately, now it is promptly identified, and people do believe that it is something to be taken care of in the early stages itself.</p><p>Depression makes a person feel very low which affects their thoughts, behaviours, feelings, emotions and Physical health. Thus depending upon the severity of depression, duration and its symptoms makes the therapist decide about the sequence of treatments and therapies needed for the client. Few ways to overcome depression are as follows:</p><ol> <li><strong>Show the willingness to change</strong></li></ol><p style=\"margin-left: 40px;\">Depression makes a person feel hopeless, and they try to over generalize that they will never be able to come out of it. To overcome depression, action is needed. A person need to show effort to come out of it. This can be achieved by staying focus and setting small term goals. For e.g. doing something that they like, could be any small thing, like going for a walk or listening music, or watching a favourite movie. It requires lot of patience and self-accomplishment.</p><ol start=\"2\">    <li><strong>Socialise more</strong></li></ol><p style=\"margin-left: 40px;\">Depression usually brings a feeling of guilt, dejection and shame with it. It makes a person withdraw himself from the world and stay in isolation. They feel it is the best way to come out of depression. But it is wrong, as social support is really essential to overcome depression. The more we meet people and socialise, the better we can change our mood and get a positive outlook towards life. Talking to a friend or relative who cares and listens to us, will make us feel better and light. If they are not available face to face, then social media, texting, chatting or calling them up also makes a person feel better and recover soon.</p><ol start=\"3\">    <li><strong>Start exercising</strong></li></ol><p style=\"margin-left: 40px;\">Exercise is a powerful depression fighter. A person in depression should start exercising everyday as it helps him to be active and away from negative thoughts. Though it is not easy to exercise when a person is depressed or exhausted, but yes if he gives a try, it brings a good amount of energy and thus reduce fatigue. Just 30 minutes of exercise is also beneficial. Even few rhythmic exercises like walking, jogging, dancing, swimming, playing outdoor games will also be very beneficial. It is good to concentrate on our movement and breathing when we do such exercises because it helps to overcome obsessed negative thoughts by focusing our attention to our movement and breathing patterns.</p><ol start=\"4\">  <li><strong>Pamper yourself</strong></li></ol><p style=\"margin-left: 40px;\">Do things that you love to do. Dress up nicely, go out for shopping, listen to music, plan a trip, meet friends. It is surprisingly true that a person actually feels better when they come out and feel the world back as they used to do it before. Start to love yourself, go for a spa, get a nice hair cut or a head massage. It really makes you feel better and makes you realise that you do exist.</p><ol start=\"5\">   <li><strong>Proper diet</strong></li></ol><p style=\"margin-left: 40px;\"><strong>​​​​​​​​​​​​​​</strong>When a person is depressed, they tend to skip the meal. Remember, food gives energy, and energy is required to overcome depression. Aim to eat something at least every three to four hours as long gaps between food makes a person feel tired and moody. Maintain mood boosting diet too, for e.g.&nbsp; eggs, green leafy vegetables, citrus fruits, chicken are good in B Complex Vitamins. Thus, it helps to boost mood and reduce depression.</p><ol start=\"6\">    <li><strong>Good sleep</strong></li></ol><p style=\"margin-left: 40px;\"><strong>​​​​​​​​​​​​​​​​​​​​​</strong>Depression typically affects our sleeping patterns. We either tend to sleep for too long or too short. This in turn, affects our mood. So aiming at least eight hours of sleep is ideal. Sunlight is also important to boost your mood. So try sitting in sunlight for at least 10 minutes a day. Yoga, meditation and proper breathing exercises help to relax our mind. Once mind is relaxed and in peace, sleeping patterns tend to become normal. So these are really beneficial during depression.</p><ol start=\"7\">  <li><strong>Challenge negative thoughts</strong></li></ol><p style=\"margin-left: 40px;\"><strong>​​​​​​​​​​​​​​​​​​​​​</strong>There are lot of negative thoughts that comes in mind when we are depressed. The way we feel actually reflects the reality. If we feel we are losers and good for nothing, then it will be reflected in our behaviour. It is very important to come out of negative thoughts and challenge ourself that it is just the depression that makes us feel so. In reality we have calibre and capabilities to do well and achieve what we want to achieve.</p><ol start=\"8\">    <li><strong>Taking professional help</strong></li></ol><p style=\"margin-left: 40px;\"><strong>​​​​​​​​​​​​​​​​​​​​​</strong>It may happen that after trying so much, still a person feels that they are unable to come out of their situation. In such cases, it is advised to seek a profession <a href=\"https://yourdost.com?yd_source=HubSpoke&amp;yd_medium=InternalLinking&amp;yd_content=Depression&amp;yd_campaign=\">help from a counsellor or a Psychologist</a>. They are professionally trained to deal with such situations and according to the severity of the problem; they will have sessions for therapies. This help a person to overcome depression and get a soon recovery.</p>",
                "imgUrl": "https://d1hny4jmju3rds.cloudfront.net/hubs_and_spokes_images/depression/Depression+treatement.jpg",
                "altImage": "Depression treatment"
            }
        ]
    }
}