{
	"1" : {
		"c1" : "<p>Overall, you feel a child-like security within you; and enjoy the company of an older wiser person. Your personality can have two facets - quietness within self and a warm intense depth overseeing the magnitude of life.</p>",
		"c2" : "<p>Overall, you feel a youthful zest in you. You fulfill the purpose of your life by either being with and learning from those you respect, or even taking up your personal fight with full command! Although you respect authority figures who command (not demand), there is an initiative and command in your self.</p>",
		"c3" : "<p>Overall you are at a life-stage where you have many choices and you need to make decisions. Your internal quest is to decide - whether to make your own legacy, or to follow the footprints of the already carved paths.</p>"
	},
	"2" : {
		"c1" : "<p>Life has offered multiple dimensions to your functioning. You are managing many roles and are able to weave your roles well.  Your search is to find your center and decide what you want for yourself, beyond taking responsibility.</p>",
		"c2" : "<p>You have been able to align your priorities. You seem to be dealing with many responsibilities and many things need to be decided and executed yet. There is too much action and at times you swing into different directions.</p>",
		"c3" : "<p>Your life is centered and your priorities are aligned well. You feel life moving at a steady pace. You growth in gradual, slow but there is overall development - emotionally, intellectually as well as socially.</p>"
	},
	"3" : {
		"c1" : "<p>You are a private person and seek energy from the sounds of nature and your own heartbeat. You are an admirer of God's creations and feel free in your spirit. Day dreaming and being on your own gives you immense pleasure. You enjoy movement and travelling. You admire adventure and new places and experiences. You prefer experiencing your world and connecting with nature and yourself.</p>",
		"c2" : "<p>You are an admirer of man and his intellect. You derive energy from people and movement. You are strong and feel on top of situations. You appreciate largeness, yet are grounded and take responsibility. You look outwards for inspiration. Information and interaction are your key strengths. You relish life in an intellectual flavor in comparison to an experiential flavor. You are quiet and enjoy the way your mind thinks and relates to ideas. You are content within the world of experience your mind creates.</p>",
		"c3" : "<p>You are a family person and derive energy from your near and dear ones. You are hard-working and conventional. You like movement and speed, yet are stable, secure and grounded. You respect your space and prefer being with your loved ones. You admire indoors and look inwards to draw strength. You enjoy physical exercise and adventure. You appreciate both - the effort as well as the adventure.</p>",
		"c4" : "<p>You reflect many facets of your personality. You are flexible and find right balance in your internal world as well as your surroundings. You enjoy physical as well as intellectual experiences. You enjoy space and feel equally comfortable in other people's company. You are hard working on one hand, and on the other hand like your flights of fancy.</p>"
	},
	"4" : {
		"c1" : "<p>Emotionally you feel overwhelmed and experience emotions at intense levels. You find yourself dealing with too many situations that you have to handle or confront. You find yourself on your own in darker moments and go all out partying and celebrating during happier emotions. You prefer proximity with people and have high expectations from others. Introspection and communication can help you handle stress and take right decisions. Trust yourself and communicate your inner feelings more often to people you trust.</p>",
		"c2" : "<p>Emotionally you are handling many situations. Life feels like a struggle, at least in your mind. On the brighter side, you function in groups and prefer teamwork. This tendency helps you reach out when you are in emotional turmoil. You are a family person and enjoy experiencing intimacy with loved ones. You are trusting and seek answers from your environment and other people's experience; then relate them to your own life. You don't blindly imitate. Celebrate life and your achievements more often.</p>",
		"c3" : "<p>During emotional turmoil you feel lonely and stranded. You withdraw into your sweet spot and prefer quiet recovery. Emotionally you are a very private person. You permit yourself the experiencing of feelings within yourself. You seek internal strength and answers. You believe in yourself and can gather yourself in a while, even if you feel scattered. You can close your eyes and be content on good days. Your feelings need expression to someone you feel will understand you.</p>",
		"c4" : "<p>You have different ways of experiencing and expressing emotions depending on your mood or the situations. At times you prefer quiet recovery and other times you work with group energy or teams. At times you reach out to people, at times you withdraw into your own world. Introspection would help you find your center and your strengths</p>"
	}

}