[{
	"title"  : "I connect most with...",
	"images" : ["https://d1hny4jmju3rds.cloudfront.net/personality_test/Q1-img1.png", "https://d1hny4jmju3rds.cloudfront.net/personality_test/Q1-img2.png", "https://d1hny4jmju3rds.cloudfront.net/personality_test/Q1-img3.png"]
},
{
	"title"  : "I connect most with...",
	"images" : ["https://d1hny4jmju3rds.cloudfront.net/personality_test/Q2-img1.png", "https://d1hny4jmju3rds.cloudfront.net/personality_test/Q2-img2.png", "https://d1hny4jmju3rds.cloudfront.net/personality_test/Q2-img3.png"]
},
{
	"title"  : "The place I connect most to...",
	"images" : ["https://d1hny4jmju3rds.cloudfront.net/personality_test/Q3-img1.png", "https://d1hny4jmju3rds.cloudfront.net/personality_test/Q3-img2.png", "https://d1hny4jmju3rds.cloudfront.net/personality_test/Q3-img3.png"]
},
{
	"title"  : "The animal I connect most to...",
	"images" : ["https://d1hny4jmju3rds.cloudfront.net/personality_test/Q4-img1.png", "https://d1hny4jmju3rds.cloudfront.net/personality_test/Q4-img2.png", "https://d1hny4jmju3rds.cloudfront.net/personality_test/Q4-img3.png"]
},
{
	"title"  : "The possession I connect most to...",
	"images" : ["https://d1hny4jmju3rds.cloudfront.net/personality_test/Q5-img1.png", "https://d1hny4jmju3rds.cloudfront.net/personality_test/Q5-img2.png", "https://d1hny4jmju3rds.cloudfront.net/personality_test/Q5-img3.png"]
},
{
	"title"  : " The activity I connect most to...",
	"images" : ["https://d1hny4jmju3rds.cloudfront.net/personality_test/Q6-img1.png", "https://d1hny4jmju3rds.cloudfront.net/personality_test/Q6-img2.png", "https://d1hny4jmju3rds.cloudfront.net/personality_test/Q6-img3.png"]
},
{
	"title"  : "When I am angry I feel I find myself in...",
	"images" : ["https://d1hny4jmju3rds.cloudfront.net/personality_test/Q7-img1.png", "https://d1hny4jmju3rds.cloudfront.net/personality_test/Q7-img2.png", "https://d1hny4jmju3rds.cloudfront.net/personality_test/Q7-img3.png"]
},
{
	"title"  : "When I am sad I feel I find myself in... ",
	"images" : ["https://d1hny4jmju3rds.cloudfront.net/personality_test/Q8-img1.png", "https://d1hny4jmju3rds.cloudfront.net/personality_test/Q8-img2.png", "https://d1hny4jmju3rds.cloudfront.net/personality_test/Q8-img3.png"]
},
{
	"title"  : "When I am happy I find myself in...",
	"images" : ["https://d1hny4jmju3rds.cloudfront.net/personality_test/Q9-img1.png", "https://d1hny4jmju3rds.cloudfront.net/personality_test/Q9-img2.png", "https://d1hny4jmju3rds.cloudfront.net/personality_test/Q9-img3.png"]
},
{
	"title"  : "When I am confused I find myself...",
	"images" : ["https://d1hny4jmju3rds.cloudfront.net/personality_test/Q10-img1.png", "https://d1hny4jmju3rds.cloudfront.net/personality_test/Q10-img2.png", "https://d1hny4jmju3rds.cloudfront.net/personality_test/Q10-img3.png"]
}]