{
	"Blue" :{
			"1":["> Become more confident and trust my own decisions"],
			"2":["> Become more focused and attentive"],
			"3":["> Become more emotive rather than supressing emotions"]
	},
	"Gold" :{
			"1":["> Become more productive and motivated"],
			"2":["> Should start dealing with my worries instead of cribbing"],
			"3":["> Become more confident and trust my own decisions"]
	},
	"Orange" :{
			"1":["> Become more organised and structured"],
			"2":["> Should start channelizing my energy/emotions better"],
			"3":["> Should start looking at competition positively and deal with it"]
	},
	"Green" :{
			"1":["> Should start dealing with my mistakes constructively"],
			"2":["> Become more confident and trust my own decisions"],
			"3":["> Become more emotive rather than supressing emotions"]
	}

}