{
	
	"1" :	{
				"0" : ["Here is a set of four options with words in each box.", "Start with selecting the one that's most like you."],
				"1" : ["Great! Now, of the remaining three, select the option that describes you best."],
				"2" : ["Excellent. Now we're left with two options.", "Pick the one that describes you closest. The remaining box, therefore, resembles you the least."]
			},

	"2" : 	{
		  		"0" : ["Here is another set of four options. We'll proceed in a similar manner.", "Start with selecting the option that's most like you."],
				"1" : ["Great! You know the drill now.","Of the remaining three, select the one that describes you best."],
				"2" : ["From the remaining two, pick the one that describes you closest.", "The remaining box, therefore, resembles you the least."]	
		  	},

	"3"	:   {
				"0" : ["Here's the next set of options.", "Select the option that resembles you the most."],
				"1" : ["Got it. Select the next option that describes you best."],
				"2" : ["Now pick the next option that describes you best.", "The remaining option, therefore, resembles you the least."]
			},

	"4"	:   {
				"0" : ["Here's another set.", "Pick the one that resembles you the most."],
				"1" : ["Select the next option that describes you best."],
				"2" : ["Now pick the next option that describes you best.", "The remaining option, therefore, resembles you the least."]	
			},

	"5" :   {
				"0" : ["Great! Just this final set to go now!", "Pick the one that resembles you the most."],
				"1" : ["Select the next option that describes you best."],
				"2" : ["Now pick the next option that describes you best.", "The remaining option, therefore, resembles you the least."]		
			}
	
}