{
	
	"1" :	[	
				{
					"key" : "A",
					"option" : ["active", "opportunistic", "spontaneous"]
				},
				{
					"key" : "B",
					"option" : ["parental", "traditional", "responsible"]
				},
				{
					"key" : "C",
					"option" : ["authentic", "harmonious", "compassionate"]
				},
				{
					"key" : "D",
					"option": ["versatile", "inventive", "competent"]
				}
			],

	"2" : 	[
		  		{
					"key" : "E",
					"option" : ["curious", "conceptual", "knowledge"]
				},
				{
					"key" : "F",
					"option" : ["unique", "empathetic", "communicative"]
				},
				{
					"key" : "G",
					"option" : ["practical", "sensible", "dependable"]
				},
				{
					"key" : "H",
					"option": ["competent", "impetuous", "impactful"]
				}
		  	],

	"3"	:   [
				{
					"key" : "I",
					"option" : ["loyal", "conservative", "organized"]
				},
				{
					"key" : "J",
					"option" : ["devoted", "warm", "poetic"]
				},
				{
					"key" : "K",
					"option" : ["realistic", "open minded", "adventurous"]
				},
				{
					"key" : "L",
					"option": ["theoretical", "seeking", "ingenious"]
				}
			],

	"4"	:   [
				{
					"key" : "M",
					"option" : ["concern", "procedural", "cooperative"]
				},
				{
					"key" : "N",
					"option" : ["daring", "impulsive", "fun" ]
				},
				{
					"key" : "O",
					"option" : ["tender", "inspirational", "dramatic"]
				},
				{
					"key" : "P",
					"option": ["determined", "complex", "composed"]
				}
			],

	"5" :   [
				{
					"key" : "Q",
					"option" : ["philosophical", "principled", "rational"]
				},
				{
					"key" : "R",
					"option" : ["vivacious", "affectionate", "sympathetic"]
				},
				{
					"key" : "S",
					"option" : ["exciting", "courageous", "skilfull"]
				},
				{
					"key" : "T",
					"option": ["orderly", "conventional", "caring"]
				}
			]
	
}