{
    "h1": {
        "title": "Importance of Mental Health",
        "metaTitle": "Why is Mental Heath as Important as Physical Health",
        "metaDescription": "We all are more cautious about physical health & less about mental health. Read to know why is mental health health also is very vital",
        "bannerImg": "https://d1hny4jmju3rds.cloudfront.net/hubs_and_spokes_images/counselling/counseling.png",
        "bannerH1": "Don't let depression consume you, help is available",
        "bannerH2": "Talk to our experts now!",
        "h2": [
            {
                "title": "",
                "content": "<p>Mental health is a state of mind where a person is good enough to cope up with normal stresses of life. He can realise his potential to lead his life productively and fruitfully and also contribute to his community. Thus, it is very important for a person to have a mentally healthy state so that he can live his life to the fullest. Unfortunately, there is still a stigma attached towards seeking professional help for mental and emotional health issues. For e.g. If a person has any health issues like diabetes or blood pressure, then he will take the medication, but when it comes to his mind, there will be a&nbsp;lot of stigma behind it. A person needs to understand that being healthy is not just absence of sickness, it is actually complete well-being of an individual physically, mentally and socially.</p><p>Mental health disorders are more common in young people that interfere with the way they think, feel and act. When untreated, mental health disorders can lead to a&nbsp;lot of issues like school failure, family conflicts, drug abuse, violence and even suicide. Still, fewer than 1 out of 5 children seek professional help for mental disorders <a href=\"http://www.ncbi.nlm.nih.gov/books/NBK20369/\">according to studies</a>. Thus, it is very important to take help for mental health disorders as soon as possible.</p>",
                "imgUrl": "https://d1hny4jmju3rds.cloudfront.net/hubs_and_spokes_images/mental_health/Importance+of+Mental+health.jpg",
                "altImage": "Importance of Mental Health"
            },
            {
                "title": "Signs of Mental Health Issues",
                "content": "<p>There are few warning signs which can be taken care of to find if a child or adolescent is facing any mental health issues.</p><ul><li>Feeling of helplessness, sadness, and hopeless for no reason, and these feelings don&rsquo;t tend to go away.</li><li>Anger issues most of the time, leading to crying a lot and overreacting to things.</li> <li>Low self-esteem or feeling guilty.</li> <li>Anxiety issues most of the time.</li><li>Unable to get over a loss or death of someone important.</li><li>Extremely fearful or having unexplained fears.</li>   <li>Constantly concerned about physical problems or physical appearance.</li>   <li>Frightened that his or her mind is either being controlled or is out of control.</li></ul><p>If these signs are ignored then, the child or adolescent can involve in other negative and dangerous things like, alcohol and drug abuse, constantly breaking the law or violating the rights, doing things that could be life threatening, and other violent acts like killing or hurting animals. Thus, it is to be kept in mind that mental health problems can be recognised and treated with the support of professionals, communities, and caring families.</p>"
            },
            {
                "title": "Points to be kept in mind",
                "content": "<p>Five important things to keep it in mind when it comes to our mental health&nbsp;are:</p><ol>    <li><strong>Better physical health:&nbsp;</strong>mind and body have a very strong connection. Whenever we are not physically well, we don&rsquo;t tend to enjoy doing things, even talking with our friends and family also. This, in turn, brings stress, <a href=\"http://yourdost.com/depression?yd_source=HubSpoke&amp;yd_medium=InternalLinking&amp;yd_content=MentalHealth&amp;yd_campaign=\">depression</a>, and anxiety. Just as physical health problems can lead to mental distress, mental health disorders can impair physical health (for example, sleep disturbances, headaches, or impairing immune function). Usually, when we go to a doctor saying we are unwell, he tends to focus on physical problems and ignores that there could be mental health issues too. Thus, the problem of illness continues. However, now when mental health problems are considered a threat and are addressed, many patients report improvements in their physical health.</li>  <li><strong>Improved productivity and financial stability:&nbsp;</strong>individuals with untreated mental health disorders may face significant economic struggles. In a 2003 survey by the National Alliance on Mental Illness, more than 70 percent of those with mental illness had an annual income of $20,000 or less, and 20 percent lived on just $5,000 per year. Similarly, a study in the American Journal of Psychiatry found that people suffering from a serious mental illness earned at least 40 percent less than people in good mental health. People with untreated psychiatric illnesses make up one-third of the homeless population and about 16 percent of the total inmate population.</li></ol><p style=\"margin-left: 40px;\">For those who are able to maintain employment, research shows a link between mental health disorders and reduced productivity. The World Health Organization reports that an estimated <a href=\"https://hbr.org/2015/12/employers-should-offer-free-screenings-for-depression\">200 million work days are lost</a> each year due to depression alone, and five out of the 10 leading causes of disability worldwide are mental health problems. People who struggle with anxiety and depression are more likely to take sick leave repeatedly and for long periods of time (over 90 days), according to a 2012 study by researchers at the Norwegian Institute of Public Health.</p><ol start=\"3\">   <li><strong>Less strain on the family: </strong>Mental illness not only affects individuals but families as well. It is usually seen that the children of people with mental illness do not receive much-needed support and are at greater risk for abuse and isolation. If this continues, then there are fair chances that they tend to seek mental health treatment of their own.</li></ol><p style=\"margin-left: 40px;\">Thus, if a person seeks mental health treatment if needed, then other family members will not be affected. Mental health disorders often lead to financial strain, job loss, relationship issues, which become stressful for other family members too. For this reason, recovery should be a process undertaken by the entire family so that both the individual and their loved ones learn new coping skills with everyday stress and lead a good social, physical and emotional life.</p><ol start=\"4\">   <li><strong>Avoidance of crime and victimization: </strong>Mental illness increases the chances of involving in violent acts. Sometimes they become victims themselves, for e.g. they tend to harm themselves or try to commit suicide. The condition worsens when they get involved in substance abuse like drugs and alcohol. They don&rsquo;t know what is actually wrong&nbsp;in&nbsp;them and thus the symptoms increase which makes them violent against their own family members or their loved ones. Other acts like stealing money, rapes, assaults, murders can be reduced if mental health is taken care of.</li>    <li><strong>A longer and happier life:</strong>&nbsp;caring for our own mind will not only give us a longer life, but a healthier and better life too. According to a 2012 study in the British Medical Journal, people with even mild mental health problems may have a lower life expectancy. Those with the highest levels of depression or anxiety had a risk of death that increased a whopping 94 percent, most often related to heart disease. Thus a person with even mild signs of anxiety or depression should take a move to improve the condition.</li></ol><p>There are awareness programs nowadays to educate people about different types of mental illness and issues related if it is left untreated. Educating the general public is important. It makes people aware of these mental health conditions and, in turn, hopefully, reduces the&nbsp;stigma attached to it. It may also help someone recognize the warning signs of a mental illness they, or a loved one, have been experiencing; thus leading them to seek a professional diagnosis and treatment.</p>"
            }

        ]
    }
}