{
    "h1": {
        "title": "Difference between Psychologist and Psychiatrist",
        "metaTitle": "Basic Difference between a Psychologist & Psychiatrist",
        "metaDescription": "Usually the terms psychologist & psychiatrist are confusing to people. Here is an article to know how these terms are differnt from each other",
        "bannerImg": "https://d1hny4jmju3rds.cloudfront.net/hubs_and_spokes_images/counselling/counseling.png",
        "bannerH1": "Don't let depression consume you, help is available",
        "bannerH2": "Talk to our experts now!",
        "h2": [
            {
                "title": "",
                "content": "<p>Many a times we get confused between a Psychologists and a psychiatrist. They both are actually mental health specialists who expertise in assessing and treating emotional and mental issues of a client. Though they both deal with the study of brain, emotions, feelings and thoughts, there is a distinct difference between the two fields of study.</p><ol><li><strong>Education: </strong>Both profession differs a lot in terms of education. Psychologists must obtain a PhD or PsyD doctoral degree after their graduation and master degree in psychology. Which may take five to seven years to earn a doctorate degree. Most of the states require two years of internship too for getting the licence of supervised practise. Internship helps them to understand the methods of treatment, different therapies and theories, analytical testing, psychological research, and other problem-solving techniques needed for the future cases they will be dealing with.</li></ol><p style=\"margin-left:32.15pt\">A Psychiatrists attend a graduate program to complete the medical degree from a medical school. There they are trained in general medicine. After earning an MD, they need to complete four years of residency training in psychiatry. It is usually practised at a hospital under the psychiatric unit with a variety of patient from all age group. Once they complete their residency, they need to pass exams to become a licenced medical doctor or a licenced psychiatrist. There are a number of specializations they can choose to practice in such as general psychiatry, child psychiatry, psychoanalyst, forensic psychiatry etc. A psychiatrist earns little more annually compared to psychologist because of the medical degree he holds.</p><ol start=\"2\"><li><strong>Focus: </strong>Psychology is the study of human behaviour. Psychologists focus on the causes and factors responsible for mental illness and other emotional and psychological difficulties a client is facing. It relates how a person&rsquo;s personality, thinking patterns, and environment affects his behaviour. They also reflect on their past and childhood experiences to solve a particular mental illness or disorder. Psychiatrists on the other hand, believes on the theory that any emotional problem or psychological disorder are the result of some abnormality or malfunctioning of the human body, such as a chemical imbalance. Thus, psychiatry has a more restricted diagnosis for any mental health condition.</li>   <li><strong>Treatment process:</strong> The ways of treating emotional problem or mental illness by both psychologist and psychiatrist are different. Psychologists are not allowed to prescribe medicine. They try to understand the root cause of the problem by using the &ldquo;talk therapy&rdquo;, where the client is told to speak about his thoughts and behaviour which is troubling them. The psychologist then tries to analyse the situation and the problem and helps the client to have a control over his thinking patterns and also teach them the coping skills to deal with a particular problem. Psychiatrists on the other hand, starts their treatment basically with case study and other mental status examination. They then diagnose the mental disorder in accordance with the criteria listed in the &nbsp;<a href=\"https://en.wikipedia.org/wiki/Diagnostic_and_Statistical_Manual_of_Mental_Disorders\" title=\"Diagnostic and Statistical Manual of Mental Disorders\">Diagnostic and Statistical Manual of Mental Disorders</a> and prescribe the medicines accordingly. It is believed that psychiatric medicines in combination with psychotherapy gives a better result for any psychiatric treatment.</li><li><strong>Referral process:</strong> A client for an appointment with a psychologist do not need any referral from the doctor.&nbsp; They can easily fix an appointment and go for the treatment. To see a psychiatrist, a referral from a doctor is required. There are lot of public health care systems who need not pay for most of the psychological services. Psychiatric services, on the other hand are covered by provincial health care, but unfortunately wait times can be as long as six months. Some people are also benefitted by consulting both psychologist and a psychiatrist who work together.</li></ol>",
                "imgUrl": "https://d1hny4jmju3rds.cloudfront.net/hubs_and_spokes_images/mental_health/psycholoogy+vs+psychiatry.jpg",
                "altImage": "Psychologists and Psychiatrists"
            }
        ]
    }
}