{
    "h1": {
        "title": "Psychotherapy",
        "metaTitle": "What is Psychotherapy & Different Types | YourDOST",
        "metaDescription": "Know more about psychotherapy, its different types used for treating mental ilness such as interpersonal therapy, conginitive behavioural therapy & so on",
        "bannerImg": "https://d1hny4jmju3rds.cloudfront.net/hubs_and_spokes_images/counselling/counseling.png",
        "bannerH1": "Don't let depression consume you, help is available",
        "bannerH2": "Talk to our experts now!",
        "h2": [
            {
                "title": "What is Psychotherapy?",
                "content": "<p>Many a times we feel low and tend to behave strangely. we don&rsquo;t know what&rsquo;s wrong with us, negative thoughts come into mind, life seems unfair. We just feel so helpless to come out of that condition. Such mental health conditions are treated by psychotherapy. It teaches us coping skills to take control of life and situations in a positive way. A person who is facing such mental health condition will seek help from the expert like Psychologist, psychiatrist, social worker, counsellor or other mental health provider, to come out of their problem. Thus, psychotherapy is a range of treatment given for mental health problems like depression, anxiety, bipolar disorders, addictions and many more.</p><p>Psychotherapy is also known as &ldquo;talking treatment&rdquo;, as it allows patient to talk more and more about their problem to the therapist, and not just prescribing medicines. The frequency and duration of the sessions needed for treatment, depend upon the severity of the problem. However, it is believed that psychotherapy works best with medication like <a href=\"https://yourdost.com/blog/2015/12/what-are-antidepressants.html?yd_source=HubSpoke&amp;yd_medium=InternalLinking&amp;yd_content=MentalHealth&amp;yd_campaign=\">anti-depressant</a> to solve a range of emotional, behavioural, and mental health issues.</p>",
                "imgUrl": "https://d1hny4jmju3rds.cloudfront.net/hubs_and_spokes_images/mental_health/psychotherapy.jpg",
                "altImage": "Psychotherapy"
            },
            {
                "title": "Types of Psychotherapy",
                "content": "<p>There are different approaches or types of psychotherapy used to treat mental disorders by resolving their problems, conflicts, stress, and anxiety the patient is going through. The approach which will be used, depends upon the situation of the individual.</p><ol> <li><strong>Psychodynamic approach: </strong>This approach focuses on self-awareness to find the root cause of a particular behaviour. It is also known as Insight oriented therapy as it helps a person to understand how past affects present behaviour. This theory believes that a person faces emotional problem because they suffer from some unresolved unconscious conflict within themselves. Such conflicts usually stem from childhood experiences and a person can cope with it only by talking about those experiences. It is a slow process and may take months and years to come out of the problem a client is facing.</li> <li><strong>Interpersonal approach: </strong>This approach focuses on interpersonal relationships. It focuses on how a person interact with others especially family members and friends. The behaviour of that person is observed and worked on. It is basically to motivate a person feeling low due to loss, social isolation, mourning, relationship conflicts, or other major life events. It helps them to <a href=\"https://yourdost.com/blog/2016/02/importance-of-communication-in-love.html??yd_source=HubSpoke&amp;yd_medium=InternalLinking&amp;yd_content=MentalHealth&amp;yd_campaign=\">improve </a><a href=\"https://yourdost.com/blog/2016/02/importance-of-communication-in-love.html??yd_source=HubSpoke&amp;yd_medium=InternalLinking&amp;yd_content=MentalHealth&amp;yd_campaign=\">on </a><a href=\"https://yourdost.com/blog/2016/02/importance-of-communication-in-love.html??yd_source=HubSpoke&amp;yd_medium=InternalLinking&amp;yd_content=MentalHealth&amp;yd_campaign=\">their communication skills</a> and self-esteem to get back to their normal life. Such sessions take around 3-4 months to work well, depending upon the severity of the problem.</li> <li><strong>Cognitive behavioural approach: </strong>It is based on an idea that our thought process determines how we behave. For instance, if we think we are not good enough for anything, then it will be shown in our behaviour. We will feel low, weak, helpless and will have low self-esteem. Such beliefs change a person emotional condition and their perception towards life.&nbsp; Thus, a therapist has to work on changing the pattern of inappropriate thoughts by encouraging different ways of viewing a situation by directing attention to both the &quot;wrong&quot; and &quot;right&quot; assumptions they make about themselves and others. It actually focuses on current thinking and communication patterns, rather than dwelling in the past.</li>   <li><strong>Family approach: </strong>This therapy is used when the problem is at the family context. For instance, if a person is facing marital problem, like fights and arguments with the spouse, in such situations family therapist tries to identify the family patterns and factors contributing to a particular behaviour. After it is identified, the therapist tries to break that negative pattern and habits by improving communication within the family. They learn new ways of listening patiently and ways to ask and respond to questions openly rather than defensively. Family therapy generally involves sessions with the client and the family, as a group, in couples, or one-to-one for discussions and problem solving.</li>  <li><strong>Group approach: </strong>In group therapy, clients are made to sit in groups of 6-12 members for sessions, where they discuss about their problems, observe how others tackle such situations, and give feedback on the same. Thus, this interactive session helps them to open up and remove the sense of isolation they were facing due to their problem. They feel that they are not alone facing this problem, there are others too. This brings a sense of confidence to fight with the situation and come out of it. It gives them support and help them to have a new perspective towards problem solving, which in turn helps them to improve and bring the much needed change.</li></ol>"
            }

        ]
    }
}