{
    "1"    :   {   
                        "c1" : "I fell sick too often",
                        "c2" : "I didn't learn anything new",
                        "c3" : "I kept running out of money",
                        "c4" : "Many failures that could have been avoided",
                        "c5" : "How unkind the world is becoming",
                        "c6" : "My social circle is small"
                    },
    "2"    :   {   
                        "c6" : "Living life to the fullest",  
                        "c3" : "Have a secured job",
                        "c4" : "Putting an end to procrastination",
                        "c5" : "Volunteering my time and energy to a cause that is close to my heart",
			"c2" : "Spending time on a new hobby",
             		"c1" : "Good physical and emotional health"           
                },        
    "3"    :   {   
                        "c3" : "Unnecesary and unplanned expenditures",
			"c1" : "Sickness, pain & hurt",
                        "c2" : "The assumption that ignorance is bliss",
                        "c5" : "Selfishness",
                        "c4" : "All the time I wasted being lazy",
                        "c6" : "Nothing, because everything is a learning experience"
                },       
    "4"    :   {   
                        "c1" : "A healthy routine",
                        "c2" : "More books in my reading shelf",
                        "c3" : "A couple of extra zeros on my paycheque",
                        "c4" : "More accomplished to-do lists",
                        "c5" : "Kindness",
                        "c6" : "A bucketlist"
                    },
    "5"    :   {   
                       
                        "c2" : "https://d1hny4jmju3rds.cloudfront.net/newYearSelfHelp/Guitar.png",
                        "c3" : "https://d1hny4jmju3rds.cloudfront.net/newYearSelfHelp/yacth.png",
                        "c4" : "https://d1hny4jmju3rds.cloudfront.net/newYearSelfHelp/grade.png",
			"c1" : "https://d1hny4jmju3rds.cloudfront.net/newYearSelfHelp/Weight.png",
                        "c5" : "https://d1hny4jmju3rds.cloudfront.net/newYearSelfHelp/Help.png",
                        "c6" : "https://d1hny4jmju3rds.cloudfront.net/newYearSelfHelp/family.png"

                    },
    "6"    :   {   
                        "c1" : "Party with healthy snacks",
			"c5" : "Save up party money and donate for a better cause",
                        "c2" : "Alone with a book, curled up under your blanket and a cup of warm cocoa",
                        "c4" : "Party according to a schedule",
                        "c6" : "Throw the wildest party ever. Make it CRAZY!",
			"c3" : "Party on a budget"
                    },
     "7"    :   {   
                        "c1" : "are edible",
                        "c2" : "need to be learnt",
                        "c3" : "are expensive",
                        "c4" : "come through hard work",
                        "c5" : "are shared",
                        "c6" : "make the best memories"
                    }                                                                                
}