{
    "1"    :   {
                        "question": "What worried you the most in 2017?",
                        "type" : "text"
                    },
    "2"    :   {
                        "question": "What would you like 2018 to be filled with?",
                        "type" : "text"
                },
    "3"    :   {
                        "question": "If you find a magic eraser what is the first thing you would erase out of your life?",
                        "type" : "text"
                },
    "4"    :   {
                        "question": "   What do you want to add to this coming year?",
                        "type" : "text"
                    },
    "5"    :   {
                        "question": "Which picture do you relate to most? ",
                        "type" : "image"
                    },
    "6"    :   {
                        "question": "How would you like your New Year's Eve to be?",
                        "type" : "text"
                    },
     "7"    :   {
                        "question": "Best things in life...",
                        "type" : "text"
                    }
}
