{
  "header" : "विभिन्न विषयों पर लेख पढ़ें",
  "articles" : [
    {
      "id" : 1,
      "url" : "http://yourdost.com/blog/2017/08/coping-with-parents-who-compare.html",
      "imageUrl" : "http://yourdost-blog-images.s3-ap-southeast-1.amazonaws.com/wp-content/uploads/2017/08/10224256/comaparing-parents-compressor.jpg",
      "type" : "ARTICLE",
      "title" : "दूसरों से तुलना करने वाले माता-पिता का कैसे सामना करें",
      "category" : "academic"
    },
    {
      "id" : 2,
      "url" : "http://yourdost.com/blog/2017/08/which-stream-to-choose-after-10th.html",
      "imageUrl" : "http://yourdost-blog-images.s3-ap-southeast-1.amazonaws.com/wp-content/uploads/2017/08/10185212/WPCareer.jpg",
      "type" : "ARTICLE",
      "title" : "कैरियर परामर्श : दसवीं के बाद सही स्ट्रीम चुनना",
      "category" : "advice"
    },
    {
      "id" : 3,
      "url" : "http://yourdost.com/blog/2016/08/studying-tips.html",
      "imageUrl" : "http://yourdost-blog-images.s3-ap-southeast-1.amazonaws.com/wp-content/uploads/2016/08/04144452/smartstudy.jpg",
      "type" : "ARTICLE",
      "title" : "Learn the S.M.A.R.T way of studying",
      "category" : "studies"
    },
    {
      "id" : 4,
      "url" : "http://yourdost.com/blog/2016/01/5-awesome-ways-to-make-boring-subjects-interesting-and-it-works.html",
      "imageUrl" : "http://yourdost-blog-images.s3-ap-southeast-1.amazonaws.com/wp-content/uploads/2016/01/17210122/boring-subjects-compressor.jpg",
      "type" : "ARTICLE",
      "title" : "5 Awesome Ways to Make Boring Subjects Interesting (And it Works!)",
      "category" : "academic"
    }
  ]
}
