{
    "h1": {
        "title": "Causes of Stress",
        "metaTitle": "Main Causes of stress | YourDOST Articles",
        "metaDescription": "Stress can be caused due to work, unhappy relationship, examinations, etc. Read to know more about the main reasons for that makes a person stressed out",
        "bannerImg": "https://d1hny4jmju3rds.cloudfront.net/hubs_and_spokes_images/stress/stress.png",
        "bannerH1": "Stress is controlliing you? Or you want to control stress?",
        "bannerH2": "Talk to our experts now!",
        "h2": [
            {
                "title": "",
                "content": "<p>Stress is nothing but our inability to handle the demands placed on us. Things or situations that stress us out are called stressors. Some examples of stressors include being so busy in work that it leaves no time for family and personal relaxation, so many examinations that you don&rsquo;t know which one to prepare for, an unhappy relationship etc. It also include positive situations like getting a promotion at work, moving to a new city to start a new job etc. Reasons which leads to work related stress are as follows:</p>"
            },
            {
                "title": "Work stress",
                "content": "<p>Below listed are some of the instances that may cause stress due to work:</p><ul><li>Dissatisfaction with job</li><li>Given more tasks and projects to handle than the bandwidth permits</li> <li>Working long hours leaving no time for personal relaxation</li> <li>Not being involved in the decision making process</li>  <li>Working in an unsecure situation</li><li>Not good chances or scope for progression</li></ul>"
                
            },
            {
                "title": "Life stress",
                "content": "<p>Below listed are some of the reasons that cause life stresses:</p><ul> <li>Loss of a near and dear one, due to death or an <a href=\"https://yourdost.com/blog/2015/11/breakup-not-the-end-of-the-world.html?yd_source=HubSpoke&amp;yd_medium=InternalLinking&amp;yd_content=Stress&amp;yd_campaign=\">ugly breakup</a></li>    <li>Termination of marriage</li>    <li>Unemployment</li>   <li>Marriage</li>   <li>Moving to a new city for a new job</li> <li>Suffering from a chronic illness</li>   <li>Experiencing a traumatic event like violence or a natural disaster</li></ul>"
            },
            {
                "title": "Inner stress",
                "content": "<p>Inner stress are caused due to the following reasons:</p><ul><li><strong>Fear and uncertainty</strong></li></ul><p>Fear that something unexpected can happen at some time, even without its actual occurrence is also one of the factor for stress. For E.g. the threat of terrorist attacks, earthquakes, global warming, and toxic chemicals on the news. We feel stressed even after just hearing about these situations because somewhere we feel of having no control over those events, and if it occurs we will be left helpless. Though such disasters are very rare to happen, the way media covers and portrays it make us feel as if they are more likely to occur than they actually are. Sometimes small fears of not having enough money to pay the bills of the current month or what if not able to finish the project on time. The fear of &ldquo;What if &hellip;&hellip;&rdquo; is what makes us stressful.</p><ul><li><strong>Attitudes and perceptions</strong></li></ul><p>Our attitude has a lot to do with the amount of stress we experience. For instance, if your car is stolen, you can either feel a little bad but console yourself that the insurance company will handle it or you can obsess over the thought of your next car being stolen too. Similarly, confident people who know that work is assigned according to their caliber feel less stressed than those who wonder if they are capable of doing a good job and hence, are more stressed.</p><ul> <li><strong>Unrealistic expectations</strong></li></ul><p>No one is perfect. If we expect to do everything right all the time, we are destined to feel stressed when things don&#39;t go as expected. Thus, we should just try to give our best, without getting to much into being perfect. We should set short term realistic goals, so that it encourages us to reach it, without getting disappointed or over anxious.</p>"
            },
            {
                "title": "Change",
                "content": "<p>Any major life change can be stressful -- even a happy event like a wedding or a job promotion. For example, a marriage brings with it new responsibilities of the partner and the new family, especially for girls. Thus, this change though a happy event still creates stress. More unpleasant events, such as a divorce, major financial setback, or death in the family can be significant sources of stress too.</p><p>The major causes of excessive stress depend on a person&rsquo;s perception towards a particular situation. Something that is stressful to us may not faze someone else; they may even enjoy it. For example, if a person reaches airport and finds the delay in flight. So some may feel irritated or anxious that the plan of reaching on time to particular place will be delayed. Others, however may enjoy that delay time by looking into the shops in the airport or having a burger and listening to music. They know that the situation is not in their hand, it&rsquo;s only the pilot who will be flying the flight. So it&rsquo;s of no use to get stressed. Stress level&nbsp; differs from person to person, as it is our personality which determines how we respond to situations.</p>"
            }
        ]
    }
}