{
    "h1": {
        "title": "Stress Management",
        "metaTitle": "An Overview about Stress Management | YourDOST Articles",
        "metaDescription": "Read to know how to manage stress & the best techniques advised by experts for overcoming it",
        "bannerImg": "https://d1hny4jmju3rds.cloudfront.net/hubs_and_spokes_images/stress/stress.png",
        "bannerH1": "Stress is controlliing you? Or you want to control stress?",
        "bannerH2": "Talk to our experts now!",
        "h2": [
            {
                "title": "",
                "content": "<p>Stress management is all about how we manage our lifestyle, thoughts, emotions. It is how we deal with our problem and keeps ourselves stress free. There are lot of stressful situations in life, for which we need to take steps to relieve the pressure and regain control. Every person has different way of responding to a situation. Thus, there is no single or fixed way to manage stress. But when we are not able to handle or control stress in our life then it&rsquo;s time to take action. Stress management helps us to learn healthier ways to cope with stress and to reduce its harmful effects. It prevents stress to occur by teaching us ways to control it.</p><p>To control anything, we should know its origin. Same goes with stress too. Till we recognise what is the source of our stress, we will not be able to have control over it. To recognise the major life event stresses like death of a loved ones, or losing a job, or shifting to a new place, is easy to identify than to understand the sources of everyday stress which can be more complicated. Many a times we feel stress but we actually don&rsquo;t know what is stressing us. We usually overlook our own feelings, thoughts, and behaviours that contribute to our stress levels. We often see ourselves constantly worrying about unnecessary things, but it could be just our procrastination or our perception to the situation, rather than the actual demands of the situation at that moment causing the stress. Thus, to identify our true sources of stress, we need to look closely at our habits, attitude, and excuses.</p><p>It is very important to think about the ways we can currently manage and cope with stress in our life. Making a stress journal can help us to identify and to keep a check of what actually is creating stress. We also need to check if our coping strategies are healthy or unhealthy, helpful or unproductive. Unfortunately, many people cope with stress in ways that compound the problem and use unhealthy ways like, smoking, drinking too much, zoning out for hours in front of TV or computers, withdrawing from family, friends, and activities, sleeping too much, etc.<a name=\"moving\"></a></p><p>Once the cause of the stress is identified, a method t alleviate that stress must be applied to reduce that stress. This contributes to living a better life. There is no single, Universal mantra that can be applied to relieve stress and hence, different methods must be tried and tested to see which one suits you.&nbsp;</p>",
                "imgUrl": "https://d1hny4jmju3rds.cloudfront.net/hubs_and_spokes_images/stress/Stress+management.jpg",
                "altImage": "Stress Management"
            },
            {
                "title": "Get Moving",
                "content": "<p>Being physically active helps to reduce and prevent the effects of stress by burning away anger, tension, and frustration. On exercising endorphins (hormones secreted within the brain and nervous system) boost our mood and make us feel good. Exercising helps us to focus on ourselves and helps to distract our mind from daily worries. Usually we should exercise for at least 30 minutes or more to get the maximum benefits, but we can start with small workouts and then increase our fitness level gradually. The first step is to be motivated and get moving. Here are a few easy ways:</p><ul style=\"margin-left:40px\"> <li>You can dance to your favourite tunes</li>  <li>You can <a href=\"https://yourdost.com/blog/2015/08/pet-therapy-how-dogs-can-reduce-stress.html?yd_source=HubSpoke&amp;yd_medium=InternalLinking&amp;yd_content=Stress&amp;yd_campaign=\">play with your pet</a></li>    <li>You can make a trip to the grocery store to divert your mind</li>   <li>You can use the stairs instead of taking the elevator</li>  <li>You can make a walk out of the distance between your parking spot and the office</li>   <li>You could have an exercise buddy to exercise with</li>  <li>You could play sports with your kids</li></ul><p>Once we get habituated of being physically active, we should try to exercise regularly on our daily schedule. Activities with continuous and rhythmic patterns and which require moving both our arms and legs&mdash;are especially effective at relieving stress. Exercises like walking, running, jogging, swimming, dancing,&nbsp;cycling, aerobics classes, and any other door games are good choices to be active and stress free. Exercise helps divert our minds from the stressful thoughts and helps us lead a happier, healthier life.</p>"
                
            },
            {
                "title": "Engage socially",
                "content": "<p>Social engagement is the best and most efficient way to come out from stress. It helps us to avoid overreacting to internal or external events that we perceive as threatening. When we communicate with our friends, family, or close relatives, we feel safe and secure. We feel we are understood by someone and this calms down our nervous system and thus reduces stress</p><p>When we share our feelings with others, our body responds to the non verbal cues that we hear, feel and see. Our senses are activated and this helps us rest the &lsquo;fight or flight&rsquo; response. Even if you can&rsquo;t alter the situation, you can alter the way your body reacts to the situation and the hormones secreted by your body in response to the situation. Basically, the more people you have to share your feelings with, the less stressed you tend to be.</p>"
            },
            {
                "title": "Avoid Unnecessary stress",
                "content": "<p>Stress is an automatic response from our nervous system. Some stressors arise at predictable times like, when we have exam in next one hour, a meeting with a boss, Boy side(groom) coming to see our daughter for the first time for the marriage, or any family gatherings or functions, etc. When we handle such predictable stressors, we can either change the situation or change our reaction. It&rsquo;s not healthy to avoid a stressful situation that needs to be addressed, but there are number of stressors in our life that we can eliminate.</p><ul style=\"margin-left:40px\"><li><strong>Learn how to say &ldquo;no&rdquo;</strong>&nbsp;&ndash; We should know our limits as what we can do and what not and accordingly stick to them. This should be taken care of in both our personal or professional life. Taking on more than we can handle will be like a pressure cooker that will create the pressure of stress in us.&nbsp; We should learn to say &ldquo;No&rdquo; to things that we don&rsquo;t want to do or like. Also we should know to distinguish between the &ldquo;should&rdquo; and the &ldquo;musts&rdquo; so that we know what things we can avoid doing.</li>    <li><strong>Avoid people who stress you out</strong>&nbsp;&ndash; If someone consistently suck happiness out of our life and causes stress then we should limit the amount of time we spend with that person, or end the relationship.</li> <li><strong>Take control of your environment</strong>&nbsp;&ndash; We should know to control our environment. For e.g., If getting up late in the morning, delays your day&rsquo;s work and makes you anxious to finish everything on time then try to make a habit of getting up early. If taking injection stresses you then try to have a healthy lifestyle to avoid falling sick or if traffic makes us tense, take a longer but less-travelled route. Thus if we want we can control our environment and avoid stress.</li></ul>"
            },
            {
                "title": "Alter the situation",
                "content": "<p>You can&rsquo;t always avoid a stressful situation, for instance, you have to write the exam or face your boss, one day or the other. In such a case you must try and alter your reaction to the situation.</p><ul style=\"margin-left:40px\">    <li><strong>Express your feelings instead of bottling them up.</strong>&nbsp;If something or someone is bothering us, then we should be more assertive and try to communicate our concerns in an open and respectful way. If we feel our lover is cheating on us, then it is better to clear it and speak up what we feel, rather than just sitting and bothering. If we don&rsquo;t express our feelings, resentment will be build and the stress will increase automatically.</li>    <li><strong>Be willing to compromise.</strong>&nbsp;When you&rsquo;d like someone to change their behavior, you must also be ready to change parts of your own behavior that the other person finds it hard to adjust to. Both parties must compromise and reach a common, middle ground.</li>  <li><strong>Manage your time better.</strong>&nbsp;Time management is key to remaining calm and focused. For instance, when we know that an approaching exam will cause us stress, preparing for the exam before hand will avoid a lot of stress caused in the last minute.</li></ul>"
            },
            {
                "title": "Adapt to the stressor",
                "content": "<p>Our thought process has a profound effect on our stress levels. Whenever we think of a negative thought about our self, our body reacts in a way as if we are helpless, weak, and under confident. Thus, we should regain our sense of control by changing our expectations and attitude to stressful situations.</p><ul style=\"margin-left:40px\">  <li><strong>Reframe problems.</strong>&nbsp;<strong>Try to look at stressful situations in a positive manner.</strong> For instance, when you are stuck in a traffic jam, you can look at as time to listen to some audio books or your favourite music instead of getting annoyed and irritated.</li>  <li><strong>Look at the big picture. </strong>Whenever we face any stressful situation, we should give some time to analyse it by asking our self how important it will be in the long run. Will it matter in a month? A year? Is it really worth getting upset over? If the answer is no, we should focus our time and energy elsewhere.</li>  <li><strong>Adjust your standards.&nbsp;</strong>Perfectionism is a major source of avoidable stress. When we demand to be perfect then indirectly we are setting our self for failure .We should remember to set reasonable standards for our self and others, and learn just to&nbsp; give our best in whatever we do.</li></ul>"
            },
            {
                "title": "Acceptance of things we can’t change",
                "content": "<p>Few stressors we cannot prevent or avoid because these sources of stress are unavoidable. For e.g. demise of a loved one, a serious illness, natural calamity or recession in the market. There is a famous quote that goes, &ldquo;God grant me the serenity to accept the things I cannot change, the courage to change the things I can, and the wisdom to know the difference&rdquo;.</p><ul style=\"margin-left:40px\">  <li><strong>Don&rsquo;t try to control the uncontrollable.</strong>&nbsp;There are lot of things in life which are beyond our control. For e.g. Rude behaviour of a particular person. Rather than stressing out over that he is rude, we should focus on the things we can control such as the way we choose to react to problems or in this case ignore that person or his talks.</li>    <li><strong>Look for the upside.</strong>&nbsp;When facing major challenges, try to look at them as opportunities for personal growth. If any wrong decision has led us in this stressful situation, then instead of feeling guilty and crying over that decision, we should reflect on them and learn from our mistakes.</li>  <li><strong>Learn to forgive.&nbsp; </strong>World is full of imperfections and people here do make mistakes. The better we accept this fact the more peaceful life would be. Accept people as they are and let go of anger and resentments.&nbsp;We should free our self from negative energy by forgiving and moving on.</li></ul>"
            },
            {
                "title": "Time for fun, relaxation, and Enjoyment",
                "content": "<p>We should learn to calm down and not take things too seriously. It is important that we learn to have fun in whatever we are doing. This can be done by scheduling fun and relaxation time.</p><ul style=\"margin-left:40px\"><li><strong>Set aside relaxation time. </strong>In our busy schedule, we usually forget to include rest and relaxation as a part of our life. We should learn to keep some personal time for our self. A break from all responsibilities is very much needed to recharge our self. So next time we feel low or stressed, just take a break to relax and stop thinking about the stressful situation. It helps us to handle stress better.</li>  <li><strong>Do something you enjoy every day.&nbsp;</strong>Make time for leisure activities that bring us joy, whether it is feeding a street dog, helping a poor, <a href=\"https://yourdost.com/blog/2015/10/why-you-should-learn-to-play-a-musical-instrument.html?yd_source=HubSpoke&amp;yd_medium=InternalLinking&amp;yd_content=Stress&amp;yd_campaign=\">playing the guitar</a>, or working on our bike.</li>    <li><strong>Keep your sense of humour.</strong>&nbsp;Learn to see the humour in situation, including the humour in things that you do wrong. A person who learns to laugh at himself learns to keep stress away too.</li></ul>"
            }
        ]
    }
}