{
    "h1": {
        "title": "Types of Stress",
        "metaTitle": "Types of Stress | Causes & Symptoms",
        "metaDescription": "Main three stress types are acute, episodic & chronic. Also read to know about the causes & symptoms of each type of stress",
        "bannerImg": "https://d1hny4jmju3rds.cloudfront.net/hubs_and_spokes_images/stress/stress.png",
        "bannerH1": "Stress is controlliing you? Or you want to control stress?",
        "bannerH2": "Talk to our experts now!",
        "h2": [
            {
                "title": "Acute Stress",
                "content": "<p>On our day to day life we come across lot of demands and pressures. These are what we actually call as acute. When we think about word &ldquo;stress&rdquo; a negative impression comes in our mind. when a deadline of a project is approaching, stress may help us to focus and complete our task before the deadline. <a href=\"https://yourdost.com/blog/2016/03/tips-to-beat-the-exam-stress-like-a-pro.html?yd_source=HubSpoke&amp;yd_medium=InternalLinking&amp;yd_content=Stress&amp;yd_campaign=\">College students use this type of stress</a> often during their semester exams. It is also faced when you have lot of guests arriving and food is to be cooked on urgent basis and cook on leave that day. The time limit to complete the dish is actually the acute stress. children and parents having acute stress during the report card day. It is a short lived stress as once the situation is resolved, the stress diminishes. Acute stress could have psychological as well as physiological symptoms, like vomiting and headaches.</p><p style=\"margin-left:40px\">Acute stress occurs only at a very short period of time.&nbsp; Thus, these symptoms might only come out when the stress has already accumulated:</p><ul style=\"margin-left:40px\"><li>Emotional distress, such as anger, anxiety, irritability, and acute periods of depression</li>    <li>Physical problems, such as headache, pain, stomach upset, dizziness, heart palpitations, shortness of breath, hypertension and bowel disorders.</li>    <li>Stomach, gut and bowel problems such as heartburn, acid stomach, flatulence, diarrhoea, constipation and irritable bowel syndrome.</li> <li>Transient over arousal leads to elevation in blood pressure, rapid heartbeat, sweaty palms, heart palpitations, dizziness, migraine headaches, cold hands or feet, shortness of breath and chest pain.</li></ul>",
                "imgUrl": "https://d1hny4jmju3rds.cloudfront.net/hubs_and_spokes_images/stress/Types+of+stress.jpg",
                "altImage": "Types of Stress"
            },
            {
                "title": "Episodic Stress",
                "content": "<p>Episodic stress occurs when a person takes on too many tasks together at a time, and is unable to carry those demands thrown upon him at that single moment. For e.g. A person has to attend parent&rsquo;s teacher meeting in his child school, wife is unwell too, important client meeting at office, and suddenly car breaks down. In such fatal situations, that person will be in in chaos, confusion, and disorganization. They will be preoccupied in their own thoughts as how to fix such a situation. Before they come out of the first situation, the other set of episodic stress events will be ready to occupy them. These people are always hostile, rude, confused, and in a hurry as they need to fix all the events bothering them. This bring in stake their relationships with their loved ones.</p><p>The stress has a bearing on the environment at home, work and other social settings. In fact, for some the nervous energy becomes such an intrinsic part of their lives that they don&rsquo;t know how to function without it. This could be (but not always) a feature of those with Type A personality &ndash; that is, those who are excessive perfectionists and overly competitive. Some of the symptoms of episodic stress include:</p><ul style=\"margin-left:40px\"><li>Long lasting depression, anxiety disorders and emotional turmoil</li>   <li>Worrying that does not seem to end.</li>    <li>Symptoms similar to those found in acute stress, but more severe and long lasting.</li> <li>Heart diseases</li></ul>"
            },
            {
                "title": "Chronic Stress",
                "content": "<p>Chronic stress is a severe version of stress where the person suffers long term side effects. It is the stress that occurs when the person suffering the stress is not able to find a solution. Some instances of chronic stress include, unhappy marriage, dysfunctional family, strained work relations, battling a serious disease and sustained academic pressure. The person suffering from chronic stress becomes very worn out for a longer period of time and is enveloped in a feeling of hopelessness. The symptoms of chronic stress include, increased frequency of urination, hyperacidity, stomach ache, head ache, muscle tension, heart problems etc.</p><p>The causes of stress can be manifold. It could range from participating in a public event, meeting a deadline at work to a bad marriage. The causes of stress are generally called stressors. Stressors could be work related, health related or related to personal life.</p><ul style=\"margin-left:40px\">  <li>Work related stressors include among others, demanding deadlines, <a href=\"https://yourdost.com/blog/2016/02/9-tips-to-please-your-tough-boss.html?yd_source=HubSpoke&amp;yd_medium=InternalLinking&amp;yd_content=Stress&amp;yd_campaign=\">strained relationship with </a><a href=\"https://yourdost.com/blog/2016/02/9-tips-to-please-your-tough-boss.html?yd_source=HubSpoke&amp;yd_medium=InternalLinking&amp;yd_content=Stress&amp;yd_campaign=\">boss</a> and a dislike for the job.</li> <li>Health related stressors include for example, the stress that comes with battling a serious and long term illness, for example cancer.</li> <li>Personal related stressors are to name a few, dysfunctional family and feeling trapped in an unhappy marriage.&nbsp;</li></ul><p>Acute stress lasts for a short period of time, but chronic stress is a severe version of stress that lasts for a long period of time. It is present at all times and tires one out. Some examples of situations that cause chronic stress are, poverty, unhappy in job, unhappy marriages and suffering from a chronic disease. Chronic stress is when the person suffering the stress cannot see a solution from his situation, and feels a sense of hopelessness.</p><p>Sometimes traumatic, early childhood experiences that are intense and deep rooted remains forever painful and present in a person&rsquo;s life. As a person is unable to forget and come out of it, he tends to suffer from acute stress. Some experiences profoundly affect personality. People tend to have a perception or a belief system of a perfect world, which in turn, creates unending stress for the individual (e.g., the world is a threatening place, People are corrupt, cheaters all around, demand to be smart and perfect, competitions all over). People suffering from chronic stress have these deep rooted beliefs and convictions and need help in developing a positive approach to life. This often calls for professional expertise.</p><p>Common physical signs and symptoms of chronic stress are:</p><ul style=\"margin-left:40px\"><li>Dry mouth</li><li>Difficulty in breathing</li><li>Pounding heart</li><li>Stomach ache and headache</li><li>Diaphoresis</li><li>Frequent urination.</li><li>Tightening of muscles</li></ul>"
            }
        ]
    }
}