{
    "h1": {
        "title": "Anxiety Symptoms, Diagnosis & Treatment",
        "metaTitle": "Anxiety Diagnosis | Symptoms | Treatement",
        "metaDescription": "Anxiety disorders are typically diagnosed and treated by a team of psychiatrists and psycho-therapists or counselors. Know more on symptoms of anxiety & its treatement methods",
        "bannerImg": "https://d1hny4jmju3rds.cloudfront.net/hubs_and_spokes_images/anxiety-bg.png",
        "bannerH1": "Anxiety can be easily managed by talking to an expert.",
        "bannerH2": "Don't keep it in.",
        "h2": [
            {
                "title": "Anxiety Symptoms",
                "content": "<p>Anxiety can be called a feeling of extreme dread and worry, that something will go wrong. While anxiety in small doses is good for us, it becomes a disorder when the same anxiety gets out of hand and impairs you from leading a happy, peaceful life. There can be different kinds of anxiety disorders like generalized anxiety disorder, social anxiety disorder, phobias, obsessive compulsive disorder and post-traumatic stress disorder.</p><p>The first and main symptom of an anxiety disorder is a fear that something will go wrong. This fear is often unfounded or exaggerated or irrational. </p><p>We all have a fight or flight response to a perceived threat. Persons who suffer from anxiety disorders have a distorted flight or fight response to a situation. &nbsp; They are constantly worried about things and events that do not need to bother anyone so much. At times, day to day activities become difficult due to anxiety disorders. </p><p> Other symptoms of anxiety include feeling listlessness and not enjoying activities previously found pleasurable, hypersensitivity and regular crying sessions, lack of interest in appearance and hygiene, irritability, moodiness, difficulty in concentration and difficulty in retaining information (memory loss). </p><p>There could be physical manifestations of stress as well. To name a few: </p><ul><li>Headache, vertigo and migraines, dizziness, light headedness</li><li>Dry mouth and throat, itchiness of throat</li><li>A foul taste in the mouth (typically compared to the taste of rotten eggs. This is caused due to acid reflux)</li><li>Increased heart rate and palpitations</li><li>Short, shallow breaths or breathlessness</li><li>Hyperacidity, acid reflux, stomach burns, nausea and vomiting</li><li>Involuntary twitching of muscles</li><li>Muscle tension and muscle aches and pain</li><li>Tremors and shivering</li><li>Excessive sweating</li><li>Tingling sensations, typically in the legs</li><li>Low sex drive or excessive sex drive</li><li>Insomnia or excessive sleeping</li><li>Very low appetite or <a href=\"https://yourdost.com/blog/2016/06/6-ways-to-stop-eating-before-you-explode.html\">excessive eating</a></li><li>Weight loss or weight gain</li><li>Acne</li></ul>"
            },
            {
                "title": "Anxiety diagnosis",
                "content": "<p>Anxiety disorders are at times diagnosed by the patient themselves. This is one of the things that distinguishes anxiety disorders from other mental disorders like say, schizophrenia. In many cases, the person suffering from an anxiety disorder knows that their anxiety is uncalled for, but still can&rsquo;t help feel anxious, it is like it is beyond their control. Anxiety disorders can also be self-diagnosed through tests on the internet or <a href=\"https://yourdost.com/blog/2016/02/10-awesome-self-improvement-books.html\">self-help books</a>. Of course, a person who thinks he/she has an anxiety disorder can approach a doctor or a medical practitioner and discuss what is going on.</p><p>The diagnosis by a doctor will start with a thorough history taking and may also include a general physical exam. The doctors will then ask you a few questions and may even ask you to take a series of tests, which you must answer truthfully, so the doctor gets a clear picture of your thought process and emotional state.</p><p>Diagnosis very rarely involves &lsquo;scary&rsquo; procedures like CAT scans and MRI imaging. In most cases, anxiety disorders can be both diagnosed and treated without the aid of expensive or painful procedures.</p>"
            },
            {
                "title": "Anxiety treatment",
                "content": "<p>The treatment scheme for anxiety disorders can broadly be categorized into four kinds: </p><ol><li>The medication could be anti-depressants (citalopram, escitalopram, fluoxetine, paroxetine, sertraline, venlafaxine), or anti-anxiety medication (alprazolam, clonazepam, lorazepam, buspirone) or beta blockers. Beta blockers are medication that help with the physical symptoms of anxiety, like racing of heart, palpitations, sweating etc.</li><li>Psychotherapy which is a process of understanding and coping with the mental disorder. The behavioral therapy, or psychotherapy, is often a technique called Cognitive Behavioral therapy (CBT).</li><li>CBT (which is usually found very effective, at times even more effective than medication) is further divided into two, cognitive therapy and exposure therapy. Cognitive therapy is all about recognizing anxiety causing thoughts and challenging them, while exposure therapy is about confronting these thoughts and doing what scares you, to overcome that fear. </li></ol><p style=\"margin-left: 40px;\">Another type of behavioral therapy is mindfulness and relaxation. </p><ul style=\"margin-left: 40px;\"><li>Mindfulness and relaxation works by concentrating your attention on the moment right now and by acknowledging and accepting the anxiety causing feelings. Being mindful can help reduce anxiety caused by the fear of actual situations or sensations, or anticipated fears. It helps to challenge the sense of &quot; tunnel vision &quot; that may be developed when one has anxiety related issues. Tunnel vision means excessively concentrating on only one point of view, and not taking other possibilities into consideration.</li><li>Applied relaxation is about relaxing your muscles during situations that are stressful. The process needs to be taught by a trained therapist, but it is generally about learning how to relax your muscles, in response to breathing slowly and words like &lsquo; relax &rsquo; , during instances that make you anxious. </li></ul><ol start=\"4\"><li>Exercise and lifestyle change which could include change in diet, amount of exercise etc. It also includes breathing exercises, yoga, relaxation and meditation.</li></ol>",
                "imgUrl": "https://d1hny4jmju3rds.cloudfront.net/hubs_and_spokes_images/anxiety_1.jpg",
                "altImage": "Anxiety Treatment"
            }
        ]
    }
}