{
    "h1": {
        "title": "Anxiety Neurosis",
        "metaTitle": "What is Anxiety Neurosis | Symptoms | Treatement",
        "metaDescription": " The range of mental disorders, characterized by excessive anxiety were called anxiety neurosis. Know more about its symptoms & how it can be treated",
        "bannerImg": "https://d1hny4jmju3rds.cloudfront.net/hubs_and_spokes_images/anxiety-bg.png",
        "bannerH1": "Anxiety can be easily managed by talking to an expert.",
        "bannerH2": "Don't keep it in.",
        "h2": [
            {
                "title": "What is anxiety neurosis?",
                "content": "<p>Prior to being referred to as anxiety disorders, the range of mental disorders, characterized by excessive anxiety were called anxiety neurosis. Anxiety can be defined as a feeling of dread or worry that something bad is going to happen.</p><p>A &lsquo;neurotic&rsquo; person is a person with an exaggerated response of anxiety to a particular situation. We all have a fight or flight response to a threat, but in neurotic persons, this reaction is exaggerated and their reactions to a situation are not in proportion to what the situation demands.</p><p>The exact causes of anxiety neurosis are still unknown. Neurosis can be due to any one of, or a combination of factors like genetic, biochemical imbalance and life experiences.</p><p>Some of the common anxiety disorders include generalized anxiety disorder, panic disorder, obsessive compulsive disorder, phobias, social anxiety disorders and post-traumatic stress disorder.</p>"
                
            },
            {
                "title": "What are the symptoms of anxiety neurosis?",
                "content": "<p>The symptoms of anxiety neurosis could be physical or mental:</p><ul><li>The first symptom of anxiety neurosis is the irrational and unjustified fear and apprehension that something terrible will happen. This &lsquo; something &rsquo; could be in the control of the patient (like fear of losing temper and getting into a fight) or beyond the control of the patient (terrorism, natural calamities).</li><li>Some symptoms include listlessness and difficulty in concentration, irritability and short temper, excessive pathos, difficulty in retaining information in the mind (forgetfulness) and</li></ul><p>Other physical manifestations include:</p><ul><li>Dryness of mouth and throat.</li><li>Short, rapid intakes and outtakes of breath.</li><li>Increased rate of heartbeat and palpitations.</li>    <li>Shivering and trembling of hands and legs.</li><li>Involuntary twitching of muscles</li><li>Profuse sweating</li><li>Feeling chilly even when the temperature is warm</li><li>Dizziness and light headedness</li><li>Nausea, hyperacidity, acid reflux reaction</li><li>Insomnia or excessive sleeping</li> <li>Fatigue and being devoid of energy</li> <li>Excessive or reduced sexual drive</li></ul>"
            },
            {
                "title": "How is the anxiety neurosis treated?",
                "content": "<p>Anxiety neurosis is a broad term and covers many types of disorders, and treatment will hence depends on the kind of disorder the person suffers from. However, a summary of the general treatment methods is given below:</p><ol>   <li>First off, anxiety disorders can be treated. They are usually diagnosed by a psychiatrist, and counselling is carried out by a certified psychologist or psychotherapist. Perhaps, the most widely used and effective treatment method is <strong>Cognitive Behavioral Therapy (CBT)</strong>. Basically, in CBT the person talks (express your feelings) and uses other methods such as breathing techniques (deep breathing instead of short, shallow breaths) and practicing mindfulness (observing the thoughts and sensations, without judging or trying to alter them) to challenge and alter the irrational thoughts that plague the person. CBT is further divided into two, cognitive therapy and exposure therapy. Cognitive therapy is challenging the irrational fears while exposure therapy is facing your fears and gradually coming to terms with your fears, in a supervised, controlled environment.</li> <li>Usually, therapy is used in combination with medication. <strong>Medication</strong> can be <a href=\"https://yourdost.com/blog/2015/12/what-are-antidepressants.html\">antidepressants</a> or antipsychotics (to be taken over a long duration of time) and benzodiazepines (immediate relief, but highly addictive, so to be taken only in SOS conditions). Since these kind of medication can lead to addiction, they must be taken only in the prescribed doses under the prescription of a qualified doctor.</li></ol>"
            }
        ]
    }
}