{
    "h1": {
        "title": "Generalized Anxiety Disorder",
        "metaTitle": "GAD (Generalised Anxiety Disorders) | Symptoms | Treatement",
        "metaDescription": "Read to know more about Generalised Anxiety Disorder, its symptoms & also what are the treatements available for it",
        "bannerImg": "https://d1hny4jmju3rds.cloudfront.net/hubs_and_spokes_images/anxiety-bg.png",
        "bannerH1": "Anxiety can be easily managed by talking to an expert.",
        "bannerH2": "Don't keep it in.",
        "h2": [
            {
                "title": "What is GAD?",
                "content": "<p>We&rsquo;ve all been nervous and felt anxious at times &ndash; before taking an important test, before a job interview, while confessing a lie, before a public talk or performance. So what then is generalized anxiety disorder?</p><p>Generalized Anxiety disorder, is a kind of anxiety disorder, like, panic disorders, phobias, obsessive compulsive disorder, etc.</p><p>Generalized anxiety disorder, which is also referred to as GAD, is characterized by continuous, excessive, disproportional and often irrational worry about routine, everyday tasks, often interfering with leading a normal, peaceful life.</p><p>People with the disorder experience excessive anxiety and worry, often preparing for dooms day, even when there is no apparent reason to worry. They expect everything to go wrong and may be excessively concerned about money, health, family, work, or any other everyday issues. Sometimes the patients find it hard to articulate what exactly is causing them anxiety, as it is a general, uneasy feeling that something will go wrong.</p><p>GAD is generally (but not always) diagnosed when a person finds it difficult to manage these anxiety causing thoughts for a period of more than 6 months.</p><p>At times, just the thought of the day ahead gives rise to anxiety. People with GAD often know that their anxiety is uncalled for and irrational, but worrying is beyond their control.</p><p>The disorder can affect a person anytime, though the most susceptible period is between childhood and middle age. The exact cause of GAD is not yet known, but there is research to suggest that genetic, biochemical imbalances and of course environment contribute to the disorder. Some other factors include:</p><ul>   <li>Having a history of anxiety inducing or traumatic experiences, such as domestic violence, child abuse or bullying</li>  <li>Incorrect signals being sent between circuits of neurotransmitters.</li>    <li>Having a hurtful long-term health condition, such as arthritis.</li>    <li>Having a history of drug or alcohol abuse.</li></ul><p>However, some people may develop GAD for no apparent reason.</p><p>GAD can render doing the simplest activities very difficult, and hence persons with severe GAD, when untreated, may not be able to lead a normal life of work and home because as soon as one anxiety causing thought is resolved, another anxiety causing thought pops up.</p><p>As per research conducted by the <a href=\"http://www.mayoclinic.org/\">Mayo clinic</a>, women are two times more likely to develop GAD than men are.</p>",
                "imgUrl": "https://d1hny4jmju3rds.cloudfront.net/hubs_and_spokes_images/GAD_1.jpg",
                "altImage": "Generalized Anxiety Disorder"
            },
            {
                "title": "What are the symptoms of GAD?",
                "content": "<p>The symptoms of GAD, among many, include,</p><ul>    <li>Inability to sleep peacefully</li>  <li>Getting irritated very easily</li>  <li>Getting tired and worn out very easily</li> <li>Muscle ache and tension</li>    <li>Finding it hard or difficult to concentrate or your mind blanking out and restlessness.</li></ul>"
            },
            {
                "title": "How is GAD treated?",
                "content": "<ol>    <li><strong>Medication</strong></li></ol><p style=\"margin-left:40px\">The medication could be anti-depressants (citalopram, escitalopram, fluoxetine, paroxetine, sertraline, venlafaxine), or anti-anxiety medication (alprazolam, clonazepam, lorazepam, buspirone) or beta blockers. Beta blockers are medication that help with the physical symptoms of anxiety, like racing of heart, palpitations, sweating etc.</p><ol start=\"2\">    <li><strong>Behavioural Therapy</strong></li></ol><p style=\"margin-left:40px\">The behavioral therapy, or psychotherapy, is often a technique called Cognitive Behavioral therapy (CBT).</p><p style=\"margin-left:40px\">CBT (which is usually found very effective, at times even more effective than medication) is further divided into two, cognitive therapy and exposure therapy. Cognitive therapy is all about recognizing anxiety causing thoughts and challenging them, while exposure therapy is about confronting these thoughts and doing what scares you, to overcome that fear.</p><p style=\"margin-left:40px\">Another type of behavioral therapy is mindfulness and relaxation.</p><ul style=\"margin-left:40px\">  <li><a href=\"https://yourdost.com/blog/2016/06/practice-mindfulness.html\">Mindfulness and relaxation</a> works by concentrating your attention on the moment right now and by acknowledging and accepting the anxiety causing feelings. Being mindful can help reduce anxiety caused by the fear of actual situations or sensations, or anticipated fears. It helps to challenge the sense of &quot;tunnel vision&quot; that may be developed when one has anxiety related issues. Tunnel vision means excessively concentrating on only one point of view, and not taking other possibilities into consideration.</li>    <li>Applied relaxation is about relaxing your muscles during situations that are stressful. The process needs to be taught by a trained therapist, but it is generally about learning how to relax your muscles, in response to breathing slowly and words like &lsquo;relax&rsquo;, during instances that make you anxious.</li></ul>"
            }
        ]
    }
}