{
    "h1": {
        "title": "Obsessive Compulsive Disorder",
        "metaTitle": "Obsessive Compulsive Disorder | Symptoms & Treatement",
        "metaDescription": "OCD is a chronic, disorder where the person has repetitive, intrusive thoughts that lead them to perform certain actions repeatedly. Read to know its symptoms & treatement",
        "bannerImg": "https://d1hny4jmju3rds.cloudfront.net/hubs_and_spokes_images/anxiety-bg.png",
        "bannerH1": "Anxiety can be easily managed by talking to an expert.",
        "bannerH2": "Don't keep it in.",
        "h2": [
            {
                "title": "What is OCD?",
                "content": "<p>Obsessive compulsive disorder (OCD) is a common, chronic disorder where the person has repetitive, intrusive thoughts (obsessions) that lead them to perform certain actions (compulsions) repeatedly, believing that they can avoid harm if they perform these actions. The obsessions are often irrational, and even the person suffering knows that his/her fears are irrational, but performing such compulsions are beyond their control. Obsessive thoughts are repetitive, disturbing images, thoughts and impulses. Compulsive behavior is rituals you follow in order to do away with the obsessive thought. OCD makes completing every day, routine tasks difficult and could also affect relationships.</p>",
                "imgUrl": "https://d1hny4jmju3rds.cloudfront.net/hubs_and_spokes_images/rsz_ocd_1.jpg",
                "altImage": "Obsessive Compulsive Disorder"
            },
            {
                "title": "What are the symptoms of OCD?",
                "content": "<p><strong><em>What are the symptoms of OCD? </em></strong></p><p>Most (but not all) people with OCD fall into one of the following categories: </p><ul><li>Washers are afraid of contamination. They usually have cleaning or hand-washing compulsions.</li><li>Checkers repeatedly check things (oven turned off, door locked, etc.) that they associate with harm or danger.</li><li>Doubters and sinners are afraid that if everything isn't perfect or done just right something terrible will happen, or they will be punished.</li><li>Counters and arrangers are obsessed with order and symmetry. They may have superstitions about certain numbers, colors, or arrangements.</li><li>Hoarders fear that something bad will happen if they throw anything away. They compulsively hoard things that they don't need or use.</li></ul><p><strong>Obsessions include</strong>:</p><ul><li>Contamination: Fear or distress about coming into contact with dirt, germs, sticky substances, or chemicals, or getting sick, or getting others sick after touching &quot; dirty &quot; or &quot; contaminated &quot; items.</li><li>Symmetry and exactness: A need to have items ordered in a certain way (for example, according to color, size, or facing a certain direction). People with this type of obsession are either anxious because &quot; it just doesn't feel right &quot; or because of a superstitious belief that something bad will happen. Often, obsessions sounds very odd or makes no sense, to the person having these obsessions as well.</li><li>A need for perfection: Some feel a strong need for things to be perfect or right.</li><li>Forbidden thoughts: Some are plagued with unwanted thoughts and images about being gay when they know they are not, or thinking about engaging in sexual behavior that feels upsetting and repulsive to them.</li></ul><p><strong>Compulsions include</strong>:</p><ul><li>Washing or cleaning hands excessively: Sometimes until they are raw and bleeding.</li><li>Checking: These types of compulsions can involve checking doors, locks, or backpacks, to make sure everything is safe. Some check to make sure that everyone is okay. For example, calling family members to &quot; check &quot; that they are safe.</li><li>Counting, tapping, touching, or rubbing: Some have lucky and unlucky numbers involved in their rituals (e.g., needing to touch a door four times before leaving a room).</li><li>Arranging: Arranging items in specific ways.</li><li>Mental rituals: &nbsp; Not all with OCD will have compulsions that can be seen. Some perform rituals in their head, such as saying prayers or trying to replace a &quot; bad &quot; image or thought with a &quot; good &quot; image or thought.</li></ul>"
            },
            {
                "title": "How is OCD treated?",
                "content": "<ul><li>Practice relaxation techniques, deep breathing techniques to feel calmer.</li><li>When you begin to obsess, write down all your thoughts or compulsions.</li><li>Try shifting your attention to something else. You could exercise, jog, walk, <a href=\"https://yourdost.com/blog/2016/05/music-therapy-2.html\">listen to music</a>, read, surf the web, play a video game, make a phone call, or knit. The important thing is to do something you enjoy for at least 15 minutes, in order to delay your response to the obsessive thought or compulsion.</li><li>Interact with close people and get your worries off your mind with meaningful conversations.</li><li>By anticipating your compulsive urges before they arise, you can help to ease them. For example, if your compulsive behavior involves checking that doors are locked or appliances turned off, try to lock the door or turn off the appliance with extra attention the first time.</li><li>You can keep one or two 10 minute Flooding Worry Period to obsessing. Choose a set time and place that's early enough it won't make you anxious before bedtime. During your worry period, focus only on negative thoughts or urges. Don't try to correct them. At the end of the worry period, take a few calming breaths, let the obsessive thoughts or urges go, and return to your normal activities. The rest of the day, however, is to be designated free of obsessions and compulsions.</li></ul>"
            }
        ]
    }
}