{
    "h1": {
        "title": "Panic Disorder & Panic Attack",
        "metaTitle": "What is Panic Disorder | Symptoms | Treatement",
        "metaDescription": "Read to know more about panic disorder, its symptoms and how it can treated",
        "bannerImg": "https://d1hny4jmju3rds.cloudfront.net/hubs_and_spokes_images/anxiety-bg.png",
        "bannerH1": "Anxiety can be easily managed by talking to an expert.",
        "bannerH2": "Don't keep it in.",
        "h2": [
            {
                "title": "What is Panic Disorder & Panic Attack?",
                "content": "<p>It&rsquo;s normal to feel anxious when facing a challenging situation such as writing an important exam, or having to talk in front of a large audience. However, such feelings of anxiety are reasonable and subside within a healthy period of time.</p><p>Sometimes this anxiety is taken over by an abrupt and intense fear or dread. Such episodes of intense distress and discomfort in the absence of any real danger are called panic attacks. When our brains receive a huge surge of nervous signals, evolutionarily designed to warn us of impending danger, the Amygdala, a part of the brain which controls our anxious response, is activated. Some people&#39;s Amygdala reacts with anxiety when there is no real danger, making it much more likely that they will experience panic attacks.</p><p>A panic attack peaks into an overwhelming feeling of intense debilitating anxiety within a span of a few minutes. Each attack usually lasts for about 5-10 minutes, but sometimes they come in waves for up to two hours. This sudden change doesn&rsquo;t necessarily have to stem from a state of anxiety but can also sometimes occur from a calm or a neutral state.</p>",
                "imgUrl": "https://d1hny4jmju3rds.cloudfront.net/hubs_and_spokes_images/rsz_panick_attack_1.jpg",
                "altImage": "Panic Disorder & Panic Attack"
            },
            {
                "title": "What are the symptoms of panic disorder and panic attack?",
                "content": "<p>According to the <a href=\"https://en.wikipedia.org/wiki/Diagnostic_and_Statistical_Manual_of_Mental_Disorders\">Diagnostic and Statistical Manual of Mental Disorders</a>, 5th Edition, a minimum of 4* of the following symptoms need to exist within the abrupt change of anxiety for it to be recognized as a panic attack.</p><ul><li>Palpitations, pounding heart, or increased heart rate</li><li>Sweating</li><li>Trembling or shaking</li><li>Shortness of breath</li><li>Feeling of choking</li><li>Chest pain or discomfort</li><li>Nausea or abdominal distress</li><li>Feeling dizzy, unsteady, lightheaded, or faint</li><li>Chills or heat sensations</li><li>Numbness or tingling sensations</li><li>Feelings of unreality or being detached from oneself</li><li>Fear of losing control or going crazy</li><li>Fear of dying</li></ul><p>Note, that when the other criteria for a panic attack are met, but fewer than 4 symptoms are experienced, the attack is called a limited-symptom attack.</p>"
            },
            {
                "title": "How are panic attacks and panic disorders treated?",
                "content": "<p>Panic disorders and panic attacks are usually treated with a combination of behavioral therapy and medication.</p><ul><li><strong>Cognitive behavioral therapy</strong> is perhaps the most effective treatment for panic disorders and panic attacks. Another method is exposure therapy, where the patient is made to face his/her fears in a controlled environment.</li><li><strong>Medications</strong> used for panic attacks and panic disorder include antidepressants (To be taken over a long duration of time) and benzodiazepines (immediate relief, but highly addictive, so to be taken only in SOS conditions).</li></ul>"
            }
        ]
    }
}