{
    "h1": {
        "title": "Post-traumatic Stress Disorder",
        "metaTitle": "Post Traumatic Stress Disorder (PTSD) | Symptoms | Tratement",
        "metaDescription": "Know more about PTSD, which is a disorder caused as a sort of repercussion of a traumatic event, its symptoms & treatement for it",
        "bannerImg": "https://d1hny4jmju3rds.cloudfront.net/hubs_and_spokes_images/anxiety-bg.png",
        "bannerH1": "Anxiety can be easily managed by talking to an expert.",
        "bannerH2": "Don't keep it in.",
        "h2": [
            {
                "title": "What is PTSD?",
                "content": "Post-traumatic stress disorder is a disorder caused as a sort of repercussion of a traumatic event. The traumatic event could be anything that poses threat to the life, safety or physical integrity of the person. The fear and anxiety lasts even after the threat of the event has passed. In many cases, PTSD is developed months or even years after the traumatic event has occurred.",
                "imgUrl": "https://d1hny4jmju3rds.cloudfront.net/hubs_and_spokes_images/rsz_1ptsd_1.jpg",
                "altImage": "Post-traumatic Stress Disorder"
            },
            {
                "title": "What are the symptoms of PTSD?",
                "content": "<p><strong>The emotional symptoms of PTSD include</strong>,</p><ul><li>A low mood</li><li>Depression, anxiety, fear, anger, guilt, shame</li><li>Lack of interest in routine activities and in some cases emotional numbness.</li><li>Patient is in a state of shock.</li><li>Constantly reliving the incident is also a symptom of PTSD.</li></ul><p><strong>The cognitive symptoms of PTSD include </strong></p><ul><li>Lack of concentration</li><li>Forgetfulness</li><li>Flashbacks and disturbing dreams about the incident</li><li>Dissociative reactions</li><li>Exaggerated negative beliefs or expectations about oneself and others.</li></ul><p><strong>The behavioral symptoms include </strong></p><ul><li>Aggressive behavior</li><li>Inability to sleep or disturbed sleep</li><li>Hyper vigilance</li><li>Self-destructive behavior</li><li>Inability to communicate properly</li><li>Difficulty in trusting others.</li></ul>"
            },
            {
                "title": "How is PTSD treated?",
                "content": "<ul><li><strong>Express your feelings and thoughts</strong></li></ul><p style=\"margin-left: 40px;\">Coloring, making models from clay can have cathartic effect. &nbsp; Writing can be a positive experience because you have control over how much information you disclose and how far you want to go.</p><ul><li><strong>Monitor your symptoms</strong>: </li></ul><p style=\"margin-left: 40px;\">Through self-monitoring, you can learn more about what situations trigger your PTSD symptoms, giving you important information on where and when coping methods need to be used.</p><ul><li><strong>Identify and Take Part in Positive Activities</strong></li></ul><p style=\"margin-left: 40px;\">People with PTSD may be afraid to go out and do the things they once enjoyed. However, this avoidance only maintains feelings of despair and depression. It is important to continue to do the things that you used to enjoy, even if you do not feel they are pleasurable at the moment. Your ability to do this will come in time, and this may prevent your depression and anxiety from getting worse.</p><ul><li><strong>Use Healthy Distraction</strong></li></ul><p style=\"margin-left: 40px;\">Distraction can be a useful way of coping with stressful thoughts or feelings that seem overpowering. Distraction may take the form of reading a book, talking to a friend, taking a bath, watching a movie (although make sure the movie does not have any triggering images in it), or exercise. However, it is important to remember that distraction is about getting through a tough moment as opposed to trying to avoid distress. After your distress has subsided, it is important to examine what triggered you and identify other ways you could have managed that distress.</p><ul><li><strong>Be Mindful</strong></li></ul><p style=\"margin-left: 40px;\">Mindfulness is about being completely in-touch with the present moment in a non-evaluative or non-judgmental way. Mindfulness can help you take a step back from your thoughts, potentially reducing the extent with which they fuel anxiety and fear.</p><ul><li><strong>Lean on others</strong></li></ul><p style=\"margin-left: 40px;\">Someone with PTSD may have a difficult time opening up or disclosing information about their experience as a result of feeling ashamed or not wanting to burden another person. However, it is clear that <strong>PEOPLE WITH PTSD DO BETTER THE MORE SOCIAL SUPPORT THEY HAVE.</strong></p><ul><li><strong>Learn Relaxation Skills</strong></li></ul><p style=\"margin-left: 40px;\">Relaxation can be a powerful tool in managing the fear and anxiety that accompanies a PTSD diagnosis. Deep breathing exercises are a very simple way of managing your anxiety in the moment.</p><ul><li><strong>Improve Your Physical Health</strong></li></ul><p style=\"margin-left: 40px;\">Our emotional health is strongly connected to our physical health. Therefore, it is very important for a person with PTSD to live a healthy lifestyle, exercise and maintain a <a href=\"https://yourdost.com/blog/2015/10/what-is-a-diet-what-is-our-relationship-with-it.html\">good diet</a>.</p><ul><li><strong>Be Spiritual</strong></li></ul><p style=\"margin-left: 40px;\">It has been found that establishing or connecting with a sense of spirituality (regardless of how you define spirituality) can have a very positive influence on your ability to overcome a traumatic experience.</p><ul><li><strong>See a Therapist</strong></li></ul><p style=\"margin-left: 40px;\">There are a number of psychological and medication treatment options that have been found to be quite effective in alleviating the symptoms of PTSD. A therapist can provide you with support and help you learn more effective ways to manage your PTSD symptoms and related difficulties.</p><ul><li><strong>Join a Support Group</strong></li></ul><p style=\"margin-left: 40px;\">A number of support groups are available for people with PTSD. Listening to other peoples&#39; experiences with PTSD can help validate the feelings you may be experiencing. You can also learn from how other people have overcome the effects of a traumatic experience.</p>"
            }
        ]
    }
}