{
    "h1": {
        "title": "Social Phobia",
        "metaTitle": "Social Phobia or SAD | Symptoms | Treatement",
        "metaDescription": "Know more about social phobia, also known as Social Anxiety Disorder which is world's third largest mental health care problem, its symptoms & how it can be treated",
        "bannerImg": "https://d1hny4jmju3rds.cloudfront.net/hubs_and_spokes_images/anxiety-bg.png",
        "bannerH1": "Anxiety can be easily managed by talking to an expert.",
        "bannerH2": "Don't keep it in.",
        "h2": [
            {
                "title": "What is Social Phobia?",
                "content": "<p>Social Phobia, a kind of anxiety disorder, is characterized by excessive and irrational fear of social and performance situations where the person is afraid of negative judgment and evaluation by other people leading to embarrassment and humiliation. It is not mere shyness or butterflies in stomach but an intense, unreasonable, persistent fear, so debilitating for the person that it hampers day to day functioning.</p><p>Social Phobia is the world&rsquo;s third largest mental health care problem with the highest risk of substance abuse amongst all the other anxiety disorders and co-morbidity with depression. Surveys reflect that majority of these people have fear of <a href=\"https://yourdost.com/blog/2015/10/tips-to-help-you-speak-in-public.html\">public speaking</a> and formal performances followed by fear of talking to strangers, meeting new people or being part of a social gathering and yet another small percentage avoiding eating, writing in front of others or speaking to an authority figure.</p>",
                "imgUrl": "https://d1hny4jmju3rds.cloudfront.net/hubs_and_spokes_images/rsz_social_phobia_1.jpg",
                "altImage": "Social Phobia"
            },
            {
                "title": "What are the symptoms of Social Phobia?",
                "content": "<ol>    <li><strong>&shy;&shy;&shy;&shy;&shy;&shy;Physical</strong></li></ol><ul style=\"margin-left: 40px;\">  <li>Sweating</li>   <li>Cold, clammy hands</li> <li>Dry mouth</li>  <li>Palpitations</li>   <li>Trembling</li>  <li>Shaky voice</li>    <li>Muscle tension</li> <li>Nausea</li> <li>Blushing</li></ul><p style=\"margin-left:.75in\">&nbsp;</p><ol start=\"2\"> <li><strong>Psychological</strong></li></ol><ul style=\"margin-left: 40px;\">   <li>Excessive worry of a social situation and how are they going to face it</li>    <li>Inadequacy over their capacity to perform</li>  <li>Fear of being criticized and made fun of</li>   <li>Dread that others will notice their nervousness and label them</li> <li>Confused and restless about flight-fight response</li>  <li>Anxious about feeling anxious</li>  <li>Fear of rejection</li>  <li>Overwhelmed with all above, may go blank</li></ul><ol start=\"3\">  <li><strong>Behavioral</strong></li></ol><ul style=\"margin-left: 40px;\">  <li>Avoidance of social settings. Engaging in safety behaviors as non-participation in discussions and group tasks, not making eye contact</li> <li>Teper tantrums</li> <li>Clinging to familiar people</li>    <li>Not initiating conversation</li></ul><p>For people with social anxiety, the everyday built up of anxiety is so overbearing that they find relief in isolation. This withdrawal adversely affects their relationships and functioning in every sphere. They are generally underachievers, have low self-esteem, lack social skills, not assertive and most importantly indulge in a lot of negative self-talk.</p>"
            },
            {
                "title": "How is social phobia treated?",
                "content": "<p>A general guideline addressing social anxiety issues includes:</p><ol>   <li><strong>Breath and muscle relaxation</strong>- A very first step is learning to relax, calming the breathing and soothing tensed muscles. This will help ease out physical symptoms of anxiety and deal with the situation better. As such also, a regular practice of physical/breathing exercises, meditation and muscle relaxation can help lower overall tension and stress.</li>   <li><strong>Cognitive behaviour therapy</strong> to change unhelpful thoughts, beliefs and focus of attention and develop a more realistic way of thinking. More often than not, it is the negative self-critic in people that works on guesses, assumptions and not actual facts, is the real cause of heightened anxiety. So it becomes important to understand and challenge these negative thoughts. Taking example of a person scared of making presentations, following steps could be taken:</li></ol><ul style=\"margin-left: 40px;\">  <li>Identifying negative thoughts- the person may be saying to himself: I&rsquo;m going to say something foolish or I&rsquo;ll make a mistake and others will laugh at me.</li> <li>Evaluating these negative thoughts- ask yourself these questions: Am I 100% sure that this will happen, what is the worst that could happen.</li>   <li>Identifying associated unrealistic beliefs- here underlying belief could be: I should never make mistakes, I need to be perfect to be liked.</li>   <li>Evaluating these beliefs- Is it really possible? I have seen professionals also goof up once in a while. This evaluation will help take a ground check of reality that you are not alone in facing this</li></ul><ol start=\"3\">   <li><strong>Test it out by facing the feared</strong>- having understood your inner critic, it is time to expose yourself to feared situations with graded level of difficulty. Start with least feared setting, like saying &lsquo;hi&rsquo; to a teacher every morning till anxiety comes down, then moving to next level of initiating conversation.</li>    <li><strong>Other skills in my kitty</strong>- An individual can also look into expanding social network by taking up opportunities to go out with friends, meet new people. If unable to self-help, one could enroll for social skills training, <a href=\"https://yourdost.com/blog/2016/02/what-makes-touch-a-powerful-communication-tool-and-how-to-use-it-well.html\">building communication skills</a> and assertiveness training.</li>    <li><strong>Medications</strong>- Sometimes along with psychotherapy, medications to reduce anxiety could also be used.</li></ol><p>A regular practice of above skills, avoiding escape routes, maintaining a healthy lifestyle will help you with this crippling anxiety of what others might think of you. Remember it may not be easy, would require a lot of hard work, you may face setbacks, but keep going!</p>"
            }
        ]
    }
}