[
{
	"id" : 1,
	"imageUrl" : "http://yourdost-blog-images.s3-ap-southeast-1.amazonaws.com/wp-content/uploads/2016/02/09160758/What-are-you-obsessed-about.jpg",
	"game":"www.playbuzz.com/gregs/what-is-your-subconscious-obsessed-with",
	"title":"A Simple Test That Reveals Your Subconscious' Biggest Obsession",
	"url" : "https://www.playbuzz.com/gregs/what-is-your-subconscious-obsessed-with?feed=true&src=http://www.playbuzz.com/gregs/what-is-your-subconscious-obsessed-with&comments=undefined&divId=div0&articleCanonicalUrl=http%3A%2F%2Fyourdost.com%2Fblog%2F2016%2F02%2Fa-simple-test-that-reveals-your-subconscious-biggest-obsession.html&width=640&height=auto&recommend=false&game=gregs/what-is-your-subconscious-obsessed-with&key=yourdost.com&useShares=false&useComments=false&gameInfo=false&provider=WordPress 4.4.2-3&links=&social=true&socialReferrer=false&pageLoadTrackerId=60771384136751300&shouldTrackLoading=false&parentHost=yourdost.com&parentUrl=http%3A%2F%2Fyourdost.com%2Fblog%2F2016%2F02%2Fa-simple-test-that-reveals-your-subconscious-biggest-obsession.html&referral=http%3A%2F%2Fyourdost.com%2Fblog%2F",
	"content" : "We all are, at one level or the other, obsessed with something. Even our subconscious have a certain obsession which we don’t know for the simple fact that it is our subconscious and we are unaware of it. Well, here is a test reveals your subconscious biggest and deepest secrets. You will be surprised with the results – that is guaranteed! P.S. The test may take a few seconds, but it’s totally worth the wait. "
},
{
	"id" : 2,
	"imageUrl" : "http://cdn.playbuzz.com/cdn/2105dd14-5c23-43f0-b45d-ede4413c7534/0b347012-abd4-4abb-9c77-64159de19462_560_420.jpg",
	"game" : "www.playbuzz.com/shayc/what-is-your-true-personality",
	"title" : "Shhhh…This Test Might Reveal Your True Personality!",
	"url" : "https://www.playbuzz.com/shayc/what-is-your-true-personality?feed=true&src=http://www.playbuzz.com/shayc/what-is-your-true-personality&comments=undefined&divId=div0&articleCanonicalUrl=http%3A%2F%2Fyourdost.com%2Fblog%2F2016%2F02%2Fshhhh-this-test-will-reveal-your-true-personality.html&width=640&height=auto&recommend=false&game=shayc/what-is-your-true-personality&key=yourdost.com&useShares=false&useComments=false&gameInfo=false&provider=WordPress 4.4.2-3&links=&social=true&socialReferrer=false&pageLoadTrackerId=42788022942841060&shouldTrackLoading=false&parentHost=yourdost.com&parentUrl=http%3A%2F%2Fyourdost.com%2Fblog%2F2016%2F02%2Fshhhh-this-test-will-reveal-your-true-personality.html&referral=http%3A%2F%2Fyourdost.com%2Fblog%2F",
	"content" : "Here is an awesome test that can reveal your real personality. Do give it a shot – Its fun. P.S. The test may take a few seconds to load. But it’s totally worth the wait!:)    "
}
]