{
	"low" : {
		"header" : "low",
		"sub-header" : "Your emotional wellness score is between <span class='ewr-no'>0-14</span>",
		"cta" : "CHAT WITH AN EXPERT NOW",
		"footer" : "The best part is that all of this is absolutely FREE! Sounds Interesting?",
		"imageUrl" : "https://d1hny4jmju3rds.cloudfront.net/emotionalWellness/result4.png",
		"content" : {
			"line" : "Your score could be interpreted <span class='ew-bold'> both positively as well as negatively</span>.On the positive side...",
			"p1" : "Your score could be interpreted <span class='ew-bold'> both positively as well as negatively</span>.On the positive side, you are <span class='ew-bold'>very resilient</span> and have found a <span class='ew-bold'>good balance</span> between work, family, finances, relationships and personal time. You have a <span class='ew-bold'>healthy attitude</span> towards yourself, others and life.",
			"p2" : "On the negative side, you might be <span class='ew-bold'>unaware of the areas of distress</span> you experience. This ignorance could lead to overwhelming stress after unresolved issues get accumulated. ",
			"p3" : "You can identify which side you fall on through introspection or talking to people you trust from every area of your life."
		}
	},
	"moderate" : {
		"header" : "moderate",
		"sub-header" : "Your emotional wellness score is between <span class='ewr-no'>15-30</span>",
		"cta" : "CHAT WITH AN EXPERT NOW",
		"footer" : "The best part is that all of this is absolutely FREE! Sounds Interesting?",
		"imageUrl" : "https://d1hny4jmju3rds.cloudfront.net/emotionalWellness/result3.png",
		"content" : {
			"line" : "Your stress levels are <span class='ew-bold'>challenging enough to keep you motivated</span>.You have <span class='ew-bold'>found a rhythm</span> to...",
			"p1" : "Your stress levels are <span class='ew-bold'>challenging enough to keep you motivated</span>.You have <span class='ew-bold'>found a rhythm</span> to manage the different areas like work, hobbies, family, finances, romantic relationships and personal time.",
			"p2" : "Being content with these elements will help you grow, feel positive and make you a pleasant company to others. <span class='ew-bold'>Try to engage yourself</span> in every area your life, this will help in keeping stress at bay.",
			"p3" : "<span class='ew-bold'>Avoid becoming complacent</span> and indulge in new experiences."
		}
	},
	"high" : {
		"header" : "high!",
		"sub-header" : "Your emotional wellness score is between <span class='ewr-no'>31-54</span>",
		"cta" : "CHAT WITH AN EXPERT NOW",
		"footer" : "",
		"imageUrl" : "https://d1hny4jmju3rds.cloudfront.net/emotionalWellness/result2.png",
		"content" : {
			"line" : "Your stress is <span class='ew-bold'>higher up the scale</span>, with a few areas of your life getting affected. Take a step back...",
			"p1" : "Your stress is <span class='ew-bold'>higher up the scale</span>, with a few areas of your life getting affected. Take a step back from your daily schedule and <span class='ew-bold'>reorganize your priorities, desirables and responsibilities</span>.",
			"p2" : "Many qualities like assertiveness, problem-solving abilities, time management, enjoying hobbies & relationships and positive environment help manage stress better.",
			"p3" : "Take up one hobby class or leisure activity that gives you <span class='ew-bold'>time to unwind</span> at least once a week.'Take time, to smell the roses'."
		}
	},
  "veryHigh" : {
		"header" : "very high!",
		"sub-header" : "Your emotional wellness score is between <span class='ewr-no'>55-75</span>",
		"cta" : "CHAT WITH AN EXPERT NOW",
		"footer" : "",
		"imageUrl" : "https://d1hny4jmju3rds.cloudfront.net/emotionalWellness/result1.png",
		"content" : {
			"line" : "You seem <span class='ew-bold'>stressed</span>. Your stressors could be due to work, family...",
			"p1" : "You seem <span class='ew-bold'>stressed</span>. Your stressors could be due to work, family, finances or romantic relationships. You would need to take some time to <span class='ew-bold'>understand the causes</span> of stress and the areas of life that stress is over-shadowing.",
			"p2" : "You could have stress about work, or it could be that relationship troubles are spilling over into your work.",
			"p3" : "You can best address this stress by <span class='ew-bold'>meeting and sharing with someone-</span> a trusted honest family member or friend who will listen to you and help you cope with what is going on around you, a counselor or psychotherapist. It would be best to <span class='ew-bold'>seek help</span> to identify the causes and impact of stress."
		}
	}
}

