{
    "h1": {
        "title": "Educational Counseling",
        "metaTitle": "Educational Counselling | Benefits",
        "metaDescription": "Learn what is education counselling & how educational counsellors can help students with choosing best courses, study skills, deal with peer pressure & so on",
        "bannerImg": "https://d1hny4jmju3rds.cloudfront.net/hubs_and_spokes_images/counselling/counselling.png",
        "bannerH1": "Connect with our experts for guidance related to personal, professional and academic matters.",
        "bannerH2": "",
        "h2": [
            {
                "title": "What is Educational Counseling?",
                "content": "<p>Owing to intense competition and peer pressure students often face a dilemna to make the right career choice for them. This leads to a lot of confusion, doubts in them and make students succumb to stress, anxiety and depression. This is where education counselling comes into picture. Here students are advised not just on ways to build the right career path for them but are provided support to help them grow as individuals and professionals.</p>",
                "imgUrl": "https://d1hny4jmju3rds.cloudfront.net/hubs_and_spokes_images/counselling/rsz_educational_or_academic_counselling.jpg",
                "altImage": "Education Counseling"
            },
            {
                "title": "Educational Counselor",
                "content": "<p>An educational counselor is a counselor who works with school students in a school environment. Schools now hire educational counselors to assist special needs children with their studies, provide career counselling, based on the options available to students and also help students with their personal issues. The most important duty of an educational counselor is to understand the hopes, aspirations and dreams of a student. They should know the strengths and weaknesses of the student, and handle them very carefully. They also interact with parents, guardians, and other administrators regarding a student&rsquo;s behavioural, academic, and other problems.</p><p>Some students may be suffering from domestic abuse, like fighting or divorced parents or some learning disabilities, then in such cases educational counselor needs to take a charge to make the child overcome of all this. These factors too affect a child&rsquo;s growth. Thus, an educational counselor makes a child overcome from any personal, social or behavioural problems.</p><p>Education counselors plays a vital role in the career planning process of students. In the clutter of hundreds of desired career options, these counselors assist students in making sensible career decisions. They evaluate a student&#39;s abilities, interests and skills through interviews, personality and aptitude assessments, etc. They match if the mutually chosen career path is best suited to the candidate&#39;s profile, interests and limitations.</p><p>An educational counselor is trained and has good amount of knowledge on educational opportunities. For e.g. If the student wants to study abroad, wants scholarship, or needs any information on college training programmes then these counselors help them out with the required information. They help young futures to develop good personality and embrace life skills so that they can face the challenging world better. They <a href=\"https://yourdost.com/blog/2016/03/how-to-answer-the-interview-question-what-is-your-biggest-weakness.html?yd_source=HubSpoke&amp;yd_medium=InternalLinking&amp;yd_content=EducationalCounselling&amp;yd_campaign=\">guide them for job interviews</a>, resume preparation, job searching strategies, and other factors that are important for career exploration.</p><p>They guide students to develop organisation, <a href=\"https://yourdost.com/blog/2015/06/time-management-everyday-hacks.html?yd_source=HubSpoke&amp;yd_medium=InternalLinking&amp;yd_content=EducationCounselling&amp;yd_campaign=\">time management</a>, stress management, effective study habits and other such vital skills. Education counselors focus their energies on identifying and dealing with personal, behavioural, social and scholastic problems that affect student performance, achievement and even relationships. They provide individual/group counselling on varied issues like bullying, peer pressure, pressure to perform, low self-esteem and so on. This helps them to come out more confident, mentally strong and mature to handle situations affecting their educational and vocational life.</p><p>In today&#39;s world, counselors also have to be involved in helping students deal with learning disabilities, substance abuse, death, suicide, divorce and other crisis situations. Educational counselors also collaborate with parents, teachers and other school staff in a bid to monitor and evaluate educational progress, update them about individual growth so that the student has the best chance of success. They also carry out workshops and seminars in schools and colleges to provide a wide range of educational and occupational information. They are also responsible for conducting peer counselling program in school setting where students are trained to help the troubled students and sometimes trained to help themselves. Thus, educational counselors are important part of schools and colleges now.</p>"
            }
        ]
    },
    "faqs":[
        {
            "id" : 1,
            "question" : "I don’t understand most of my classes. Why am I not as smart as my classmates?",
            "url":"education-counselling",
            "answer":"<p>Well, let me first say that, understanding classes and being smart are not correlated. Just because you don’t understand something being taught in class doesn’t establish that you are not smart. Smartness is about ability to adapt into variety of situations.</p><p>Additionally, there are number of factors why we are unable to understand the material being taught in classroom. It may include - lack of interest in the subject, preoccupation of mind, short attention span, inability of trainer to be versatile in delivering the lecture, stress on the mind etc. Also, we all learn and understand differently, some understand pictorially, other need to just listen, others prefer self-reading, and many wish for combination. So, it's not appropriate to compare yourself with others in class.&nbsp;It's very subjective to know if someone else is understanding or not. So find out what is your way of understanding concepts and you will be able to enjoy your&nbsp;classes better.</p><p>&nbsp;</p><p>If you are unable to understand your classes, you need to seriously analyse / introspect what your strengths, aptitude and skills are - probably you are in the wrong course . Regarding not being smart, it is essential to work on your self concept and self esteem. Do not compare yourself with others. Every one has a story to tell.</p>",
            "hub":"counselling",
            "category" : "education-counselling"
        },
        {
            "id" : 2,
            "question" : "I find it hard to concentrate. I have an entrance exam that I have to clear but I just can’t focus on my studies. How can I work on my concentration?",
            "url":"education-counselling",
            "answer":"<p>When you find it hard to focus, do not force yourself to study;&nbsp;instead, try to sit for shorter sessions of study and promise yourself that you will not be disturbed or lose focus for that time, however short that&nbsp;period is. Then, relax a bit and maybe reward yourself with something you like (may be a walk,a chocolate etc), and repeat the process. Slowly, you will improve and you can increase the timing for each sitting.</p><p>You can also read this article:<br><a target='_blank' href='https://yourdost.com/blog/2015/02/i-am-not-able-to-concentrate-try-these.html?m=1'>https://yourdost.com/blog/2015/02/i-am-not-able-to-concentrate-try-these.html?m=1</a></p>",
            "hub":"counselling",
            "category" : "education-counselling"
        },
        {
            "id" : 3,
            "question" : "I lack discipline in life. I am a student, so I have a lot to do but I keep procrastinating. I just can’t make up my mind to discipline myself. I need to learn discipline in life but don’t know how to achieve this and at the same time stop procrastinating",
            "url":"education-counselling",
            "answer":"<p>Yes, procrastination is a very common problem among students. Just incorporate simple habits in your lifestyle and you could easily win this battle.</p><ol><li><p>Start with baby steps. Nothing can be achieved overnight. As you are a student, the first and foremost thing is to create a study plan for a week. Start with small target like 3 hours of study everyday in the 1st week. Take short breaks from study to get refresh and relax.</p></li><li><p>Practice self-denial. Learn to say 'No' to some of your feelings, impulses and urges. Limit your TV watching. Switch off your mobile phone while you study. Resist the urge of surfing net while studying and many more. Make a mental contract with yourself to work for 3 hours without interruption.</p></li><li><p>Use the activities you do to procrastinate to reward yourself. Suppose you day dream, study for two hours and give yourself a half hour day dreaming break. Or you watch television, study for two hours and watch half hour of television.</p></li><li><p>Visualize the rewards. Project yourself in the future. Visualize your desired outcome. Think about the benefits you will be going to get if you achieve the target.</p></li><li><p>Accept your mistake and forgive yourself. Making mistakes is part of the process to becoming better. Sometimes our over analyzing about our failures and mistakes results in delaying our work. The key is to acknowledge the mistakes with positive attitude and go ahead.</p></li><li><p>Poor concentration can be one of the reason of being procrastinated. Healthy lifestyle increases your concentration power like taking sufficient rest or having a proper diet.</p></li><li><p>Motivate yourself with reading inspirational stories or rewarding yourself after accomplishing the task. This will help you a lot to live a disciplined life.</p></li></ol><p>Self-talk strategies facilitate learning and enhance your act. Self-talk can be used to instruct, to motivate, to build confidence, to regulate your emotion, to evaluate your performance. It helps you remain focused on your target. So, incorporate positive things in your self-talk, such as:<br>“I can study for next 3 hours without any distractions.'<br>'I can achieve the target that I have set myself&nbsp;today.'</p>",
            "hub":"counselling",
            "category" : "education-counselling"
        },
        {
            "id" : 4,
            "question" : "I am finding it difficult to prepare for my exam. I can’t seem to concentrate. What can I do? What will help?",
            "url":"education-counselling",
            "answer":"<p>We understand that exams bring fear sometimes. These competitive exam preparations can become overwhelming at times but, it is your dream and you have to protect it.</p><p>Few things that might help:</p><p>&gt; Join a coaching class or a test-series, it will give you a schedule and daily practice.</p><p>&gt; If possible do some group study, if you have some friends who are also preparing for the same exam, it might be a good idea to sit and study together (not necessarily always though, whatever suits your study style)</p><p>&gt; Work on good time management. Daily make a target for yourself and see how you can achieve it. Analyse how you have performed, it will help you do a better time management and a sense of achievement in achieving your targets.</p><p>&gt; Take small breaks in the middle and in those do not go for distractions instead refresh you mind with a good walk and get some oxygen.</p><p>&gt; Go for concepts, understand the 'why' behind things, relate things to real life scenarios. The better grasp you have towards concept, the better chances you have to be solving the new questions that will be there in your exam.</p><p>&gt; Take mock tests, those will help you practice for the D day. Take tests as if you would take a the real exam - phone off, no noise, timer etc</p><p>&gt; Analyze the mock tests you take, this will tell you where you are going wrong.</p><p>&gt; Make a note of things you lack and work on it one by one.</p><p>&gt; Do not over stress yourself.</p><p>&gt; DO NOT SACRIFICE YOU SLEEP: Sleep helps in remembering things. It give time to the brain to process the received information and retain it for long.</p><p>&gt; Start your day with a positive quote. you can also write a motivational quote of your choice or 'I can do it' on a sheet of paper and stick it to the wall near study table and near your bed where you can see it as you wake up, it will condition your mind</p><p>&gt; Do some meditation daily - maybe 15 minutes a day, it will help you concentrate better</p><p>Lastly, whenever you feel you are getting distracted, close your eyes for 2 minutes and imagine how wonderful it will be once you have cleared the exam. You can do it. You have got what it takes to clear it, now just be persistent and go for it.</p><p>Some tips that might help:</p><p><a target='_blank' href='https://yourdost.com/blog/2015/06/how-to-stay-motivated-and-keep-moving.html'>https://yourdost.com/blog/2015/06/how-to-stay-motivated-and-keep-moving.html </a></p><p><a target='_blank' href='https://yourdost.com/blog/2015/06/time-management-everyday-hacks.html'>https://yourdost.com/blog/2015/06/time-management-everyday-hacks.html</a></p><p><a href='https://yourdost.com/blog/2015/05/7-tips-to-convert-your-dream-into.html'>https://yourdost.com/blog/2015/05/7-tips-to-convert-your-dream-into.html </a></p><p><a href='https://yourdost.com/blog/2015/05/7-tips-to-convert-your-dream-into.html'>https://yourdost.com/blog/2015/05/7-tips-to-convert-your-dream-into.html </a></p><p>We know it is a long journey and it requires lot of effort but it is worth it, dear friend. We know you can do it. It is your dream and you will have to protect it. The universe shall help you if you truly want it!</p><p>All the best!</p>",
            "hub":"counselling",
            "category" : "education-counselling"
        }
    ]
}