{
    "h1": {
        "title": "Relationship & Marriage Counseling",
        "metaTitle": "Relationship & Marriage Counselling | Couple's therapy",
        "metaDescription": "Know what is relationship & marriage counselling, pre & post marital counselling, couple's therapy & how their importance",
        "bannerImg": "https://d1hny4jmju3rds.cloudfront.net/hubs_and_spokes_images/counselling/counseling.png",
        "bannerH1": "Connect with our experts for guidance related to personal, professional and academic matters.",
        "bannerH2": "",
        "h2": [
            {
                "title": "What is Relationship Counseling?",
                "content": "<p>Relationship counseling &nbsp; is the process of&nbsp;counseling&nbsp;the parties having troublesome differences and stress upon the relationship. Once the problem is known, an effort is made to recognize, and harmonize the situation so that it can be managed better. The relationship involved may be between members of a family or a couple, employees or employers in a workplace, or between a professional and a client.</p>",
                "imgUrl": "https://d1hny4jmju3rds.cloudfront.net/hubs_and_spokes_images/counselling/rsz_relationship_counselling.jpg",
                "altImage": "Relationship Counseling"
            },
            {
                "title": "Couple's Therapy or Relationship Therapy",
                "content": "<p>Couple's therapy (or relationship therapy) is a subset of relationship therapy. The duration of this type of counseling may differ according to the problem faced by the client in the relation. Short term counseling may be between 1 to 3 sessions whereas long term couples&nbsp;<a href=\"https://en.wikipedia.org/wiki/Emotionally_focused_therapy\" title=\"Emotionally focused therapy\">therapy</a>&nbsp;may be between 12 and 24 sessions. The therapist works on understanding the problem faced by the Couples, by knowing their relationship history by targeting their emotions and working on the changes needed for the healthier and happier life between the couple. For e.g. If the client is <a href=\"https://yourdost.com/blog/2016/05/saving-marriage-divorce.html?yd_source=HubSpoke&amp;yd_medium=InternalLinking&amp;yd_content=RelationshipCounselling&amp;yd_campaign=\">facing issues in marriage</a>, then the reason is said to be analysed. It could be because of communication gap between husband and wife, too much expectations from each other, involvement of in laws to a great extent, sexual issues, lack of trust and understanding. The couple after expressing their concern, the therapist tries to find the solution so as to make their married life happier.</p>"
            },
            {
                "title": "Marriage Counseling",
                "content": "<p>Marriage counseling&nbsp;or&nbsp;marital therapy&nbsp;involves pre-marital and post-marital counseling. Pre-marital counseling is good investment for couples who are serious about preparing for a lifelong marriage. It helps young adults develop healthy attitudes and skills, to interact with their prospective partners respectfully and in appropriate ways; so that they can develop and maintain meaningful and fulfilling relationship. It makes them realise the importance of marriage and the responsibility to be taken after marriage. Marriage is all about acceptance and unconditional love and trust. It is to understand each other and know the worth of relationship. Thus, pre-marital counseling is important to make a person mature enough to take up this responsibility.</p>"
            },
            {
                "title": "Post-marital counseling",
                "content": "<p>Marriage can be the most rewarding relationship, however it also brings with it many problems and issues that need to be handled. The spouses should support each other in both bad and good times. It is always good to share the problems with your life partner to have a greater bonding and understanding. It is how well a person can take up this responsibility and carry out with maturity. The better a person balances his married life along with other problems, the happier and stronger the bonding will be.</p>"
            },
            {
                "title": "How does relationship counseling help?",
                "content": "<p>It really depends what a client want to get out of it, but it's rare that they will leave Relate without feeling a positive change. For some people, it is the transformation of their relationships and their lives; for others it is to solve a specific problem and move forward with more confidence and less anxiety.</p><p>Each session usually lasts 45 minutes to an hour, and the counselor will ask them questions so that they can talk about what&rsquo;s going on and how they feel. They may offer some advices or ideas to try at home. If a client doesn&rsquo;t like to talk a lot, then they might try different things like drawing or mapping out your thoughts. It all depends on what&rsquo;s right for the client.</p><p>Even if things don&rsquo;t change, counseling may help a person to see things in a different way or make the decision that&rsquo;s right for them to move forward. Just talking to someone who isn&rsquo;t involved in the relationship can help them.</p>"
            }
        ]
    },
    "faqs":[

        {
            "id" : 1,
            "question" : "My boyfriend wants to have sex. I'm not sure if I’m ready for sex. How can I tell him or should I just do it?",
            "url":"relationship-marriage-counselling",
            "answer" : "<p>Sex is a beautiful expression of love and trust. But it comes with a lot of mental, physical and emotional responsibility. It is not something to ‘just be done’. If you are not feeling too sure about it, take your time. Talk to your boyfriend about it. If he loves and respects you and your relationship, he will surely understand and give you space. If he is still adamant, reconsider the maturity and communication patterns in your relationship.</p><p>Also ask yourself if you have confusions or past wounds around your sexuality. Speak to a neutral mature person to discuss your history. It would help you make an informed decision on whether or not to be in this relationship, agree with sexual intimacy and become more assertive. Also discuss sex education with a trusted adult.</p><p>Here is a video that might be of help to you:&nbsp;<a target='_blank' href='https://yourdost.com/blog/2015/12/video-sex-real-talk-about-losing-your-virginity.html'>https://yourdost.com/blog/2015/12/video-sex-real-talk-about-losing-your-virginity.html</a></p>",
            "category" : "relationship-marriage-counselling",
            "hub":"counselling"
        },
        {
            "id" : 2,
            "question" : "My boyfriend/girlfriend is moving to a different city. Does long-distance relationship work?",
            "url":"relationship-marriage-counselling",
            "answer" : "<p>Yes, why not!</p><p>But first we need to see why long distance relations fail generally. Research in this area is less, so we do not know how and under what circumstances such relations fail or work. But mostly we see that people share from their own experiences and perspectives as what is required to keep such relations stable. One of the main components of successful relationships is proximity, regular communication and healthy conflict resolution.</p><p>According to my view, conflict resolution is more important than others in long distance relations. We can maintain communication through phone, SMSes, WhatsApp, Hike, Skype etc. And in most cases this keeps the spark alive. But when a conflict arises it is more difficult to solve it, as we do not get the opportunity to observe and take care of other person’s intentions and behaviors. We mostly judge according to limited communication that we have. We do not find it comfortable to resolve everything via virtual media. So this makes the matters worse. In such cases we find it difficult to reach effective solutions. And if you have faced difficulties in resolving conflicts earlier, then chances that you would be able to resolve them later in the long distance relationship,&nbsp;are less.</p><p>Another important point is how long you have been in the relationship,&nbsp;and how long was the period when you two were not in the&nbsp;long-distance mode. If your relationship is a few weeks or months old, then you have got less time to build mutual understanding, Therefore, problems can arise and lead to misunderstandings in long distance. If such is the case, then look for ways where you two can meet at some regular periods, keep communicating with each other. Do not discuss problems over the phone too much, as this would lead to poor conflict resolution. Try to avoid any heated arguments on phone. Consider talking to each other as stress-reliever.</p>",
            "category" : "relationship-marriage-counselling",
            "hub":"counselling"
        },
        {
            "id" : 3,
            "question" : "I don’t like it when my girlfriend talks to anyone else. She should be there just for me. What should I do? The more I tell her this, the more she retaliates.",
            "url":"relationship-marriage-counselling",
            "answer" : "<p>The good thing is that you are aware of this behavior of yours and that you know very well that this attitude is not helping you in any way in your relationship. Feeling possessive can be a normal part of a relationship.&nbsp;May be your girlfriend is also possessive about you though she may not express it or she doesn’t pressurize much like you do.</p><p>Possessiveness, however can also indicate&nbsp;insecurity. Loving someone includes trust, togetherness (timing when both want to be together), respect and space. Introspect a little into your own heart to understand what is making you possessive. Usually our past experiences affect our current behaviors in relationships. If you have gone through previous bad experiences of breakups or rejections, or if you have felt insecure about yourself in some way regarding your intimacy with the girls, then your relationship&nbsp;with your girlfriend is going to bring feelings of mistrust. If there are previous experiences that were hurtful, then make sure you need to heal yourself first by contacting a good psychotherapist.</p><p>The tighter you would want to hold on to your girlfriend, the more she will slip away. Love her and trust her. If there are reasons that you have identified that leads to lack of trust, communicate and solve them. Lack of trust can make a relationship resentful and unhappy.</p>",
            "category" : "relationship-marriage-counselling",
            "hub":"counselling"
        },
        {
            "id" : 4,
            "question" : "I love my boyfriend a lot, but he cares for me only when he wants something from me, otherwise he is always annoyed and angry. It has been like this for a while now. We hardly talk about things. He gets food and other stuff for me but that is all surface level. I am not sure of how to deal with this situation. Even our romance is very mechanical. Something does not feel right. I dont know what to do.",
            "url":"relationship-marriage-counselling",
            "answer" : "<p>All relationships go through certain stages of development. It is possible that you two are at two different stages of the relationship – different expectations, desires, fantasies, need for different kinds of emotions and expressions. Introspect upon your feelings&nbsp;other than love&nbsp;for your boyfriend. The deeper a relationship becomes the gender differences begin to appear in relationships. Men have a different way of expression and women seek different ways of expression. Couples at this stage can learn more about&nbsp;each other’s personalities and improve their communication skills to find an acceptable balance between the gender differences.</p><p>Meanwhile, discuss your personal and relationship history with an expert to identify any emotional issues, or unresolved problems between both of you, within you or in him.</p>",
            "category" : "relationship-marriage-counselling",
            "hub":"counselling"
        },
        {
            "id" : 5,
            "question" : "I was in a relationship for one and a half years and we broke up. Now I feel lost. I can’t seem to come out of it. I feel lost and devastated. How to get rid of this feeling?",
            "url":"relationship-marriage-counselling",
            "answer" : "<p>You haven’t mentioned how long it has been since your break&nbsp;up. Any wound, any loss, takes time to heal. If your break&nbsp;up is recent, it is natural for you to feel lost and devastated. Give yourself healing time by engaging in simple art, music, walks, sleep kind of activities.</p><p>If your break up happened more than 6 to&nbsp;8 months back, then you might be going through a mild depression. Depressions are not always bad, but they are like quicksand. The more you try to come out of them, the faster you sink. Reach out to <a target='_blank' href='https://yourdost.com/talkItOut'>an expert</a> or trusted family or friend to help you out of this phase. Cry it out, talk it out, and permit some space to your life beyond your relationship, such as&nbsp;– your dreams, work, hobbies, parents, friends etc.</p>",
            "category" : "relationship-marriage-counselling",
            "hub":"counselling"
        },
        {
            "id" : 6,
            "question" : "My boyfriend is egoistic. He does not understand my feelings. He does not communicate his feelings either. He insists on being practical. If I cry, he gets angry. How do i communicate with him?",
            "url":"relationship-marriage-counselling",
            "answer" : "<p>Practicality is the topmost layer of human existence. Feelings, ideas and initiative lie in the deeper folds of human mind. Many people find it threatening to enter this deeper level. Ego is a mask we wear when we are scared at this deeper level. Unfortunately, this fear is unconscious and very few people are aware of this. Having mentioned the theory, it is very understandable that it is tough to be with someone like this. Don't expect him to understand you. Help him learn feelings through smaller non-threatening feelings. Once he can feel things like watching children play in a park, or like a romantic song, or feel emotional connect with his parents (not duty bound), or look into your eyes and involuntarily smile; then slowly probe into deeper feelings. If he is not opening up, you can seek help from a therapist to help you understand your own expectations of him. Communicate from a position of strength, not helplessness.</p>",
            "category" : "relationship-marriage-counselling",
            "hub":"counselling"
        },
        {
            "id" : 7,
            "question" : "I was in a relationship for one and a half years and we broke up. Now I feel lost. I can’t seem to come out of it. I feel lost and devastated. How to get rid of this feeling?",
            "url":"relationship-marriage-counselling",
            "answer" : "<p>You haven’t mentioned how long it has been since your break&nbsp;up. Any wound, any loss, takes time to heal. If your break&nbsp;up is recent, it is natural for you to feel lost and devastated. Give yourself healing time by engaging in simple art, music, walks, sleep kind of activities.</p><p>If your break up happened more than 6 to&nbsp;8 months back, then you might be going through a mild depression. Depressions are not always bad, but they are like quicksand. The more you try to come out of them, the faster you sink. Reach out to <a target='_blank' href='https://yourdost.com/talkItOut'>an expert</a> or trusted family or friend to help you out of this phase. Cry it out, talk it out, and permit some space to your life beyond your relationship, such as&nbsp;– your dreams, work, hobbies, parents, friends etc.</p>",
            "category" : "relationship-marriage-counselling",
            "hub":"counselling"
        },
        {
            "id" : 8,
            "question" : "I wanted to have sex but my girlfriend refused , how should i convince her?",
            "url":"relationship-marriage-counselling",
            "answer" : "<p>Sex&nbsp;is a private and a very personal act between two people. You may want to indulge in it while your girlfriend is not ready, but, when it comes to sex, everyone has a right to choose whether to go for it or not.&nbsp;It is legally punishable if forced.&nbsp;Also, sex is an act for which one needs preparation&nbsp;not only physically but also&nbsp;emotionally,&nbsp;therefore, it's important that&nbsp;you give her time to feel comfortable about it and let her decide when she is ready. Indulgence in sex also has a lot to do with personal belief and the cultural belief system, and in a relationship like this, it is important that you understand the viewpoint of each other .</p><p>Here is a video that might be of help to you:&nbsp;<a target='_blank' href='https://yourdost.com/blog/2015/12/video-sex-real-talk-about-losing-your-virginity.html'>https://yourdost.com/blog/2015/12/video-sex-real-talk-about-losing-your-virginity.html</a></p>",
            "category" : "relationship-marriage-counselling",
            "hub":"counselling"
        },
        {
            "id" : 9,
            "question" : "How do I get a girlfriend/boyfriend?",
            "url":"relationship-marriage-counselling",
            "answer" : "<p>We all need love, care and someone to be with us. Wishing to have a girlfriend or&nbsp;boyfriend is natural but what you need to&nbsp;think about is, 'Why do you want a girlfriend/boyfriend?'. And,&nbsp;what kind of a relationship you are looking for?<br>A girlfriend or&nbsp;boyfriend eventually comes with time. How about&nbsp;trying to socialize and meet new people. You could focus on your hobbies where&nbsp;you can also get a chance to meet new like minded people and at the same time explore your horizons.</p>",
            "category" : "relationship-marriage-counselling",
            "hub":"counselling"
        },
        {
            "id" : 10,
            "question" : "I have this constant fear that I will not be able to satisfy my girlfriend. I am always so nervous when we want to get physical. Also can you tell me, is it safe to have intercourse without protection?",
            "url":"relationship-marriage-counselling",
            "answer" : "<p>'Will I be able to satisfy her' is a common feeling many people go through. But talking about sex is more emotional than physical. The more involved you are with the person, the better it would go.&nbsp;</p><p>To know more, please have a look at the link below:</p><p><a target='_blank' href='http://www.webmd.com/sexual-conditions/guide/sexual-performance-anxiety-causes-treatments'>http://www.webmd.com/sexual-conditions/guide/sexual-performance-anxiety-causes-treatments</a></p><p><a target='_blank' href='http://www.webmd.com/sex/safe-sex-preventing-hiv-aids-stds'>http://www.webmd.com/sex/safe-sex-preventing-hiv-aids-stds</a></p><p><a target='_blank' href='http://www.everydayhealth.com/sexual-health/safe-anal-sex.aspx'>http://www.everydayhealth.com/sexual-health/safe-anal-sex.aspx</a></p>",
            "category" : "relationship-marriage-counselling",
            "hub":"counselling"
        }
    ]
}