{
	"career-decision-making":
		{

			"title" : ["Career Decision", "Making ?"],
			"keyPoints" : ["Confused about which career to pick", "Wondering what to do after your 12th exams", "Looking for a career shift"],
			"description" : "",
			"keyOutcomes" : ["Know the right career fit","Explore career options","Identify your capabilities & strengths"],
			"bgImg":"http://res.cloudinary.com/http-yourdost-com/image/upload/c_crop,h_1110,w_1876/v1473663924/12361401_l_cgsvsk.jpg",
			"amount" : "1000",
			"duration" : "week",
			"provenOutcome" : [
				{
					"imgUrl" : "https://d1hny4jmju3rds.cloudfront.net/packages/Human.png",
					"title" : "Know your interests and abilities",
					"description" : "Each person is different. Your coach will help you identify your key interests and abilities that you can leverage for your career"
				},
				{
					"imgUrl" : "https://d1hny4jmju3rds.cloudfront.net/packages/8-01.png",
					"title" : "Know your strengths and weaknesses",
					"description" : "Your coach will work with you to identify your specific strengths and weaknesses and to harness it towards bettering your career."
				},
				{
					"imgUrl" : "https://d1hny4jmju3rds.cloudfront.net/packages/12-01.png",
					"title" : "Identify job profiles that suit you",
					"description" : "Along with your coach, identify specific job profiles that are compatible with your interests, abilities and strengths."
				},
				{
					"imgUrl" : "https://d1hny4jmju3rds.cloudfront.net/packages/13-01.png",
					"title" : "Know the path to get to your dream career",
					"description" : "Once you identify a dream career or job profile, your coach will guide you with the steps you will need to achieve it."
				}
			],
			"whatyouGet" : [

				{
					"imgUrl" : "https://d1hny4jmju3rds.cloudfront.net/packages/Chat.png",
					"title" : "1 FREE Chat Session",
					"description" : "Start with a free text based chat session online - understand your program, align your expectations with your coach"
				},
				{
					"imgUrl" : "https://d1hny4jmju3rds.cloudfront.net/packages/Human_1.png",
					"title" : "Personal coach",
					"description" : "A dedicated coach to help you through your journey in the program"
				},
				{
					"imgUrl" : "https://d1hny4jmju3rds.cloudfront.net/packages/check+again.png",
					"title" : "Psychometric assessment",
					"description" : "The program will have two assessments that will be instrumental in achieving the desired outcome from the program"
				},
				{
					"imgUrl" : "https://d1hny4jmju3rds.cloudfront.net/packages/Pad.png",
					"title" : "Voice Call Sessions",
					"description" : "Converse with your coach through voice calls and work through your queries."
				},
				{
					"imgUrl" : "https://d1hny4jmju3rds.cloudfront.net/packages/Call.png",
					"title" : "Text Chat Sessions",
					"description" : "You will also be able to engage in text based online chat sessions with your coach "
				}
			],
			"reccomendedTime" : "4 weeks",
			"metaData" : {

				"title" : "Career Counselling Program | YourDOST",
				"url" : "https://yourdost.com/packages/career-decision-making",
				"description" : "Career Counselling Program with a dedicated coach for advice & support for decisions related to career shift, what after 12th std or choosing the right career."
			},
			"name" : "Career Decision Making"
		}
}