{
	"confidence-building":
		{

			"title" : ["confidence", "building ?"],
			"keyPoints" : ["Self-Conscious most of the time", "Criticizing yourself often", "Anxious when speaking in public / in an interview"],
			"description" : "",
			"keyOutcomes" : ["Build your Self Confidence", "Confidently face interviews, being in the spotlight","Build a positive outlook to your life and world"],
			"bgImg":"http://res.cloudinary.com/http-yourdost-com/image/upload/c_crop,w_1496/v1473663924/53135721_ml_xislho.jpg",
			"amount" : "1000",
			"duration" : "week",
			"provenOutcome" : [
				{
					"imgUrl" : "https://d1hny4jmju3rds.cloudfront.net/packages/1-01.png",
					"title" : "Know your current level of Self Esteem",
					"description" : "Get a professional assessment of your current confidence level, so you know the real degree of your current situation"
				},
				{
					"imgUrl" : "https://d1hny4jmju3rds.cloudfront.net/packages/2-01.png",
					"title" : "Identify your sensitive triggers",
					"description" : "Explore and identify specific areas and situations that trigger lower levels of confidence in you"
				},
				{
					"imgUrl" : "https://d1hny4jmju3rds.cloudfront.net/packages/3-01.png",
					"title" : "Learn confidence boosting techniques",
					"description" : "Learn specific techniques that help you boost your confidence levels. You can use these techniques even after the program ends."
				},
				{
					"imgUrl" : "https://d1hny4jmju3rds.cloudfront.net/packages/4-01.png",
					"title" : "Improve Positive Self Regard",
					"description" : "Get a positive attitude towards yourself, get better insight of who you are and learn to appreciate your worth."
				}
			],
			"whatyouGet" : [

				{
					"imgUrl" : "https://d1hny4jmju3rds.cloudfront.net/packages/Chat.png",
					"title" : "1 FREE Chat Session",
					"description" : "Start with a free text based chat session online - understand your program, align your expectations with your coach"
				},
				{
					"imgUrl" : "https://d1hny4jmju3rds.cloudfront.net/packages/Human_1.png",
					"title" : "Personal Coach",
					"description" : "A dedicated coach to help you through your journey in the program"
				},
				{
					"imgUrl" : "https://d1hny4jmju3rds.cloudfront.net/packages/check+again.png",
					"title" : "Psychometric assessment",
					"description" : "Scientific assessments to know your improvements in confidence level"
				},
				{
					"imgUrl" : "https://d1hny4jmju3rds.cloudfront.net/packages/Pad.png",
					"title" : "Tasks and Techniques",
					"description" : "Exercises to help you build your confidence"
				},
				{
					"imgUrl" : "https://d1hny4jmju3rds.cloudfront.net/packages/Call.png",
					"title" : "Voice call sessions",
					"description" : "Converse with your coach through voice calls and work through your queries."
				}
			],
			"reccomendedTime" : "4 weeks",
			"metaData" : {

				"title" : "Counselling Program for Improving Self Confidence | YourDOST",
				"url" : "https://yourdost.com/packages/confidence-building",
				"description" : "Complete online counselling program including a dedicated coach to help you boost your self confidence for public speaking, job interviews, presentation skills, etc."
			},
			"name" : "Boost Self Confidence"
		}
}