{
	"exam-preperation":
		{

			"title" : ["Effective Exam ", "Preparations ?"],
			"keyPoints" : ["Scared of exams", "Unable to prepare properly", "Afraid of failure"],
			"description" : "",
			"keyOutcomes" : ["Face exams positively","Learn effective preparation techniques","Achieve better results"],
			"bgImg":"http://res.cloudinary.com/http-yourdost-com/image/upload/v1473663923/11182947_ml_orzaaz.jpg",
			"amount" : "1000",
			"duration" : "week",
			"provenOutcome" : [
				{
					"imgUrl" : "https://d1hny4jmju3rds.cloudfront.net/packages/8-01.png",
					"title" : "Know your strengths and weaknesses",
					"description" : "Your coach will work with you to identify your specific strengths and weaknesses, which will in turn determine the techniques to effective exam preparation"
				},
				{
					"imgUrl" : "https://d1hny4jmju3rds.cloudfront.net/packages/10-01.png",
					"title" : "Deal with your fears",
					"description" : "You will be able to identify the fears that hinder you from effective exam preparation and know how to deal with them"
				},
				{
					"imgUrl" : "https://d1hny4jmju3rds.cloudfront.net/packages/9-01.png",
					"title" : "Perform well ",
					"description" : "You will learn about specific tasks and techniques that will help you perform will in your exams."
				},
				{
					"imgUrl" : "https://d1hny4jmju3rds.cloudfront.net/packages/11-01.png",
					"title" : "Achieve your milestones",
					"description" : "Your coach will help you set realistic milestones and also help you achieve them."
				}
			],
			"whatyouGet" : [

				{
					"imgUrl" : "https://d1hny4jmju3rds.cloudfront.net/packages/Chat.png",
					"title" : "1 FREE Chat Session",
					"description" : "Start with a free text based chat session online - understand your program, align your expectations with your coach"
				},
				{
					"imgUrl" : "https://d1hny4jmju3rds.cloudfront.net/packagesHuman_1.png",
					"title" : "Personal coach",
					"description" : "A dedicated coach to help you through your journey in the program"
				},
				{
					"imgUrl" : "https://d1hny4jmju3rds.cloudfront.net/packages/check+again.png",
					"title" : "Assessments",
					"description" : "Where required, your coach will use specific assessment tools to understand you better"
				},
				{
					"imgUrl" : "https://d1hny4jmju3rds.cloudfront.net/packages/Call.png",
					"title" : "Voice Call Sessions",
					"description" : "Converse with your coach through voice calls and work through your queries."
				},
				{
					"imgUrl" : "https://d1hny4jmju3rds.cloudfront.net/packages/Chat.png",
					"title" : "Text Chat Sessions",
					"description" : "You will also be able to engage in text based online chat sessions with your coach "
				}
			],
			"reccomendedTime" : "3 weeks",
			"metaData" : {

				"title" : "Counselling Program for Exam Preparation | YourDOST ",
				"url" : "https://yourdost.com/packages/exam-preperation",
				"description" : "Complete program with a dedicated coach to help you prepare for competitive exams like CAT, AIMPT, IAS, or any others & to cope with exam stress, fear of exams."
			},
			"name" : "Exam Preparation"
		}
}