{
	"grief-therapy":
		{

			"title" : ["grief", "therapy ?"],
			"keyPoints" : ["Lost someone very dear to you ", "Got overwhelmed with anger and sadness", "Detached yourself from others due to the loss"],
			"description" : "",
			"keyOutcomes" : ["Overcome personal loss","Prevent depression from taking control","Learn the Act of letting go"],
			"bgImg":"http://res.cloudinary.com/http-yourdost-com/image/upload/c_crop,h_780,w_1110/v1473663924/35442605_ml_e02vch.jpg",
			"amount" : "1000",
			"duration" : "week",
			"provenOutcome" : [
				{
					"imgUrl" : "https://d1hny4jmju3rds.cloudfront.net/packages/6-01.png",
					"title" : "Catharsis",
					"description" : "Your coach will facilitate emotional expression to help you gain relief from the strong emotions overwhelming you."
				},
				{
					"imgUrl" : "https://d1hny4jmju3rds.cloudfront.net/packages/5-01.png",
					"title" : "Learn coping strategies",
					"description" : "Get professional advice on various strategies to cope with your grief, that you can use even after the program ends."
				},
				{
					"imgUrl" : "https://d1hny4jmju3rds.cloudfront.net/packages/7-01.png",
					"title" : "Move on",
					"description" : "Learn to adapt to life after the loss and the changes that come with the loss, while maintaining a connection with the deceased."
				}
			],
			"whatyouGet" : [

				{
					"imgUrl" : "https://d1hny4jmju3rds.cloudfront.net/packages/Chat.png",
					"title" : "1 FREE Chat Session",
					"description" : "Start with a free text based chat session online - understand your program, align your expectations with your coach"
				},
				{
					"imgUrl" : "https://d1hny4jmju3rds.cloudfront.net/packages/Human_1.png",
					"title" : "Personal Coach",
					"description" : "A dedicated coach to help you through your journey in the program"
				},
				{
					"imgUrl" : "https://d1hny4jmju3rds.cloudfront.net/packages/check+again.png",
					"title" : "Assessments",
					"description" : "Where required, your coach will use specific assessment tools be able to help you better"
				},
				{
					"imgUrl" : "https://d1hny4jmju3rds.cloudfront.net/packages/Call.png",
					"title" : "Voice Call Sessions",
					"description" : "Converse with your coach through voice calls and work through your queries."
				},
				{
					"imgUrl" : "https://d1hny4jmju3rds.cloudfront.net/packages/Chat.png",
					"title" : "Text Chat Sessions",
					"description" : "You will also be able to engage in text based online chat sessions with your coach "
				}
			],
			"reccomendedTime" : "6 weeks",
			"metaData" : {

				"title" : "Grief Counselling Program | YourDOST",
				"url" : "https://yourdost.com/packages/grief-therapy",
				"description" : "Personalised Grief counselling program with a dedicated coach for helping you cope with loss of someone which includes interactive sessions with therapist."
			},
			"name" : "Grief Counseling"
		}
}