{
	"lonliness-remover":
		{

			"title" : ["Overcoming ", "Loneliness ?"],
			"keyPoints" : ["Low / No social interaction", "Fatigued and lack motivation", "Feel empty"],
			"description" : "",
			"keyOutcomes" : ["Improve your social interaction","Learn techniques to tackle the feeling","Improve motivation to achieve goal"],
			"bgImg":"http://res.cloudinary.com/http-yourdost-com/image/upload/v1473663922/lonliness_fjjjxr.jpg",
			"amount" : "1000",
			"duration" : "week",
			"provenOutcome" : [
				{
					"imgUrl" : "https://d1hny4jmju3rds.cloudfront.net/packages/Human.png",
					"title" : "Know what makes you lonely",
					"description" : "Your coach will help you identify the specific reasons or triggers that lead to your feeling lonely. Knowing the reasons is a crucial first step to overcoming loneliness"
				},
				{
					"imgUrl" : "https://d1hny4jmju3rds.cloudfront.net/packages/Human.png",
					"title" : "Identify and action on interest areas",
					"description" : "Your coach will also help you identify and develop key interest areas. Practicing these will help you with motivation and interaction moments"
				},
				{
					"imgUrl" : "https://d1hny4jmju3rds.cloudfront.net/packages/Human.png",
					"title" : "Learn techniques",
					"description" : "You will learn specific techniques that you can use to deal with feelings of loneliness and overcoming them"
				}
			],
			"whatyouGet" : [

				{
					"imgUrl" : "https://d1hny4jmju3rds.cloudfront.net/packages/Chat.png",
					"title" : "1 FREE Chat Session",
					"description" : "Start with a free text based chat session online - understand your program, align your expectations with your coach"
				},
				{
					"imgUrl" : "https://d1hny4jmju3rds.cloudfront.net/packages/Human_1.png",
					"title" : "Personal coach",
					"description" : "A dedicated coach to help you through your journey in the program"
				},
				{
					"imgUrl" : "https://d1hny4jmju3rds.cloudfront.net/packages/check+again.png",
					"title" : "Tasks and Techniques",
					"description" : "Specific exercises tailored to help you come out of loneliness and feelings of emptiness"
				},
				{
					"imgUrl" : "https://d1hny4jmju3rds.cloudfront.net/packages/Chat.png",
					"title" : "Text Chat Sessions",
					"description" : "You will also be able to engage in text based online chat sessions with your coach "
				}
			],
			"reccomendedTime" : "3 weeks",
			"metaData" : {

				"title" : "Counselling Program to Help you Beat Lonliness | YourDOST",
				"url" : "https://yourdost.com/packages/lonliness-remover",
				"description" : "Personalised lonliness counselling program under a licensed therapist. Know what makes you feel lonley & ways to overcome that feeling & stay motivated."
			},
			"name" : "Overcome Loneliness"
		}
}