{
	"marriage-adjustments":
		{

			"title" : ["Post-Marriage ", "Counseling ?"],
			"keyPoints" : ["Unable to adjust to married life", "Having Issues with spouse / in-laws", "Not able to spend quality time with your spouse"],
			"description" : "",
			"keyOutcomes" : ["Identify causes of discontent","Build support systems and coping mechanism","Retain your individuality in the relationship"],
			"bgImg":"http://res.cloudinary.com/http-yourdost-com/image/upload/v1473663922/adjustments_ltaj2x.jpg",
			"amount" : "1000",
			"duration" : "week",
			"provenOutcome" : [
				{
					"imgUrl" : "https://d1hny4jmju3rds.cloudfront.net/packages/Human.png",
					"title" : "Identify the causes for maladjustment",
					"description" : "You will be able to identify the specific reasons and areas that are leading to your discontent with married life. "
				},
				{
					"imgUrl" : "https://d1hny4jmju3rds.cloudfront.net/packages/Human.png",
					"title" : "Cope with the triggers and conquer them",
					"description" : "Your coach will help you learn ways to deal with the causes of discontent, which you can use even after the program ends "
				},
				{
					"imgUrl" : "https://d1hny4jmju3rds.cloudfront.net/packages/Human.png",
					"title" : "Identify support systems",
					"description" : "You will be able to rely on these support systems to help you with coping whenever things get touch, even after this program is over"
				},
				{
					"imgUrl" : "https://d1hny4jmju3rds.cloudfront.net/packages/Human.png",
					"title" : "Retain your individuality in the marriage",
					"description" : "Learn effective strategies to retain your individuality while being able to balance togetherness in your relationship"
				}
			],
			"whatyouGet" : [

				{
					"imgUrl" : "https://d1hny4jmju3rds.cloudfront.net/packages/Chat.png",
					"title" : "1 FREE Chat Session",
					"description" : "Start with a free text based chat session online - understand your program and work towards identifying the cause of your discontent"
				},
				{
					"imgUrl" : "https://d1hny4jmju3rds.cloudfront.net/packages/Human_1.png",
					"title" : "Personal Coach",
					"description" : "A dedicated coach to help you through your journey in the program"
				},
				{
					"imgUrl" : "https://d1hny4jmju3rds.cloudfront.net/packages/check+again.png",
					"title" : "Assessments",
					"description" : "Your coach will use specific assessment tools to be able to understand your root causes better."
				},
				{
					"imgUrl" : "https://d1hny4jmju3rds.cloudfront.net/packages/Pad.png",
					"title" : "Worksheets / Tasks",
					"description" : "Specific exercises tailored to you to help you gain from the program"
				},
				{
					"imgUrl" : "https://d1hny4jmju3rds.cloudfront.net/packages/Chat.png",
					"title" : "Text Chat Sessions",
					"description" : "You will also be able to engage in text based online chat sessions with your coach"
				},
				{
					"imgUrl" : "https://d1hny4jmju3rds.cloudfront.net/packages/Human_1.png",
					"title" : "Legal guidance",
					"description" : "If necessary, legal advice to understand the implications of divorce will be provided"
				}
			],
			"reccomendedTime" : "5 weeks",
			"metaData" : {

				"title" : "Post Marital Counselling Program | YourDOST",
				"url" : "https://yourdost.com/packages/marriage-adjustments",
				"description" : "Couples therapy program with a dedicated licensed therapist to help married couples or individuals with postmarital problems & tips to lead a happy marriage life."
			},
			"name" : "Post Marriage Counseling"
		}
}