{


	"packages" : [
		{
		"title" : ["confidence", "building ?"],
		"imageUrl" : "https://d1hny4jmju3rds.cloudfront.net/selfHelpHolderPage/innate_nature/innate-2.png",
		"description" : "this is a sample card",
		"url" : "/packages/confidence-building",
		"keypoints" : ["I feel anxious to address a gathering","I feel self conscious most of the time","I seek constant assurance from others" ]
		},
		{
		"title" : ["lost", "someone ?"],
		"imageUrl" : "https://d1hny4jmju3rds.cloudfront.net/selfHelpHolderPage/innate_nature/innate-2.png",
		"description" : "this is a sample card",
		"url" : "/packages/loast-someone",
		"keypoints" : ["Lost someone very dear to you.", "Overwhelming feelings of sadness and anger" ,"Do you find yourself detached from others ? " ]
		},
		{
		"title" : ["exam", "preperation ?"],
		"imageUrl" : "https://d1hny4jmju3rds.cloudfront.net/selfHelpHolderPage/innate_nature/innate-2.png",
		"description" : "this is a sample card",
		"url" : "/packages/exam-preperation",
		"keypoints" : ["first point","second point","third point" ]
		},
		{
		"title" : ["lonliness", "remover ?"],
		"imageUrl" : "https://d1hny4jmju3rds.cloudfront.net/selfHelpHolderPage/innate_nature/innate-2.png",
		"description" : "this is a sample card",
		"url" : "/packages/lonliness-remover",
		"keypoints" : ["I dont have many friends","I often find myself daydreaming of having an active social life","I constantly feel empty and worthless" ]
		},
		{
		"title" : ["career", "decision making ?"],
		"imageUrl" : "https://d1hny4jmju3rds.cloudfront.net/selfHelpHolderPage/innate_nature/innate-2.png",
		"description" : "this is a sample card",
		"url" : "/packages/career-decision-making",
		"keypoints" : ["Confused about which career to pick?","Do I have an aptitude to be an Engineer?","Looking for a Career shift?" ]
		},
		{
		"title" : ["marriage", "adjustments ?"],
		"imageUrl" : "https://d1hny4jmju3rds.cloudfront.net/selfHelpHolderPage/innate_nature/innate-2.png",
		"description" : "this is a sample card",
		"url" : "/packages/marriage-adjustments",
		"keypoints" : ["Adjustment issues with spouse","Adjustment issues with in-laws","Not able to spend quality  time with spouse" ]

		}
	]
}