{
	"faqs" : [
		{
			"question" : "I purchased the package, but I changed my mind. Can I get my money back ?",
			"answer" : "We offer a 30-day money back guarantee. If, during the course of the 30 days since your purchase or the completion of package (whichever is shorter), you are not satisfied with the package or just changed your mind, we will refund your fees in full. "
		},
		{
			"question" : "How do I get my refund ?",
			"answer" : "Please email us at customersupport@yourdost.com from your registered email ID and let us know. Our customer support team will coordinate with you and arrange for the refund at the earliest."
		},
		{
			"question" : "Why should I purchase a package, why should I not contact an expert directly and take it from there ?",
			"answer" : "You can indeed directly get in touch with any YourDOST expert if you like. However, these packages are designed to cater to the specific concern areas, with experts who are trained in the specific problem area, and are bundled in a manner to make them more convenient and economincal to you. Also, as part of the package promise, you get a dedicated expert (your personal coach) who will proactively follow up with you to help you work through your program."
		},
		{
			"question" : "The duration stated in the package is not suitable for me. Should I consider the package at all ?",
			"answer" : "That's not a problem! The periods stated on our package details are only recommended durations. If for any reason, you feel that you may not be available for the recommended period, you can always discuss with your coach and work out an appropriate duration / timeline. If you still feel that this is not working out for you, you can cancel your purchase within 30 days and get a full refund"
		},
		{
			"question" : "I would like to purchase a package. What happens after I purchase ?",
			"answer" : "Don't worry. As soon as your purchase is successful, on the page where we confirm your transaction, you will be shown a detailed program schedule from your coach, so you get a better sense of the program schedule. You can even immediately book your first session with your coach. Meanwhile, your coach will also email you to welcome you to the program. You can coordinate with the coach on the next steps. "
		},
		{
			"question" : "These packages don't seem to address the concern that I have. But I want a program to help me overcome the concern specific to me. Can anything be done ?",
			"answer" : "Sure! We can work on this together by creating a custom package. To do so, please go to the Packages, and select 'Need a Custom Package' towards the bottom of the page, and answer a few questions to help understand your particular need. Our team will come back to you and coordinate with you on a suitable package"
		}
	]
}