{
	"confidence-building":
		{
			"counselor" :{

				"id" : "1912",
				"name" : "Swekriti",
				"designation" : "Counselling Psycholigist",
				"rating" : "4",
				"description" : "I believes in the power of communication and that everyone has the ability to change. I want to help people vent out their worries and wish to make a difference in the lives of people",
				"imageUrl" : "https://d1hny4jmju3rds.cloudfront.net/cloudinary/swekriti.jpg"
			},
			"schedule" :
						{
							"Week" : 
								[{
									"title" : "Week 1",
									"schedule" :[ 
										{
											"icon" : "message-reply-text",
											"content" : { "header" :"1st Chat Session",
														  "description" : "Introduction with the coach, rapport building, identifying worries and information gathering."
														},
											"time" : "50 mins"
										},
										{

											"icon" : "comment-multiple-outline",
											"content" : { "header" :"Assesment",
														  "description" : "A tool aiming to evaluate current levels of self-esteem."
														},
											"time" : "30 mins"
										},
										{

											"icon" : "phone",
											"content" : { "header" :"Voice Session",
														  "description" : "Interpretation of results on assessment and identifying triggers."
														},
											"time" : "50 mins"
										}
									]
								},
								{
									"title" : "Week 2",
									"schedule" :[ 
										{
											"icon" : "message-reply-text",
											"content" : { "header" :"Chat Session",
														  "description" : "Discussing triggers and causes, and identifying closure to triggers."
														},
											"time" : "50 mins"
										},
										{

											"icon" : "comment-multiple-outline",
											"content" : { "header" :"Activity",
														  "description" : "Aimed at improving mindfulness (to be practiced on a daily basis)."
														},
											"time" : "30 mins"
										},
										{

											"icon" : "message-reply-text",
											"content" : { "header" :"Chat Session",
														  "description" : "More on triggers (if required) and goal setting."
														},
											"time" : "50 mins"
										}
									]
								},
								{
									"title" : "Week 3",
									"schedule" :[ 
										{
											"icon" : "message-reply-text",
											"content" : { "header" :"Chat Session",
														  "description" : "Focus on tasks and techniques."
														},
											"time" : "50 mins"
										},
										{

											"icon" : "comment-multiple-outline",
											"content" : { "header" :"Follow Up Message/Mail",
														  "description" : "Psychoeducation and reading material."
														},
											"time" : "NA"
										},
										{

											"icon" : "phone",
											"content" : { "header" :"Voice Session",
														  "description" : "A dose of motivation."
														},
											"time" : "50 mins"
										}
									]
								},
								{
									"title" : "Week 4",
									"schedule" :[ 
										{
											"icon" : "message-reply-text",
											"content" : { "header" :"Chat Session",
														  "description" : "Summary, evaluation of tasks and techniques and obstacles"
														},
											"time" : "50 mins"
										},
										{

											"icon" : "comment-multiple-outline",
											"content" : { "header" :"Mail",
														  "description" : "Follow up activites ."
														},
											"time" : "30 min"
										},
										{

											"icon" : "phone",
											"content" : { "header" :"Voice Session",
														  "description" : "Wrap up session."
														},
											"time" : "50 mins"
										}
									]
								}]
						}
		},
	"grief-therapy":
		{
			"counselor" :{

				"id" : "40887",
				"name" : "Gayathri",
				"designation" : "Psychologist",
				"rating" : "4",
				"description" : "I want to help people and make them understand the importance of Mental wellness and help them break the associated stigmas to it.",
				"imageUrl" : "https://d1hny4jmju3rds.cloudfront.net/cloudinary/gayathri.jpg"
			},
			"schedule" :
						{
							"Week" : 
								[{
									"title" : "Week 1",
									"schedule" :[ 
										{
											"icon" : "phone",
											"content" : { "header" :"Voice Session",
														  "description" : "Introduction with the coach, rapport building, identifying worries and information gathering."
														},
											"time" : "50 mins"
										},
										{

											"icon" : "comment-multiple-outline",
											"content" : { "header" :"Assessment Activity",
														  "description" : "Feeling Wheel to identify emotions."
														},
											"time" : "30 mins"
										},
										{

											"icon" : "phone",
											"content" : { "header" :"Voice Call",
														  "description" : "Interpretation of results on assessment."
														},
											"time" : "50 mins"
										}
									]
								},
								{
									"title" : "Week 2",
									"schedule" :[ 
										{
											"icon" : "message-reply-text",
											"content" : { "header" :"Chat Session",
														  "description" : "Importance of mourning."
														},
											"time" : "50 mins"
										},
										{

											"icon" : "comment-multiple-outline",
											"content" : { "header" :"Activity",
														  "description" : "Coping with grief and self care."
														},
											"time" : "3 days"
										},
										{

											"icon" : "message-reply-text",
											"content" : { "header" :"Chat Session",
														  "description" : " Follow up, and evaluation of emotional state."
														},
											"time" : "50 mins"
										}
									]
								},
								{
									"title" : "Week 3",
									"schedule" :[ 
										{
											"icon" : "message-reply-text",
											"content" : { "header" :"Psychoeducation",
														  "description" : " Resources offered to help empower you to deal with issues in the most optimal way."
														},
											"time" : "2 days"
										},
										{

											"icon" : "phone",
											"content" : { "header" :"Voice Call",
														  "description" : "Sharing and coping with bereavement activities."
														},
											"time" : "50 mins"
										},
										{

											"icon" : "message-reply-text",
											"content" : { "header" :"Chat Session",
														  "description" : "Follow up, and evaluation of emotional state"
														},
											"time" : "3 days"
										}
									]
								},
								{
									"title" : "Week 4",
									"schedule" :[ 
										{
											"icon" : "phone",
											"content" : { "header" :"Voice Session",
														  "description" : "Sharing and followup on activity."
														},
											"time" : "50 mins"
										},
										{

											"icon" : "comment-multiple-outline",
											"content" : { "header" :"Psychoeducation",
														  "description" : "Resources offered to help empower you to deal with issues in the most optimal way."
														},
											"time" : "50 mins"
										}
									]
								},
								{
									"title" : "Week 5",
									"schedule" :[ 
										{
											"icon" : "message-reply-text",
											"content" : { "header" :"Chat Session",
														  "description" : "Follow up and evaluation of emotional state."
														},
											"time" : "50 mins"
										},
										{

											"icon" : "comment-multiple-outline",
											"content" : { "header" :"Activity",
														  "description" : "Additional activities to learn to cope with and let go of emotional baggage."
														},
											"time" : "3 days"
										},
										{

											"icon" : "message-reply-text",
											"content" : { "header" :"Chat Session",
														  "description" : "Follow up."
														},
											"time" : "50 mins"
										}
									]
								},
								{
									"title" : "Week 6",
									"schedule" :[ 
										{
											"icon" : "message-reply-text",
											"content" : { "header" :"Chat Session",
														  "description" : "Follow up and evaluation of emotional state."
														},
											"time" : "50 mins"
										}
									]
								}]
						}
		},
	"exam-preperation":
		{
			"counselor" :{

				"id" : "13018",
				"name" : "Sushma",
				"designation" : "Psychologist",
				"rating" : "4",
				"description" : " I worked as a facilitator and trained children for the development of Higher Order Thinking Skills. During her internship in All India Institute of Speech and Hearing at Mysore",
				"imageUrl" : "https://d1hny4jmju3rds.cloudfront.net/cloudinary/sushma.jpg"
			},
			"schedule" :
						{
							"Week" : 
								[{
									"title" : "Week 1",
									"schedule" :[ 
										{
											"icon" : "message-reply-text",
											"content" : { "header" :"Chat Session",
														  "description" : "Introduction with the coach, rapport building, identifying worries and information gathering."
														},
											"time" : "50 mins"
										},
										{

											"icon" : "comment-multiple-outline",
											"content" : { "header" :"Assesments",
														  "description" : "A tool designed to measure study skills."
														},
											"time" : "30 mins"
										},
										{

											"icon" : "phone",
											"content" : { "header" :"Voice Session",
														  "description" : "Interpretation of results on assessment and identifying triggers."
														},
											"time" : "50 mins"
										}
									]
								},
								{
									"title" : "Week 2",
									"schedule" :[ 
										{
											"icon" : "message-reply-text",
											"content" : { "header" :"Chat Session",
														  "description" : " For goal setting."
														},
											"time" : "50 mins"
										},
										{

											"icon" : "comment-multiple-outline",
											"content" : { "header" :"Activity",
														  "description" : "Aimed at improving mindfulness (to be practiced on a daily basis)."
														},
											"time" : "30 mins"
										},
										{

											"icon" : "message-reply-text",
											"content" : { "header" :"Chat Session",
														  "description" : "Identifying Roadblocks."
														},
											"time" : "50 mins"
										}
									]
								},
								{
									"title" : "Week 3",
									"schedule" :[ 
										{
											"icon" : "message-reply-text",
											"content" : { "header" :"Psychoeducation and reading material",
														  "description" : ""
														},
											"time" : "NA"
										},
										{

											"icon" : "comment-multiple-outline",
											"content" : { "header" :"Follow Up Message/Mail",
														  "description" : "Weekly dose of motivation."
														},
											"time" : "NA"
										},
										{

											"icon" : "message-reply-text",
											"content" : { "header" :"Chat Session",
														  "description" : "Wrap up session."
														},
											"time" : "50 mins"
										}
									]
								}]
						}
		},
	"lonliness-remover":
		{
			"counselor" :{

				"id" : "40887",
				"name" : "Gayathri",
				"designation" : "Psychologist",
				"rating" : "4",
				"description" : "I want to help people and make them understand the importance of Mental wellness and help them break the associated stigmas to it.",
				"imageUrl" : "https://d1hny4jmju3rds.cloudfront.net/cloudinary/gayathri.jpg"
			},
			"schedule" :
						{
							"Week" : 
								[{
									"title" : "Week 1",
									"schedule" :[ 
										{
											"icon" : "message-reply-text",
											"content" : { "header" :"1st Chat Session",
														  "description" : "Introduction with the coach, rapport building, identifying worries and information gathering."
														},
											"time" : "50 mins"
										},
										{

											"icon" : "comment-multiple-outline",
											"content" : { "header" :"Assesment",
														  "description" : "A tool aiming to evaluate current levels of self-esteem."
														},
											"time" : "30 mins"
										},
										{

											"icon" : "phone",
											"content" : { "header" :"Activity",
														  "description" : " To understand you better."
														},
											"time" : "2 days"
										}
									]
								},
								{
									"title" : "Week 2",
									"schedule" :[ 
										{
											"icon" : "message-reply-text",
											"content" : { "header" :"Chat Session",
														  "description" : "Task and techniques."
														},
											"time" : "50 mins"
										},
										{

											"icon" : "comment-multiple-outline",
											"content" : { "header" :"Follow up message/mail",
														  "description" : "Weekly dose of motivation."
														},
											"time" : "30 mins"
										},
										{

											"icon" : "message-reply-text",
											"content" : { "header" :"Psychoeducation and reading material",
														  "description" : ""
														},
											"time" : "NA"
										}
									]
								},
								{
									"title" : "Week 3",
									"schedule" :[ 
										{
											"icon" : "message-reply-text",
											"content" : { "header" :"Chat Session",
														  "description" : "Summary, evaluation of tasks and techniques and obstacles."
														},
											"time" : "50 mins"
										},
										{

											"icon" : "comment-multiple-outline",
											"content" : { "header" :"Psychoeducation",
														  "description" : ""
														},
											"time" : "NA"
										},
										{

											"icon" : "message-reply-text",
											"content" : { "header" :"Chat Session",
														  "description" : " Wrap up session."
														},
											"time" : "50-60 mins"
										}
									]
								}]
						}
		},
	"career-decision-making":
		{
			"counselor" :{

				"id" : "13018",
				"name" : "Sushma",
				"designation" : "Psychologist",
				"rating" : "4",
				"description" : " I worked as a facilitator and trained children for the development of Higher Order Thinking Skills. During her internship in All India Institute of Speech and Hearing at Mysore",
				"imageUrl" : "https://d1hny4jmju3rds.cloudfront.net/cloudinary/sushma.jpg"
			},
			"schedule" :
						{
							"Week" : 
								[{
									"title" : "Week 1",
									"schedule" :[ 
										{
											"icon" : "message-reply-text",
											"content" : { "header" :"Chat Session",
														  "description" : "Introduction with the coach, rapport building, identifying worries and information gathering."
														},
											"time" : "50 mins"
										},
										{

											"icon" : "comment-multiple-outline",
											"content" : { "header" :"Assesment",
														  "description" : "A tool aimed to assess Interests and abilities."
														},
											"time" : "2 days"
										},
										{

											"icon" : "phone",
											"content" : { "header" :"Results",
														  "description" : "Results and Related activities."
														},
											"time" : "3 days"
										}
									]
								},
								{
									"title" : "Week 2",
									"schedule" :[ 
										{
											"icon" : "phone",
											"content" : { "header" :"Voice Session",
														  "description" : "Interpretation of results on assessment."
														},
											"time" : "50 mins"
										},
										{

											"icon" : "comment-multiple-outline",
											"content" : { "header" :"Activities and Tasks",
														  "description" : "to explore more about interests and Job profiles."
														},
											"time" : "2 days"
										},
										{

											"icon" : "message-reply-text",
											"content" : { "header" :"Chat Session",
														  "description" : "Wrapping up."
														},
											"time" : "50 mins"
										}
									]
								}
								]
						}
		},
	"premarital-counseling":
		{
			"counselor" :{

				"id" : "13018",
				"name" : "Sushma",
				"designation" : "Psychologist",
				"rating" : "4",
				"description" : " I worked as a facilitator and trained children for the development of Higher Order Thinking Skills. During her internship in All India Institute of Speech and Hearing at Mysore",
				"imageUrl" : "https://d1hny4jmju3rds.cloudfront.net/cloudinary/sushma.jpg"
			},
			"schedule" :
						{
							"Week" : 
								[{
									"title" : "Week 1",
									"schedule" :[ 
										{
											"icon" : "message-reply-text",
											"content" : { "header" :"Chat Session",
														  "description" : "Introduction with the coach, rapport building, identifying worries and information gathering."
														},
											"time" : "50 mins"
										},
										{

											"icon" : "message-reply-text",
											"content" : { "header" :"Chat session with you",
														  "description" : "To explore anxiety and apprehension regarding the upcoming marriage."
														},
											"time" : "50 mins"
										},
										{

											"icon" : "message-reply-text",
											"content" : { "header" :"Chat session with your partner",
														  "description" : "To explore anxiety and apprehension regarding the upcoming marriage."
														},
											"time" : "60-90 mins"
										}
									]
								},
								{
									"title" : "Week 2",
									"schedule" :[ 
										{
											"icon" : "comment-multiple-outline",
											"content" : { "header" :"First Activity",
														  "description" : ""
														},
											"time" : "2 days"
										},
										{

											"icon" : "comment-multiple-outline",
											"content" : { "header" :"Voice conference session with both parties",
														  "description" : ""
														},
											"time" : "60-90 mins"
										},
										{

											"icon" : "message-reply-text",
											"content" : { "header" :"Second Activity",
														  "description" : ""
														},
											"time" : "2 days"
										}
									]
								},
								{
									"title" : "Week 3",
									"schedule" :[ 
										{
											"icon" : "message-reply-text",
											"content" : { "header" :"Chat Session",
														  "description" : "Follow up"
														},
											"time" : "50 mins"
										},
										{

											"icon" : "comment-multiple-outline",
											"content" : { "header" :"Psychoeducation",
														  "description" : ""
														},
											"time" : "3 days"
										},
										{

											"icon" : "message-reply-text",
											"content" : { "header" :"Voice conference call with both parties",
														  "description" : ""
														},
											"time" : "60-90 mins"
										}
									]
								}]
						}
		},
	"marriage-adjustments":
		{
			"counselor" :{

				"id" : "1912",
				"name" : "Swekriti",
				"designation" : "Counselling Psycholigist",
				"rating" : "4",
				"description" : "I believes in the power of communication and that everyone has the ability to change. I want to help people vent out their worries and wish to make a difference in the lives of people",
				"imageUrl" : "https://d1hny4jmju3rds.cloudfront.net/cloudinary/swekriti.jpg"
			},
			"schedule" :
						{
							"Week" : 
								[{
									"title" : "Week 1",
									"schedule" :[ 
										{
											"icon" : "message-reply-text",
											"content" : { "header" :"Chat Session",
														  "description" : "Introduction with the coach, rapport building, identifying worries and information gathering."
														},
											"time" : "50 mins"
										},
										{

											"icon" : "comment-multiple-outline",
											"content" : { "header" :"Assesment",
														  "description" : "Informal assessment to measure issues presented, such as adjustment, communication styles."
														},
											"time" : "2 days"
										},
										{

											"icon" : "message-reply-text",
											"content" : { "header" :"Chat Session",
														  "description" : "Evaluation and interpretation of assessment."
														},
											"time" : "50-60 mins"
										}
									]
								},
								{
									"title" : "Week 2",
									"schedule" :[ 
										{
											"icon" : "message-reply-text",
											"content" : { "header" :"Consultation with Sexpert",
														  "description" : "To deal with and explore issues with intimacy- with both partners."
														},
											"time" : "50 mins"
										},
										{

											"icon" : "message-reply-text",
											"content" : { "header" :"Chat Session (With spouse if required)",
														  "description" : "If spouse isnt ready for counselling, psycho-educative resources will be shared."
														},
											"time" : "50-60 mins"
										},
										{

											"icon" : "message-reply-text",
											"content" : { "header" :"Psychoeducation",
														  "description" : "Resources specific to your issue will be shared."
														},
											"time" : "2 days"
										}
									]
								},
								{
									"title" : "Week 3 (OPTIONAL- Only if the spouse requires guidance. Else we will bring next Week's schedule forward)",
									"schedule" :[ 
										{
											"icon" : "message-reply-text",
											"content" : { "header" :"Chat Session",
														  "description" : "Information gathering and venting."
														},
											"time" : "50 mins"
										},
										{

											"icon" : "message-reply-text",
											"content" : { "header" :"Chat Session",
														  "description" : "Friction triggers and the road ahead."
														},
											"time" : "50 mins"
										},
										{

											"icon" : "phone",
											"content" : { "header" :"Psychoeducation",
														  "description" : "Issue specific resources will be provided."
														},
											"time" : "50 mins"
										},
										{

											"icon" : "phone",
											"content" : { "header" :"Activity",
														  "description" : " Activity aimed at getting better insights."
														},
											"time" : "50 mins"
										}

									]
								},
								{
									"title" : "Week 4",
									"schedule" :[ 
										{
											"icon" : "message-reply-text",
											"content" : { "header" :"Chat Session",
														  "description" : "Review of reading resources and setting goals for activities."
														},
											"time" : "1 day"
										},
										{

											"icon" : "comment-multiple-outline",
											"content" : { "header" :"Activity",
														  "description" : "Skill building."
														},
											"time" : "30 min"
										},
										{

											"icon" : "phone",
											"content" : { "header" :"Email",
														  "description" : "With tasks and techniques."
														},
											"time" : "50 mins"
										}
									]
								},
								{
									"title" : "Week 5",
									"schedule" :[ 
										{
											"icon" : "message-reply-text",
											"content" : { "header" :"Chat Session",
														  "description" : "Follow up for tasks and techniques."
														},
											"time" : "50 mins"
										},
										{

											"icon" : "comment-multiple-outline",
											"content" : { "header" :"Couple Activities",
														  "description" : ""
														},
											"time" : "4 days"
										},
										{

											"icon" : "phone",
											"content" : { "header" :"Legal Guidance",
														  "description" : "If required, advice around legal recourses will be provided."
														},
											"time" : "50-60 mins"
										},
										{

											"icon" : "message-reply-text",
											"content" : { "header" :"Chat Session",
														  "description" : "Wrap Up."
														},
											"time" : "50 mins"
										}
									]
								}]
						}
		}
}