{
	"premarital-counseling":
		{

			"title" : ["Pre-Marital", "Counseling ?"],
			"keyPoints" : ["Getting cold feet about your upcoming wedding", "Getting bad dreams about marriage", "Feeling like you are making a mistake"],
			"description" : "",
			"keyOutcomes" : ["Resolve concerns related to new life","Know and resolve wedding-related anxieties","Learn techniques to cope with jitters"],
			"bgImg":"http://res.cloudinary.com/http-yourdost-com/image/upload/v1473663923/butterflies_cspuiv.jpg",
			"amount" : "1000",
			"duration" : "week",
			"provenOutcome" : [
				{
					"imgUrl" : "https://d1hny4jmju3rds.cloudfront.net/packages/Human.png",
					"title" : "Identify the basis for anxiety ",
					"description" : "You will be able to identify the triggers that are specifically making you anxious about your upcoming wedding."
				},
				{
					"imgUrl" : "https://d1hny4jmju3rds.cloudfront.net/packages/Human.png",
					"title" : "Cope with the anxiety triggers",
					"description" : "Your coach will work with you to deal with these specific triggers so you can cope with them."
				},
				{
					"imgUrl" : "https://d1hny4jmju3rds.cloudfront.net/packages/Human.png",
					"title" : "Be prepared for the new life",
					"description" : "Your coach will work with you and gear you up to be ready to face your new life and the new responsibilities."
				}
			],
			"whatyouGet" : [

				{
					"imgUrl" : "https://d1hny4jmju3rds.cloudfront.net/packages/Chat.png",
					"title" : "1 FREE Chat Session",
					"description" : "Start with a free text based chat session online - understand your program and work towards identifying the cause of your discontent"
				},
				{
					"imgUrl" : "https://d1hny4jmju3rds.cloudfront.net/packages/Human+(1).png",
					"title" : "Personal Coach",
					"description" : "A dedicated coach to help you through your journey in the program"
				},
				{
					"imgUrl" : "https://d1hny4jmju3rds.cloudfront.net/packages/Call.png",
					"title" : "Voice Call Sessions",
					"description" : "Converse with your coach through voice calls and work through your queries."
				},
				{
					"imgUrl" : "https://d1hny4jmju3rds.cloudfront.net/packages/Pad.png",
					"title" : "Worksheets / Tasks",
					"description" : "Specific exercises tailored to you to help you gain from the program"
				},
				{
					"imgUrl" : "https://d1hny4jmju3rds.cloudfront.net/packages/Chat.png",
					"title" : "Text Chat Sessions",
					"description" : "You will also be able to engage in text based online chat sessions with your coach"
				}
			],
			"reccomendedTime" : "5 weeks",
			"metaData" : {

				"title" : "Pre Marital Counselling Program | YourDOST",
				"url" : "https://yourdost.com/packages/premarital-counseling",
				"description" : "Customised program with a dedicated coach to help you with all premarital issues. Program includes chat & voice call sessions with licensed therapist."
			},
			"name" : "Pre Marital Counseling"
		}
}